date,store_id,store_name,region,category_id,category_name,sales_qty,unit_price,is_promo,is_holiday,day_of_week,inventory_end,staff_hours
2023-01-01,S01,台北信義店,北區,C01,飲料,203,40.6,0,1,6,478,11.1
2023-01-02,S01,台北信義店,北區,C01,飲料,93,46.1,0,0,0,313,6.2
2023-01-03,S01,台北信義店,北區,C01,飲料,128,47.8,0,0,1,333,7.4
2023-01-04,S01,台北信義店,北區,C01,飲料,140,49.8,0,0,2,367,7.4
2023-01-05,S01,台北信義店,北區,C01,飲料,128,43.1,0,0,3,426,7.3
2023-01-06,S01,台北信義店,北區,C01,飲料,115,47.0,0,0,4,376,6.1
2023-01-07,S01,台北信義店,北區,C01,飲料,209,43.9,0,1,5,617,10.4
2023-01-08,S01,台北信義店,北區,C01,飲料,199,45.4,0,1,6,328,11.4
2023-01-09,S01,台北信義店,北區,C01,飲料,104,42.1,0,0,0,240,6.4
2023-01-10,S01,台北信義店,北區,C01,飲料,109,46.4,0,0,1,186,6.1
2023-01-11,S01,台北信義店,北區,C01,飲料,120,43.9,0,0,2,306,6.8
2023-01-12,S01,台北信義店,北區,C01,飲料,96,41.2,0,0,3,333,6.2
2023-01-13,S01,台北信義店,北區,C01,飲料,137,44.2,0,0,4,250,7.8
2023-01-14,S01,台北信義店,北區,C01,飲料,178,46.0,0,1,5,554,10.6
2023-01-15,S01,台北信義店,北區,C01,飲料,192,48.6,0,1,6,330,11.2
2023-01-16,S01,台北信義店,北區,C01,飲料,102,48.3,0,0,0,284,6.9
2023-01-17,S01,台北信義店,北區,C01,飲料,178,35.4,1,0,1,474,8.7
2023-01-18,S01,台北信義店,北區,C01,飲料,111,40.2,0,0,2,283,7.3
2023-01-19,S01,台北信義店,北區,C01,飲料,116,44.6,0,0,3,260,7.8
2023-01-20,S01,台北信義店,北區,C01,飲料,141,47.2,0,0,4,398,7.1
2023-01-21,S01,台北信義店,北區,C01,飲料,224,43.0,0,1,5,467,11.8
2023-01-22,S01,台北信義店,北區,C01,飲料,288,35.9,1,1,6,757,13.3
2023-01-23,S01,台北信義店,北區,C01,飲料,89,47.5,0,0,0,313,7.1
2023-01-24,S01,台北信義店,北區,C01,飲料,99,44.6,0,0,1,233,6.3
2023-01-25,S01,台北信義店,北區,C01,飲料,90,44.6,0,0,2,241,5.6
2023-01-26,S01,台北信義店,北區,C01,飲料,125,44.2,0,0,3,240,6.9
2023-01-27,S01,台北信義店,北區,C01,飲料,120,47.3,0,0,4,334,6.5
2023-01-28,S01,台北信義店,北區,C01,飲料,202,45.5,0,1,5,641,11.7
2023-01-29,S01,台北信義店,北區,C01,飲料,171,43.5,0,1,6,584,10.0
2023-01-30,S01,台北信義店,北區,C01,飲料,103,47.5,0,0,0,219,6.0
2023-01-31,S01,台北信義店,北區,C01,飲料,93,51.5,0,0,1,307,6.2
2023-02-01,S01,台北信義店,北區,C01,飲料,101,46.0,0,0,2,174,6.6
2023-02-02,S01,台北信義店,北區,C01,飲料,176,39.2,1,0,3,461,8.0
2023-02-03,S01,台北信義店,北區,C01,飲料,182,38.1,1,0,4,305,9.1
2023-02-04,S01,台北信義店,北區,C01,飲料,253,39.2,1,1,5,892,12.5
2023-02-05,S01,台北信義店,北區,C01,飲料,177,44.3,0,1,6,576,10.3
2023-02-06,S01,台北信義店,北區,C01,飲料,97,45.7,0,0,0,202,6.9
2023-02-07,S01,台北信義店,北區,C01,飲料,132,44.9,0,0,1,468,7.9
2023-02-08,S01,台北信義店,北區,C01,飲料,119,48.9,0,0,2,345,7.5
2023-02-09,S01,台北信義店,北區,C01,飲料,137,46.8,0,0,3,260,7.8
2023-02-10,S01,台北信義店,北區,C01,飲料,132,44.8,0,0,4,467,6.7
2023-02-11,S01,台北信義店,北區,C01,飲料,248,38.8,1,1,5,651,12.4
2023-02-12,S01,台北信義店,北區,C01,飲料,212,40.4,0,1,6,377,11.7
2023-02-13,S01,台北信義店,北區,C01,飲料,105,46.8,0,0,0,229,6.6
2023-02-14,S01,台北信義店,北區,C01,飲料,140,45.9,0,0,1,430,7.1
2023-02-15,S01,台北信義店,北區,C01,飲料,102,46.9,0,0,2,205,6.3
2023-02-16,S01,台北信義店,北區,C01,飲料,169,40.8,1,0,3,425,8.5
2023-02-17,S01,台北信義店,北區,C01,飲料,136,41.8,0,0,4,492,7.5
2023-02-18,S01,台北信義店,北區,C01,飲料,272,38.7,1,1,5,925,12.7
2023-02-19,S01,台北信義店,北區,C01,飲料,263,39.8,1,1,6,857,12.9
2023-02-20,S01,台北信義店,北區,C01,飲料,117,45.4,0,0,0,224,7.6
2023-02-21,S01,台北信義店,北區,C01,飲料,105,43.1,0,0,1,238,7.5
2023-02-22,S01,台北信義店,北區,C01,飲料,125,45.9,0,0,2,389,6.8
2023-02-23,S01,台北信義店,北區,C01,飲料,122,42.6,0,0,3,344,7.7
2023-02-24,S01,台北信義店,北區,C01,飲料,156,41.7,0,0,4,299,8.1
2023-02-25,S01,台北信義店,北區,C01,飲料,187,49.7,0,1,5,462,10.7
2023-02-26,S01,台北信義店,北區,C01,飲料,180,43.1,0,1,6,301,11.5
2023-02-27,S01,台北信義店,北區,C01,飲料,117,42.8,0,0,0,351,6.8
2023-02-28,S01,台北信義店,北區,C01,飲料,172,42.4,0,1,1,531,10.6
2023-03-01,S01,台北信義店,北區,C01,飲料,131,44.6,0,0,2,349,7.6
2023-03-02,S01,台北信義店,北區,C01,飲料,116,45.8,0,0,3,257,6.7
2023-03-03,S01,台北信義店,北區,C01,飲料,135,41.6,0,0,4,239,7.1
2023-03-04,S01,台北信義店,北區,C01,飲料,180,46.0,0,1,5,430,10.5
2023-03-05,S01,台北信義店,北區,C01,飲料,199,45.8,0,1,6,707,10.5
2023-03-06,S01,台北信義店,北區,C01,飲料,124,44.6,0,0,0,394,7.9
2023-03-07,S01,台北信義店,北區,C01,飲料,137,42.9,0,0,1,302,8.0
2023-03-08,S01,台北信義店,北區,C01,飲料,122,43.2,0,0,2,360,7.0
2023-03-09,S01,台北信義店,北區,C01,飲料,192,36.3,1,0,3,494,9.8
2023-03-10,S01,台北信義店,北區,C01,飲料,139,44.3,0,0,4,364,7.0
2023-03-11,S01,台北信義店,北區,C01,飲料,225,45.8,0,1,5,442,11.3
2023-03-12,S01,台北信義店,北區,C01,飲料,218,45.4,0,1,6,654,10.7
2023-03-13,S01,台北信義店,北區,C01,飲料,96,47.8,0,0,0,271,7.2
2023-03-14,S01,台北信義店,北區,C01,飲料,136,45.6,0,0,1,251,7.2
2023-03-15,S01,台北信義店,北區,C01,飲料,132,46.8,0,0,2,433,7.0
2023-03-16,S01,台北信義店,北區,C01,飲料,132,46.2,0,0,3,225,7.4
2023-03-17,S01,台北信義店,北區,C01,飲料,169,46.0,0,0,4,286,9.0
2023-03-18,S01,台北信義店,北區,C01,飲料,223,45.1,0,1,5,531,12.3
2023-03-19,S01,台北信義店,北區,C01,飲料,217,39.6,0,1,6,600,11.3
2023-03-20,S01,台北信義店,北區,C01,飲料,98,42.5,0,0,0,335,6.5
2023-03-21,S01,台北信義店,北區,C01,飲料,144,44.7,0,0,1,508,7.5
2023-03-22,S01,台北信義店,北區,C01,飲料,120,42.5,0,0,2,358,6.8
2023-03-23,S01,台北信義店,北區,C01,飲料,137,45.0,0,0,3,281,7.7
2023-03-24,S01,台北信義店,北區,C01,飲料,159,39.2,0,0,4,339,8.1
2023-03-25,S01,台北信義店,北區,C01,飲料,223,45.9,0,1,5,553,12.2
2023-03-26,S01,台北信義店,北區,C01,飲料,227,44.0,0,1,6,654,11.8
2023-03-27,S01,台北信義店,北區,C01,飲料,150,47.1,0,0,0,314,7.3
2023-03-28,S01,台北信義店,北區,C01,飲料,110,47.5,0,0,1,193,6.3
2023-03-29,S01,台北信義店,北區,C01,飲料,142,44.5,0,0,2,477,7.4
2023-03-30,S01,台北信義店,北區,C01,飲料,135,41.5,0,0,3,298,6.2
2023-03-31,S01,台北信義店,北區,C01,飲料,156,42.9,0,0,4,263,8.1
2023-04-01,S01,台北信義店,北區,C01,飲料,211,46.2,0,1,5,420,10.5
2023-04-02,S01,台北信義店,北區,C01,飲料,209,47.3,0,1,6,340,12.1
2023-04-03,S01,台北信義店,北區,C01,飲料,145,44.2,0,0,0,379,8.5
2023-04-04,S01,台北信義店,北區,C01,飲料,187,42.9,0,1,1,384,11.0
2023-04-05,S01,台北信義店,北區,C01,飲料,252,38.9,1,1,2,771,13.2
2023-04-06,S01,台北信義店,北區,C01,飲料,149,45.6,0,0,3,452,7.8
2023-04-07,S01,台北信義店,北區,C01,飲料,169,44.9,0,0,4,570,7.7
2023-04-08,S01,台北信義店,北區,C01,飲料,250,43.3,0,1,5,812,12.7
2023-04-09,S01,台北信義店,北區,C01,飲料,211,47.3,0,1,6,505,11.9
2023-04-10,S01,台北信義店,北區,C01,飲料,133,44.7,0,0,0,355,7.0
2023-04-11,S01,台北信義店,北區,C01,飲料,148,44.1,0,0,1,302,7.1
2023-04-12,S01,台北信義店,北區,C01,飲料,171,40.8,0,0,2,516,8.5
2023-04-13,S01,台北信義店,北區,C01,飲料,166,42.5,0,0,3,309,9.1
2023-04-14,S01,台北信義店,北區,C01,飲料,227,41.9,1,0,4,541,11.3
2023-04-15,S01,台北信義店,北區,C01,飲料,248,43.4,0,1,5,489,12.3
2023-04-16,S01,台北信義店,北區,C01,飲料,263,45.8,0,1,6,535,12.5
2023-04-17,S01,台北信義店,北區,C01,飲料,128,43.4,0,0,0,331,7.3
2023-04-18,S01,台北信義店,北區,C01,飲料,143,46.6,0,0,1,305,7.5
2023-04-19,S01,台北信義店,北區,C01,飲料,185,45.5,0,0,2,407,7.4
2023-04-20,S01,台北信義店,北區,C01,飲料,159,43.1,0,0,3,314,7.6
2023-04-21,S01,台北信義店,北區,C01,飲料,169,46.1,0,0,4,542,7.9
2023-04-22,S01,台北信義店,北區,C01,飲料,218,44.5,0,1,5,427,11.7
2023-04-23,S01,台北信義店,北區,C01,飲料,258,47.2,0,1,6,687,11.5
2023-04-24,S01,台北信義店,北區,C01,飲料,164,43.0,0,0,0,426,8.3
2023-04-25,S01,台北信義店,北區,C01,飲料,160,45.2,0,0,1,431,8.0
2023-04-26,S01,台北信義店,北區,C01,飲料,256,39.9,1,0,2,643,10.2
2023-04-27,S01,台北信義店,北區,C01,飲料,169,38.4,0,0,3,327,7.6
2023-04-28,S01,台北信義店,北區,C01,飲料,267,40.9,1,0,4,852,10.7
2023-04-29,S01,台北信義店,北區,C01,飲料,266,44.8,0,1,5,486,12.6
2023-04-30,S01,台北信義店,北區,C01,飲料,268,46.4,0,1,6,768,12.9
2023-05-01,S01,台北信義店,北區,C01,飲料,190,41.6,0,1,0,313,10.9
2023-05-02,S01,台北信義店,北區,C01,飲料,171,46.4,0,0,1,609,8.9
2023-05-03,S01,台北信義店,北區,C01,飲料,174,45.8,0,0,2,426,8.0
2023-05-04,S01,台北信義店,北區,C01,飲料,152,46.4,0,0,3,451,8.0
2023-05-05,S01,台北信義店,北區,C01,飲料,184,48.2,0,0,4,542,8.5
2023-05-06,S01,台北信義店,北區,C01,飲料,283,46.4,0,1,5,740,12.9
2023-05-07,S01,台北信義店,北區,C01,飲料,296,45.1,0,1,6,698,13.6
2023-05-08,S01,台北信義店,北區,C01,飲料,166,45.0,0,0,0,547,8.6
2023-05-09,S01,台北信義店,北區,C01,飲料,158,45.2,0,0,1,544,8.2
2023-05-10,S01,台北信義店,北區,C01,飲料,170,44.5,0,0,2,357,8.5
2023-05-11,S01,台北信義店,北區,C01,飲料,163,46.0,0,0,3,541,8.0
2023-05-12,S01,台北信義店,北區,C01,飲料,205,46.0,0,0,4,373,8.3
2023-05-13,S01,台北信義店,北區,C01,飲料,268,45.5,0,1,5,948,12.6
2023-05-14,S01,台北信義店,北區,C01,飲料,286,45.1,0,1,6,928,13.0
2023-05-15,S01,台北信義店,北區,C01,飲料,162,45.0,0,0,0,586,8.8
2023-05-16,S01,台北信義店,北區,C01,飲料,171,47.2,0,0,1,296,7.7
2023-05-17,S01,台北信義店,北區,C01,飲料,202,41.9,0,0,2,624,8.5
2023-05-18,S01,台北信義店,北區,C01,飲料,191,45.2,0,0,3,505,9.0
2023-05-19,S01,台北信義店,北區,C01,飲料,299,36.8,1,0,4,960,11.4
2023-05-20,S01,台北信義店,北區,C01,飲料,317,43.0,0,1,5,752,14.0
2023-05-21,S01,台北信義店,北區,C01,飲料,271,44.8,0,1,6,542,12.8
2023-05-22,S01,台北信義店,北區,C01,飲料,231,39.2,1,0,0,555,9.9
2023-05-23,S01,台北信義店,北區,C01,飲料,187,46.6,0,0,1,619,8.1
2023-05-24,S01,台北信義店,北區,C01,飲料,184,44.4,0,0,2,609,8.4
2023-05-25,S01,台北信義店,北區,C01,飲料,251,36.1,1,0,3,768,9.9
2023-05-26,S01,台北信義店,北區,C01,飲料,213,45.8,0,0,4,630,9.3
2023-05-27,S01,台北信義店,北區,C01,飲料,305,44.3,0,1,5,769,13.5
2023-05-28,S01,台北信義店,北區,C01,飲料,400,41.9,1,1,6,785,15.3
2023-05-29,S01,台北信義店,北區,C01,飲料,146,45.9,0,0,0,339,8.8
2023-05-30,S01,台北信義店,北區,C01,飲料,163,47.0,0,0,1,290,7.2
2023-05-31,S01,台北信義店,北區,C01,飲料,219,42.3,0,0,2,582,9.0
2023-06-01,S01,台北信義店,北區,C01,飲料,220,46.6,0,0,3,419,8.9
2023-06-02,S01,台北信義店,北區,C01,飲料,205,39.9,0,0,4,382,9.4
2023-06-03,S01,台北信義店,北區,C01,飲料,422,40.7,1,1,5,1017,16.3
2023-06-04,S01,台北信義店,北區,C01,飲料,323,44.6,0,1,6,804,13.7
2023-06-05,S01,台北信義店,北區,C01,飲料,163,46.7,0,0,0,500,8.5
2023-06-06,S01,台北信義店,北區,C01,飲料,186,44.9,0,0,1,524,9.4
2023-06-07,S01,台北信義店,北區,C01,飲料,217,44.2,0,0,2,370,9.6
2023-06-08,S01,台北信義店,北區,C01,飲料,298,40.5,1,0,3,471,10.8
2023-06-09,S01,台北信義店,北區,C01,飲料,206,49.5,0,0,4,637,9.3
2023-06-10,S01,台北信義店,北區,C01,飲料,329,41.5,0,1,5,1080,14.5
2023-06-11,S01,台北信義店,北區,C01,飲料,306,44.4,0,1,6,555,13.3
2023-06-12,S01,台北信義店,北區,C01,飲料,198,46.3,0,0,0,506,8.6
2023-06-13,S01,台北信義店,北區,C01,飲料,209,44.9,0,0,1,543,9.2
2023-06-14,S01,台北信義店,北區,C01,飲料,216,40.8,0,0,2,382,10.8
2023-06-15,S01,台北信義店,北區,C01,飲料,190,43.2,0,0,3,694,8.9
2023-06-16,S01,台北信義店,北區,C01,飲料,246,47.1,0,0,4,802,11.1
2023-06-17,S01,台北信義店,北區,C01,飲料,348,44.2,0,1,5,856,13.8
2023-06-18,S01,台北信義店,北區,C01,飲料,310,44.1,0,1,6,1003,14.0
2023-06-19,S01,台北信義店,北區,C01,飲料,196,44.9,0,0,0,673,9.5
2023-06-20,S01,台北信義店,北區,C01,飲料,195,44.3,0,0,1,342,9.0
2023-06-21,S01,台北信義店,北區,C01,飲料,210,43.5,0,0,2,430,9.6
2023-06-22,S01,台北信義店,北區,C01,飲料,161,46.3,0,0,3,327,8.2
2023-06-23,S01,台北信義店,北區,C01,飲料,235,45.0,0,0,4,784,10.6
2023-06-24,S01,台北信義店,北區,C01,飲料,446,42.5,1,1,5,1375,17.3
2023-06-25,S01,台北信義店,北區,C01,飲料,350,45.4,0,1,6,1054,14.6
2023-06-26,S01,台北信義店,北區,C01,飲料,187,43.0,0,0,0,449,8.1
2023-06-27,S01,台北信義店,北區,C01,飲料,191,43.5,0,0,1,551,9.9
2023-06-28,S01,台北信義店,北區,C01,飲料,208,44.3,0,0,2,599,9.9
2023-06-29,S01,台北信義店,北區,C01,飲料,204,50.2,0,0,3,596,8.7
2023-06-30,S01,台北信義店,北區,C01,飲料,208,47.2,0,0,4,412,9.3
2023-07-01,S01,台北信義店,北區,C01,飲料,342,45.0,0,1,5,601,14.4
2023-07-02,S01,台北信義店,北區,C01,飲料,336,46.0,0,1,6,995,14.8
2023-07-03,S01,台北信義店,北區,C01,飲料,177,45.7,0,0,0,474,8.2
2023-07-04,S01,台北信義店,北區,C01,飲料,202,45.7,0,0,1,651,9.7
2023-07-05,S01,台北信義店,北區,C01,飲料,201,44.5,0,0,2,448,9.1
2023-07-06,S01,台北信義店,北區,C01,飲料,199,47.0,0,0,3,695,8.8
2023-07-07,S01,台北信義店,北區,C01,飲料,238,42.1,0,0,4,759,10.5
2023-07-08,S01,台北信義店,北區,C01,飲料,505,34.2,1,1,5,1329,19.6
2023-07-09,S01,台北信義店,北區,C01,飲料,368,46.7,0,1,6,867,15.9
2023-07-10,S01,台北信義店,北區,C01,飲料,202,41.0,0,0,0,398,8.8
2023-07-11,S01,台北信義店,北區,C01,飲料,228,41.9,0,0,1,731,9.5
2023-07-12,S01,台北信義店,北區,C01,飲料,218,43.2,0,0,2,768,9.8
2023-07-13,S01,台北信義店,北區,C01,飲料,219,45.1,0,0,3,707,9.5
2023-07-14,S01,台北信義店,北區,C01,飲料,199,40.0,0,0,4,637,8.9
2023-07-15,S01,台北信義店,北區,C01,飲料,325,39.7,0,1,5,812,14.0
2023-07-16,S01,台北信義店,北區,C01,飲料,335,45.9,0,1,6,681,14.3
2023-07-17,S01,台北信義店,北區,C01,飲料,270,40.7,1,0,0,582,10.6
2023-07-18,S01,台北信義店,北區,C01,飲料,197,45.6,0,0,1,690,10.4
2023-07-19,S01,台北信義店,北區,C01,飲料,167,45.7,0,0,2,537,8.3
2023-07-20,S01,台北信義店,北區,C01,飲料,216,39.7,0,0,3,471,9.5
2023-07-21,S01,台北信義店,北區,C01,飲料,274,45.6,0,0,4,910,10.1
2023-07-22,S01,台北信義店,北區,C01,飲料,329,39.6,0,1,5,851,14.1
2023-07-23,S01,台北信義店,北區,C01,飲料,321,43.9,0,1,6,829,14.2
2023-07-24,S01,台北信義店,北區,C01,飲料,201,46.7,0,0,0,714,9.1
2023-07-25,S01,台北信義店,北區,C01,飲料,204,45.6,0,0,1,688,9.0
2023-07-26,S01,台北信義店,北區,C01,飲料,209,47.2,0,0,2,420,9.0
2023-07-27,S01,台北信義店,北區,C01,飲料,207,43.6,0,0,3,498,8.9
2023-07-28,S01,台北信義店,北區,C01,飲料,256,44.7,0,0,4,516,10.2
2023-07-29,S01,台北信義店,北區,C01,飲料,322,41.1,0,1,5,854,13.8
2023-07-30,S01,台北信義店,北區,C01,飲料,322,47.3,0,1,6,875,13.5
2023-07-31,S01,台北信義店,北區,C01,飲料,173,43.7,0,0,0,303,8.0
2023-08-01,S01,台北信義店,北區,C01,飲料,181,47.5,0,0,1,572,8.5
2023-08-02,S01,台北信義店,北區,C01,飲料,228,44.5,0,0,2,574,9.3
2023-08-03,S01,台北信義店,北區,C01,飲料,185,44.1,0,0,3,547,8.3
2023-08-04,S01,台北信義店,北區,C01,飲料,214,43.9,0,0,4,464,9.9
2023-08-05,S01,台北信義店,北區,C01,飲料,336,48.8,0,1,5,986,14.1
2023-08-06,S01,台北信義店,北區,C01,飲料,508,36.2,1,1,6,1244,18.5
2023-08-07,S01,台北信義店,北區,C01,飲料,198,42.1,0,0,0,512,8.4
2023-08-08,S01,台北信義店,北區,C01,飲料,195,46.8,0,0,1,511,9.4
2023-08-09,S01,台北信義店,北區,C01,飲料,193,45.7,0,0,2,474,7.9
2023-08-10,S01,台北信義店,北區,C01,飲料,272,37.6,1,0,3,771,10.6
2023-08-11,S01,台北信義店,北區,C01,飲料,243,45.2,0,0,4,860,10.2
2023-08-12,S01,台北信義店,北區,C01,飲料,355,45.4,0,1,5,700,14.4
2023-08-13,S01,台北信義店,北區,C01,飲料,360,46.9,0,1,6,793,15.3
2023-08-14,S01,台北信義店,北區,C01,飲料,177,45.5,0,0,0,402,8.9
2023-08-15,S01,台北信義店,北區,C01,飲料,187,42.1,0,0,1,311,8.4
2023-08-16,S01,台北信義店,北區,C01,飲料,172,44.3,0,0,2,290,8.5
2023-08-17,S01,台北信義店,北區,C01,飲料,211,46.5,0,0,3,714,9.2
2023-08-18,S01,台北信義店,北區,C01,飲料,207,44.2,0,0,4,624,8.6
2023-08-19,S01,台北信義店,北區,C01,飲料,302,46.6,0,1,5,507,13.3
2023-08-20,S01,台北信義店,北區,C01,飲料,508,34.4,1,1,6,1608,19.2
2023-08-21,S01,台北信義店,北區,C01,飲料,175,42.4,0,0,0,443,8.2
2023-08-22,S01,台北信義店,北區,C01,飲料,241,43.8,0,0,1,851,9.6
2023-08-23,S01,台北信義店,北區,C01,飲料,188,46.2,0,0,2,464,8.5
2023-08-24,S01,台北信義店,北區,C01,飲料,229,42.5,0,0,3,591,9.4
2023-08-25,S01,台北信義店,北區,C01,飲料,203,46.9,0,0,4,713,8.4
2023-08-26,S01,台北信義店,北區,C01,飲料,338,44.9,0,1,5,1153,13.8
2023-08-27,S01,台北信義店,北區,C01,飲料,286,44.1,0,1,6,499,13.2
2023-08-28,S01,台北信義店,北區,C01,飲料,198,41.0,0,0,0,487,8.8
2023-08-29,S01,台北信義店,北區,C01,飲料,283,38.6,1,0,1,836,11.2
2023-08-30,S01,台北信義店,北區,C01,飲料,195,44.0,0,0,2,333,8.2
2023-08-31,S01,台北信義店,北區,C01,飲料,200,40.7,0,0,3,469,8.6
2023-09-01,S01,台北信義店,北區,C01,飲料,289,38.6,1,0,4,908,11.3
2023-09-02,S01,台北信義店,北區,C01,飲料,310,45.2,0,1,5,1072,13.5
2023-09-03,S01,台北信義店,北區,C01,飲料,318,46.0,0,1,6,501,14.5
2023-09-04,S01,台北信義店,北區,C01,飲料,183,42.2,0,0,0,391,8.2
2023-09-05,S01,台北信義店,北區,C01,飲料,198,46.1,0,0,1,510,8.2
2023-09-06,S01,台北信義店,北區,C01,飲料,216,39.1,0,0,2,427,9.2
2023-09-07,S01,台北信義店,北區,C01,飲料,192,46.7,0,0,3,413,9.1
2023-09-08,S01,台北信義店,北區,C01,飲料,224,43.3,0,0,4,452,9.0
2023-09-09,S01,台北信義店,北區,C01,飲料,445,35.9,1,1,5,1403,16.2
2023-09-10,S01,台北信義店,北區,C01,飲料,298,42.5,0,1,6,577,13.4
2023-09-11,S01,台北信義店,北區,C01,飲料,127,44.6,0,0,0,280,6.5
2023-09-12,S01,台北信義店,北區,C01,飲料,191,45.1,0,0,1,310,8.9
2023-09-13,S01,台北信義店,北區,C01,飲料,184,46.7,0,0,2,581,8.9
2023-09-14,S01,台北信義店,北區,C01,飲料,210,46.8,0,0,3,716,10.0
2023-09-15,S01,台北信義店,北區,C01,飲料,225,41.1,0,0,4,724,9.1
2023-09-16,S01,台北信義店,北區,C01,飲料,459,38.7,1,1,5,954,17.3
2023-09-17,S01,台北信義店,北區,C01,飲料,344,45.2,0,1,6,877,14.6
2023-09-18,S01,台北信義店,北區,C01,飲料,172,45.4,0,0,0,561,9.5
2023-09-19,S01,台北信義店,北區,C01,飲料,207,45.7,0,0,1,402,9.8
2023-09-20,S01,台北信義店,北區,C01,飲料,164,44.3,0,0,2,280,8.6
2023-09-21,S01,台北信義店,北區,C01,飲料,245,38.5,1,0,3,847,10.4
2023-09-22,S01,台北信義店,北區,C01,飲料,217,43.2,0,0,4,397,9.7
2023-09-23,S01,台北信義店,北區,C01,飲料,262,47.8,0,1,5,573,12.0
2023-09-24,S01,台北信義店,北區,C01,飲料,344,42.3,0,1,6,585,14.4
2023-09-25,S01,台北信義店,北區,C01,飲料,171,45.5,0,0,0,463,7.8
2023-09-26,S01,台北信義店,北區,C01,飲料,179,45.1,0,0,1,511,8.1
2023-09-27,S01,台北信義店,北區,C01,飲料,191,44.6,0,0,2,503,9.0
2023-09-28,S01,台北信義店,北區,C01,飲料,251,37.4,1,0,3,460,10.2
2023-09-29,S01,台北信義店,北區,C01,飲料,217,41.7,0,0,4,705,9.5
2023-09-30,S01,台北信義店,北區,C01,飲料,322,46.3,0,1,5,617,14.8
2023-10-01,S01,台北信義店,北區,C01,飲料,312,42.7,0,1,6,676,13.4
2023-10-02,S01,台北信義店,北區,C01,飲料,143,47.1,0,0,0,246,8.2
2023-10-03,S01,台北信義店,北區,C01,飲料,189,44.8,0,0,1,427,8.8
2023-10-04,S01,台北信義店,北區,C01,飲料,178,46.2,0,0,2,392,8.3
2023-10-05,S01,台北信義店,北區,C01,飲料,146,44.0,0,0,3,263,6.1
2023-10-06,S01,台北信義店,北區,C01,飲料,208,49.2,0,0,4,494,9.3
2023-10-07,S01,台北信義店,北區,C01,飲料,322,45.8,0,1,5,549,14.6
2023-10-08,S01,台北信義店,北區,C01,飲料,339,44.0,0,1,6,1092,14.3
2023-10-09,S01,台北信義店,北區,C01,飲料,227,36.5,1,0,0,731,9.7
2023-10-10,S01,台北信義店,北區,C01,飲料,259,45.6,0,1,1,870,12.7
2023-10-11,S01,台北信義店,北區,C01,飲料,172,45.9,0,0,2,396,8.3
2023-10-12,S01,台北信義店,北區,C01,飲料,191,46.2,0,0,3,567,8.0
2023-10-13,S01,台北信義店,北區,C01,飲料,219,44.9,0,0,4,669,9.4
2023-10-14,S01,台北信義店,北區,C01,飲料,294,42.8,0,1,5,790,13.7
2023-10-15,S01,台北信義店,北區,C01,飲料,297,45.4,0,1,6,648,14.2
2023-10-16,S01,台北信義店,北區,C01,飲料,177,42.8,0,0,0,329,8.2
2023-10-17,S01,台北信義店,北區,C01,飲料,218,39.8,1,0,1,387,8.2
2023-10-18,S01,台北信義店,北區,C01,飲料,248,36.9,1,0,2,740,9.9
2023-10-19,S01,台北信義店,北區,C01,飲料,183,43.6,0,0,3,561,8.9
2023-10-20,S01,台北信義店,北區,C01,飲料,182,45.7,0,0,4,436,8.8
2023-10-21,S01,台北信義店,北區,C01,飲料,263,47.2,0,1,5,469,12.4
2023-10-22,S01,台北信義店,北區,C01,飲料,223,43.8,0,1,6,687,12.3
2023-10-23,S01,台北信義店,北區,C01,飲料,138,43.6,0,0,0,378,7.2
2023-10-24,S01,台北信義店,北區,C01,飲料,157,47.6,0,0,1,321,8.4
2023-10-25,S01,台北信義店,北區,C01,飲料,167,45.2,0,0,2,409,8.1
2023-10-26,S01,台北信義店,北區,C01,飲料,171,46.3,0,0,3,445,8.0
2023-10-27,S01,台北信義店,北區,C01,飲料,176,46.8,0,0,4,611,8.4
2023-10-28,S01,台北信義店,北區,C01,飲料,228,43.6,0,1,5,742,11.1
2023-10-29,S01,台北信義店,北區,C01,飲料,257,43.3,0,1,6,725,12.2
2023-10-30,S01,台北信義店,北區,C01,飲料,145,46.3,0,0,0,426,7.5
2023-10-31,S01,台北信義店,北區,C01,飲料,174,43.0,0,0,1,458,8.8
2023-11-01,S01,台北信義店,北區,C01,飲料,205,45.0,0,0,2,453,10.2
2023-11-02,S01,台北信義店,北區,C01,飲料,162,40.1,0,0,3,353,8.3
2023-11-03,S01,台北信義店,北區,C01,飲料,192,47.1,0,0,4,457,9.7
2023-11-04,S01,台北信義店,北區,C01,飲料,273,46.8,0,1,5,766,13.7
2023-11-05,S01,台北信義店,北區,C01,飲料,224,46.2,0,1,6,560,11.3
2023-11-06,S01,台北信義店,北區,C01,飲料,141,46.2,0,0,0,480,7.8
2023-11-07,S01,台北信義店,北區,C01,飲料,158,46.1,0,0,1,492,7.8
2023-11-08,S01,台北信義店,北區,C01,飲料,166,41.1,0,0,2,530,8.3
2023-11-09,S01,台北信義店,北區,C01,飲料,160,40.3,0,0,3,548,8.7
2023-11-10,S01,台北信義店,北區,C01,飲料,175,47.6,0,0,4,404,9.5
2023-11-11,S01,台北信義店,北區,C01,飲料,380,41.1,1,1,5,910,16.1
2023-11-12,S01,台北信義店,北區,C01,飲料,267,42.8,0,1,6,886,12.7
2023-11-13,S01,台北信義店,北區,C01,飲料,160,45.7,0,0,0,398,7.2
2023-11-14,S01,台北信義店,北區,C01,飲料,152,47.8,0,0,1,323,7.8
2023-11-15,S01,台北信義店,北區,C01,飲料,146,47.7,0,0,2,252,6.8
2023-11-16,S01,台北信義店,北區,C01,飲料,142,43.6,0,0,3,379,7.2
2023-11-17,S01,台北信義店,北區,C01,飲料,183,43.5,0,0,4,506,9.3
2023-11-18,S01,台北信義店,北區,C01,飲料,221,43.2,0,1,5,520,12.1
2023-11-19,S01,台北信義店,北區,C01,飲料,252,46.5,0,1,6,833,12.6
2023-11-20,S01,台北信義店,北區,C01,飲料,144,42.8,0,0,0,299,7.7
2023-11-21,S01,台北信義店,北區,C01,飲料,150,42.6,0,0,1,312,7.5
2023-11-22,S01,台北信義店,北區,C01,飲料,203,36.4,1,0,2,489,8.4
2023-11-23,S01,台北信義店,北區,C01,飲料,141,45.3,0,0,3,319,8.2
2023-11-24,S01,台北信義店,北區,C01,飲料,161,46.1,0,0,4,437,8.3
2023-11-25,S01,台北信義店,北區,C01,飲料,213,44.5,0,1,5,410,11.2
2023-11-26,S01,台北信義店,北區,C01,飲料,260,40.7,0,1,6,831,13.0
2023-11-27,S01,台北信義店,北區,C01,飲料,143,45.3,0,0,0,328,8.2
2023-11-28,S01,台北信義店,北區,C01,飲料,130,44.6,0,0,1,227,6.7
2023-11-29,S01,台北信義店,北區,C01,飲料,141,45.2,0,0,2,261,8.2
2023-11-30,S01,台北信義店,北區,C01,飲料,142,45.4,0,0,3,351,6.9
2023-12-01,S01,台北信義店,北區,C01,飲料,177,42.1,0,0,4,405,8.3
2023-12-02,S01,台北信義店,北區,C01,飲料,185,48.1,0,1,5,393,11.2
2023-12-03,S01,台北信義店,北區,C01,飲料,235,43.9,0,1,6,635,12.4
2023-12-04,S01,台北信義店,北區,C01,飲料,126,46.4,0,0,0,441,6.9
2023-12-05,S01,台北信義店,北區,C01,飲料,166,43.8,0,0,1,422,8.6
2023-12-06,S01,台北信義店,北區,C01,飲料,164,44.5,0,0,2,278,8.3
2023-12-07,S01,台北信義店,北區,C01,飲料,132,48.4,0,0,3,235,7.3
2023-12-08,S01,台北信義店,北區,C01,飲料,169,43.7,0,0,4,588,8.8
2023-12-09,S01,台北信義店,北區,C01,飲料,230,43.7,0,1,5,411,12.2
2023-12-10,S01,台北信義店,北區,C01,飲料,276,42.8,0,1,6,688,12.2
2023-12-11,S01,台北信義店,北區,C01,飲料,124,44.2,0,0,0,238,7.5
2023-12-12,S01,台北信義店,北區,C01,飲料,129,46.9,0,0,1,241,7.2
2023-12-13,S01,台北信義店,北區,C01,飲料,125,49.3,0,0,2,306,7.2
2023-12-14,S01,台北信義店,北區,C01,飲料,135,45.2,0,0,3,370,7.9
2023-12-15,S01,台北信義店,北區,C01,飲料,157,48.2,0,0,4,569,8.0
2023-12-16,S01,台北信義店,北區,C01,飲料,220,43.0,0,1,5,505,10.9
2023-12-17,S01,台北信義店,北區,C01,飲料,215,48.4,0,1,6,475,10.4
2023-12-18,S01,台北信義店,北區,C01,飲料,166,34.0,1,0,0,364,8.6
2023-12-19,S01,台北信義店,北區,C01,飲料,151,47.6,0,0,1,289,7.6
2023-12-20,S01,台北信義店,北區,C01,飲料,148,45.9,0,0,2,276,7.7
2023-12-21,S01,台北信義店,北區,C01,飲料,131,46.8,0,0,3,337,7.3
2023-12-22,S01,台北信義店,北區,C01,飲料,159,45.0,0,0,4,486,6.9
2023-12-23,S01,台北信義店,北區,C01,飲料,204,49.4,0,1,5,347,11.2
2023-12-24,S01,台北信義店,北區,C01,飲料,243,43.5,0,1,6,651,11.9
2023-12-25,S01,台北信義店,北區,C01,飲料,132,47.0,0,1,0,273,10.0
2023-12-26,S01,台北信義店,北區,C01,飲料,118,43.3,0,0,1,265,7.1
2023-12-27,S01,台北信義店,北區,C01,飲料,112,46.0,0,0,2,343,6.3
2023-12-28,S01,台北信義店,北區,C01,飲料,115,45.3,0,0,3,280,6.5
2023-12-29,S01,台北信義店,北區,C01,飲料,164,41.4,0,0,4,474,7.8
2023-12-30,S01,台北信義店,北區,C01,飲料,205,45.7,0,1,5,429,11.9
2023-12-31,S01,台北信義店,北區,C01,飲料,234,45.6,0,1,6,449,12.0
2024-01-01,S01,台北信義店,北區,C01,飲料,164,46.4,0,1,0,408,9.5
2024-01-02,S01,台北信義店,北區,C01,飲料,131,46.8,0,0,1,451,6.3
2024-01-03,S01,台北信義店,北區,C01,飲料,119,44.4,0,0,2,384,7.5
2024-01-04,S01,台北信義店,北區,C01,飲料,120,43.6,0,0,3,439,7.2
2024-01-05,S01,台北信義店,北區,C01,飲料,207,37.9,1,0,4,407,9.3
2024-01-06,S01,台北信義店,北區,C01,飲料,215,46.3,0,1,5,746,11.3
2024-01-07,S01,台北信義店,北區,C01,飲料,201,44.8,0,1,6,593,10.8
2024-01-08,S01,台北信義店,北區,C01,飲料,119,46.2,0,0,0,239,6.9
2024-01-09,S01,台北信義店,北區,C01,飲料,126,42.4,0,0,1,225,7.2
2024-01-10,S01,台北信義店,北區,C01,飲料,141,45.4,0,0,2,290,7.1
2024-01-11,S01,台北信義店,北區,C01,飲料,146,45.5,0,0,3,292,6.8
2024-01-12,S01,台北信義店,北區,C01,飲料,132,47.4,0,0,4,230,7.7
2024-01-13,S01,台北信義店,北區,C01,飲料,211,43.0,0,1,5,632,10.9
2024-01-14,S01,台北信義店,北區,C01,飲料,331,36.1,1,1,6,757,14.3
2024-01-15,S01,台北信義店,北區,C01,飲料,120,45.3,0,0,0,227,7.4
2024-01-16,S01,台北信義店,北區,C01,飲料,112,46.7,0,0,1,346,6.9
2024-01-17,S01,台北信義店,北區,C01,飲料,152,46.2,0,0,2,374,7.5
2024-01-18,S01,台北信義店,北區,C01,飲料,189,36.1,1,0,3,525,10.2
2024-01-19,S01,台北信義店,北區,C01,飲料,209,38.7,1,0,4,660,9.3
2024-01-20,S01,台北信義店,北區,C01,飲料,194,43.0,0,1,5,494,10.7
2024-01-21,S01,台北信義店,北區,C01,飲料,285,36.9,1,1,6,955,12.8
2024-01-22,S01,台北信義店,北區,C01,飲料,129,42.3,0,0,0,444,6.3
2024-01-23,S01,台北信義店,北區,C01,飲料,123,45.4,0,0,1,225,7.4
2024-01-24,S01,台北信義店,北區,C01,飲料,195,35.6,1,0,2,437,8.5
2024-01-25,S01,台北信義店,北區,C01,飲料,143,42.3,0,0,3,433,8.2
2024-01-26,S01,台北信義店,北區,C01,飲料,129,47.5,0,0,4,289,7.0
2024-01-27,S01,台北信義店,北區,C01,飲料,220,44.9,0,1,5,498,12.1
2024-01-28,S01,台北信義店,北區,C01,飲料,211,47.3,0,1,6,729,11.2
2024-01-29,S01,台北信義店,北區,C01,飲料,95,42.1,0,0,0,271,6.8
2024-01-30,S01,台北信義店,北區,C01,飲料,139,46.2,0,0,1,439,7.0
2024-01-31,S01,台北信義店,北區,C01,飲料,123,45.6,0,0,2,357,7.2
2024-02-01,S01,台北信義店,北區,C01,飲料,119,44.9,0,0,3,281,6.8
2024-02-02,S01,台北信義店,北區,C01,飲料,147,42.5,0,0,4,273,7.7
2024-02-03,S01,台北信義店,北區,C01,飲料,219,43.2,0,1,5,353,10.9
2024-02-04,S01,台北信義店,北區,C01,飲料,236,40.3,0,1,6,691,12.6
2024-02-05,S01,台北信義店,北區,C01,飲料,120,47.3,0,0,0,365,7.1
2024-02-06,S01,台北信義店,北區,C01,飲料,115,46.2,0,0,1,197,7.9
2024-02-07,S01,台北信義店,北區,C01,飲料,125,47.2,0,0,2,342,7.4
2024-02-08,S01,台北信義店,北區,C01,飲料,142,45.3,0,0,3,430,7.9
2024-02-09,S01,台北信義店,北區,C01,飲料,163,45.6,0,0,4,432,8.1
2024-02-10,S01,台北信義店,北區,C01,飲料,285,37.5,1,1,5,612,12.3
2024-02-11,S01,台北信義店,北區,C01,飲料,209,46.7,0,1,6,400,10.8
2024-02-12,S01,台北信義店,北區,C01,飲料,131,45.9,0,0,0,471,7.0
2024-02-13,S01,台北信義店,北區,C01,飲料,128,45.4,0,0,1,305,7.1
2024-02-14,S01,台北信義店,北區,C01,飲料,118,45.3,0,0,2,328,6.6
2024-02-15,S01,台北信義店,北區,C01,飲料,159,44.4,0,0,3,519,7.6
2024-02-16,S01,台北信義店,北區,C01,飲料,209,39.1,1,0,4,454,8.4
2024-02-17,S01,台北信義店,北區,C01,飲料,215,42.6,0,1,5,519,11.1
2024-02-18,S01,台北信義店,北區,C01,飲料,198,46.9,0,1,6,543,11.8
2024-02-19,S01,台北信義店,北區,C01,飲料,139,44.9,0,0,0,449,7.5
2024-02-20,S01,台北信義店,北區,C01,飲料,131,47.1,0,0,1,390,6.8
2024-02-21,S01,台北信義店,北區,C01,飲料,154,45.8,0,0,2,460,8.6
2024-02-22,S01,台北信義店,北區,C01,飲料,136,45.2,0,0,3,430,8.4
2024-02-23,S01,台北信義店,北區,C01,飲料,232,38.3,1,0,4,437,10.3
2024-02-24,S01,台北信義店,北區,C01,飲料,350,38.2,1,1,5,1109,14.3
2024-02-25,S01,台北信義店,北區,C01,飲料,251,42.9,0,1,6,502,11.6
2024-02-26,S01,台北信義店,北區,C01,飲料,116,49.6,0,0,0,314,6.7
2024-02-27,S01,台北信義店,北區,C01,飲料,123,46.2,0,0,1,336,7.1
2024-02-28,S01,台北信義店,北區,C01,飲料,201,47.0,0,1,2,445,10.9
2024-02-29,S01,台北信義店,北區,C01,飲料,146,42.9,0,0,3,318,8.2
2024-03-01,S01,台北信義店,北區,C01,飲料,156,46.3,0,0,4,504,8.7
2024-03-02,S01,台北信義店,北區,C01,飲料,247,46.0,0,1,5,430,12.7
2024-03-03,S01,台北信義店,北區,C01,飲料,270,44.7,0,1,6,495,13.1
2024-03-04,S01,台北信義店,北區,C01,飲料,109,45.1,0,0,0,234,6.1
2024-03-05,S01,台北信義店,北區,C01,飲料,155,44.7,0,0,1,304,7.2
2024-03-06,S01,台北信義店,北區,C01,飲料,143,44.2,0,0,2,394,7.8
2024-03-07,S01,台北信義店,北區,C01,飲料,142,43.5,0,0,3,255,6.7
2024-03-08,S01,台北信義店,北區,C01,飲料,157,44.4,0,0,4,314,8.0
2024-03-09,S01,台北信義店,北區,C01,飲料,231,44.6,0,1,5,466,12.2
2024-03-10,S01,台北信義店,北區,C01,飲料,214,46.8,0,1,6,356,11.5
2024-03-11,S01,台北信義店,北區,C01,飲料,136,46.3,0,0,0,258,7.6
2024-03-12,S01,台北信義店,北區,C01,飲料,136,42.7,0,0,1,469,8.3
2024-03-13,S01,台北信義店,北區,C01,飲料,151,44.2,0,0,2,400,8.3
2024-03-14,S01,台北信義店,北區,C01,飲料,161,41.9,0,0,3,462,8.4
2024-03-15,S01,台北信義店,北區,C01,飲料,152,46.5,0,0,4,379,6.9
2024-03-16,S01,台北信義店,北區,C01,飲料,201,47.7,0,1,5,587,10.6
2024-03-17,S01,台北信義店,北區,C01,飲料,268,44.9,0,1,6,857,12.4
2024-03-18,S01,台北信義店,北區,C01,飲料,161,44.6,0,0,0,512,7.2
2024-03-19,S01,台北信義店,北區,C01,飲料,162,44.8,0,0,1,448,8.7
2024-03-20,S01,台北信義店,北區,C01,飲料,164,48.2,0,0,2,329,8.0
2024-03-21,S01,台北信義店,北區,C01,飲料,213,36.5,1,0,3,426,9.2
2024-03-22,S01,台北信義店,北區,C01,飲料,170,45.0,0,0,4,372,8.5
2024-03-23,S01,台北信義店,北區,C01,飲料,235,41.9,0,1,5,744,11.6
2024-03-24,S01,台北信義店,北區,C01,飲料,262,45.3,0,1,6,677,12.9
2024-03-25,S01,台北信義店,北區,C01,飲料,121,40.6,0,0,0,255,6.5
2024-03-26,S01,台北信義店,北區,C01,飲料,142,44.9,0,0,1,324,7.5
2024-03-27,S01,台北信義店,北區,C01,飲料,166,44.7,0,0,2,360,7.8
2024-03-28,S01,台北信義店,北區,C01,飲料,165,46.7,0,0,3,535,8.1
2024-03-29,S01,台北信義店,北區,C01,飲料,174,45.5,0,0,4,381,9.8
2024-03-30,S01,台北信義店,北區,C01,飲料,277,45.2,0,1,5,735,12.1
2024-03-31,S01,台北信義店,北區,C01,飲料,259,41.2,0,1,6,656,12.1
2024-04-01,S01,台北信義店,北區,C01,飲料,163,44.4,0,0,0,471,8.0
2024-04-02,S01,台北信義店,北區,C01,飲料,154,45.9,0,0,1,339,7.8
2024-04-03,S01,台北信義店,北區,C01,飲料,175,47.1,0,0,2,304,8.6
2024-04-04,S01,台北信義店,北區,C01,飲料,242,47.5,0,1,3,498,12.2
2024-04-05,S01,台北信義店,北區,C01,飲料,203,42.9,0,1,4,492,12.0
2024-04-06,S01,台北信義店,北區,C01,飲料,407,37.3,1,1,5,1007,15.3
2024-04-07,S01,台北信義店,北區,C01,飲料,240,46.9,0,1,6,629,12.5
2024-04-08,S01,台北信義店,北區,C01,飲料,153,43.1,0,0,0,291,7.6
2024-04-09,S01,台北信義店,北區,C01,飲料,161,47.6,0,0,1,420,8.0
2024-04-10,S01,台北信義店,北區,C01,飲料,168,44.3,0,0,2,411,7.7
2024-04-11,S01,台北信義店,北區,C01,飲料,157,44.6,0,0,3,515,7.8
2024-04-12,S01,台北信義店,北區,C01,飲料,210,41.9,0,0,4,434,9.2
2024-04-13,S01,台北信義店,北區,C01,飲料,230,46.9,0,1,5,643,11.8
2024-04-14,S01,台北信義店,北區,C01,飲料,308,42.4,0,1,6,1076,13.1
2024-04-15,S01,台北信義店,北區,C01,飲料,214,35.0,1,0,0,391,9.1
2024-04-16,S01,台北信義店,北區,C01,飲料,165,42.1,0,0,1,308,8.3
2024-04-17,S01,台北信義店,北區,C01,飲料,138,48.2,0,0,2,260,7.2
2024-04-18,S01,台北信義店,北區,C01,飲料,223,36.9,1,0,3,389,8.8
2024-04-19,S01,台北信義店,北區,C01,飲料,150,49.0,0,0,4,241,9.0
2024-04-20,S01,台北信義店,北區,C01,飲料,318,42.6,0,1,5,647,13.3
2024-04-21,S01,台北信義店,北區,C01,飲料,269,44.5,0,1,6,517,12.6
2024-04-22,S01,台北信義店,北區,C01,飲料,156,46.5,0,0,0,471,7.5
2024-04-23,S01,台北信義店,北區,C01,飲料,190,46.7,0,0,1,649,9.5
2024-04-24,S01,台北信義店,北區,C01,飲料,166,44.3,0,0,2,549,8.8
2024-04-25,S01,台北信義店,北區,C01,飲料,174,44.9,0,0,3,378,7.3
2024-04-26,S01,台北信義店,北區,C01,飲料,211,47.2,0,0,4,697,9.0
2024-04-27,S01,台北信義店,北區,C01,飲料,253,43.2,0,1,5,799,13.2
2024-04-28,S01,台北信義店,北區,C01,飲料,297,45.7,0,1,6,570,13.3
2024-04-29,S01,台北信義店,北區,C01,飲料,146,41.9,0,0,0,325,7.2
2024-04-30,S01,台北信義店,北區,C01,飲料,192,42.7,0,0,1,381,8.7
2024-05-01,S01,台北信義店,北區,C01,飲料,233,42.2,0,1,2,666,11.7
2024-05-02,S01,台北信義店,北區,C01,飲料,188,46.1,0,0,3,341,9.6
2024-05-03,S01,台北信義店,北區,C01,飲料,196,44.7,0,0,4,511,9.1
2024-05-04,S01,台北信義店,北區,C01,飲料,291,41.5,0,1,5,920,13.4
2024-05-05,S01,台北信義店,北區,C01,飲料,295,44.0,0,1,6,1009,13.4
2024-05-06,S01,台北信義店,北區,C01,飲料,172,44.6,0,0,0,567,8.2
2024-05-07,S01,台北信義店,北區,C01,飲料,192,43.7,0,0,1,575,9.0
2024-05-08,S01,台北信義店,北區,C01,飲料,193,44.1,0,0,2,313,9.4
2024-05-09,S01,台北信義店,北區,C01,飲料,185,43.6,0,0,3,443,7.5
2024-05-10,S01,台北信義店,北區,C01,飲料,289,37.9,1,0,4,848,11.0
2024-05-11,S01,台北信義店,北區,C01,飲料,339,43.9,0,1,5,610,13.6
2024-05-12,S01,台北信義店,北區,C01,飲料,271,46.7,0,1,6,696,11.9
2024-05-13,S01,台北信義店,北區,C01,飲料,171,46.8,0,0,0,575,9.2
2024-05-14,S01,台北信義店,北區,C01,飲料,185,46.7,0,0,1,578,8.9
2024-05-15,S01,台北信義店,北區,C01,飲料,212,46.2,0,0,2,382,8.9
2024-05-16,S01,台北信義店,北區,C01,飲料,188,46.6,0,0,3,358,8.2
2024-05-17,S01,台北信義店,北區,C01,飲料,214,43.3,0,0,4,361,9.5
2024-05-18,S01,台北信義店,北區,C01,飲料,445,38.8,1,1,5,1268,17.8
2024-05-19,S01,台北信義店,北區,C01,飲料,306,45.2,0,1,6,498,13.8
2024-05-20,S01,台北信義店,北區,C01,飲料,184,43.5,0,0,0,324,7.9
2024-05-21,S01,台北信義店,北區,C01,飲料,178,46.2,0,0,1,471,9.0
2024-05-22,S01,台北信義店,北區,C01,飲料,191,45.2,0,0,2,629,9.4
2024-05-23,S01,台北信義店,北區,C01,飲料,307,35.5,1,0,3,574,11.3
2024-05-24,S01,台北信義店,北區,C01,飲料,186,47.3,0,0,4,514,8.8
2024-05-25,S01,台北信義店,北區,C01,飲料,310,40.4,0,1,5,938,14.4
2024-05-26,S01,台北信義店,北區,C01,飲料,468,38.3,1,1,6,1310,18.0
2024-05-27,S01,台北信義店,北區,C01,飲料,198,44.7,0,0,0,653,9.8
2024-05-28,S01,台北信義店,北區,C01,飲料,171,52.4,0,0,1,306,7.9
2024-05-29,S01,台北信義店,北區,C01,飲料,245,47.6,0,0,2,802,10.2
2024-05-30,S01,台北信義店,北區,C01,飲料,301,38.1,1,0,3,907,11.6
2024-05-31,S01,台北信義店,北區,C01,飲料,266,45.5,0,0,4,765,10.9
2024-06-01,S01,台北信義店,北區,C01,飲料,353,43.2,0,1,5,719,15.0
2024-06-02,S01,台北信義店,北區,C01,飲料,333,43.9,0,1,6,808,14.9
2024-06-03,S01,台北信義店,北區,C01,飲料,220,42.1,0,0,0,433,9.9
2024-06-04,S01,台北信義店,北區,C01,飲料,173,44.1,0,0,1,593,8.1
2024-06-05,S01,台北信義店,北區,C01,飲料,204,43.4,0,0,2,584,8.7
2024-06-06,S01,台北信義店,北區,C01,飲料,188,45.2,0,0,3,581,8.5
2024-06-07,S01,台北信義店,北區,C01,飲料,269,43.4,0,0,4,521,10.9
2024-06-08,S01,台北信義店,北區,C01,飲料,338,45.7,0,1,5,536,14.4
2024-06-09,S01,台北信義店,北區,C01,飲料,345,43.8,0,1,6,791,14.7
2024-06-10,S01,台北信義店,北區,C01,飲料,196,44.0,0,0,0,469,8.3
2024-06-11,S01,台北信義店,北區,C01,飲料,204,47.3,0,0,1,454,9.0
2024-06-12,S01,台北信義店,北區,C01,飲料,289,40.4,1,0,2,460,10.1
2024-06-13,S01,台北信義店,北區,C01,飲料,216,46.2,0,0,3,591,9.0
2024-06-14,S01,台北信義店,北區,C01,飲料,242,44.2,0,0,4,454,9.8
2024-06-15,S01,台北信義店,北區,C01,飲料,376,47.2,0,1,5,606,15.1
2024-06-16,S01,台北信義店,北區,C01,飲料,334,49.0,0,1,6,692,14.5
2024-06-17,S01,台北信義店,北區,C01,飲料,192,43.4,0,0,0,626,9.6
2024-06-18,S01,台北信義店,北區,C01,飲料,202,47.9,0,0,1,634,8.8
2024-06-19,S01,台北信義店,北區,C01,飲料,198,42.2,0,0,2,390,9.6
2024-06-20,S01,台北信義店,北區,C01,飲料,255,45.6,0,0,3,559,10.0
2024-06-21,S01,台北信義店,北區,C01,飲料,230,43.0,0,0,4,762,10.1
2024-06-22,S01,台北信義店,北區,C01,飲料,353,43.4,0,1,5,772,14.1
2024-06-23,S01,台北信義店,北區,C01,飲料,386,41.3,0,1,6,885,15.4
2024-06-24,S01,台北信義店,北區,C01,飲料,182,41.9,0,0,0,379,8.6
2024-06-25,S01,台北信義店,北區,C01,飲料,300,39.1,1,0,1,906,11.8
2024-06-26,S01,台北信義店,北區,C01,飲料,219,43.6,0,0,2,637,10.0
2024-06-27,S01,台北信義店,北區,C01,飲料,208,47.2,0,0,3,479,9.3
2024-06-28,S01,台北信義店,北區,C01,飲料,251,49.0,0,0,4,790,10.7
2024-06-29,S01,台北信義店,北區,C01,飲料,370,45.5,0,1,5,1225,16.1
2024-06-30,S01,台北信義店,北區,C01,飲料,343,46.0,0,1,6,800,14.3
2024-07-01,S01,台北信義店,北區,C01,飲料,227,45.5,0,0,0,463,9.3
2024-07-02,S01,台北信義店,北區,C01,飲料,238,46.7,0,0,1,512,10.6
2024-07-03,S01,台北信義店,北區,C01,飲料,213,45.2,0,0,2,608,8.8
2024-07-04,S01,台北信義店,北區,C01,飲料,204,44.7,0,0,3,437,8.7
2024-07-05,S01,台北信義店,北區,C01,飲料,216,47.0,0,0,4,346,8.9
2024-07-06,S01,台北信義店,北區,C01,飲料,417,42.5,0,1,5,1027,16.7
2024-07-07,S01,台北信義店,北區,C01,飲料,400,38.9,0,1,6,1076,15.7
2024-07-08,S01,台北信義店,北區,C01,飲料,184,49.0,0,0,0,588,8.9
2024-07-09,S01,台北信義店,北區,C01,飲料,219,45.7,0,0,1,398,9.8
2024-07-10,S01,台北信義店,北區,C01,飲料,232,43.0,0,0,2,767,9.4
2024-07-11,S01,台北信義店,北區,C01,飲料,259,43.9,0,0,3,622,10.3
2024-07-12,S01,台北信義店,北區,C01,飲料,247,46.1,0,0,4,544,10.3
2024-07-13,S01,台北信義店,北區,C01,飲料,382,46.7,0,1,5,750,15.9
2024-07-14,S01,台北信義店,北區,C01,飲料,375,44.9,0,1,6,1048,14.8
2024-07-15,S01,台北信義店,北區,C01,飲料,208,45.2,0,0,0,721,7.8
2024-07-16,S01,台北信義店,北區,C01,飲料,228,51.1,0,0,1,657,10.6
2024-07-17,S01,台北信義店,北區,C01,飲料,192,43.8,0,0,2,537,8.4
2024-07-18,S01,台北信義店,北區,C01,飲料,211,45.7,0,0,3,563,10.0
2024-07-19,S01,台北信義店,北區,C01,飲料,349,39.9,1,0,4,893,12.8
2024-07-20,S01,台北信義店,北區,C01,飲料,356,42.9,0,1,5,836,14.5
2024-07-21,S01,台北信義店,北區,C01,飲料,530,37.1,1,1,6,1506,20.5
2024-07-22,S01,台北信義店,北區,C01,飲料,199,47.9,0,0,0,593,9.1
2024-07-23,S01,台北信義店,北區,C01,飲料,207,48.0,0,0,1,536,9.2
2024-07-24,S01,台北信義店,北區,C01,飲料,182,43.6,0,0,2,557,8.3
2024-07-25,S01,台北信義店,北區,C01,飲料,230,45.7,0,0,3,801,9.7
2024-07-26,S01,台北信義店,北區,C01,飲料,238,45.0,0,0,4,511,10.2
2024-07-27,S01,台北信義店,北區,C01,飲料,367,44.2,0,1,5,1243,14.7
2024-07-28,S01,台北信義店,北區,C01,飲料,362,48.7,0,1,6,557,14.6
2024-07-29,S01,台北信義店,北區,C01,飲料,201,44.2,0,0,0,444,8.9
2024-07-30,S01,台北信義店,北區,C01,飲料,214,44.3,0,0,1,390,9.8
2024-07-31,S01,台北信義店,北區,C01,飲料,229,44.9,0,0,2,722,9.1
2024-08-01,S01,台北信義店,北區,C01,飲料,243,41.1,0,0,3,512,9.8
2024-08-02,S01,台北信義店,北區,C01,飲料,244,46.9,0,0,4,564,10.9
2024-08-03,S01,台北信義店,北區,C01,飲料,369,45.8,0,1,5,1087,13.9
2024-08-04,S01,台北信義店,北區,C01,飲料,342,46.5,0,1,6,683,14.6
2024-08-05,S01,台北信義店,北區,C01,飲料,199,47.8,0,0,0,594,9.0
2024-08-06,S01,台北信義店,北區,C01,飲料,223,46.3,0,0,1,532,9.1
2024-08-07,S01,台北信義店,北區,C01,飲料,254,46.9,0,0,2,541,10.8
2024-08-08,S01,台北信義店,北區,C01,飲料,229,42.0,0,0,3,710,9.5
2024-08-09,S01,台北信義店,北區,C01,飲料,263,44.9,0,0,4,749,9.9
2024-08-10,S01,台北信義店,北區,C01,飲料,550,37.0,1,1,5,1572,18.8
2024-08-11,S01,台北信義店,北區,C01,飲料,331,40.6,0,1,6,761,14.5
2024-08-12,S01,台北信義店,北區,C01,飲料,203,42.7,0,0,0,479,9.4
2024-08-13,S01,台北信義店,北區,C01,飲料,224,45.1,0,0,1,615,10.2
2024-08-14,S01,台北信義店,北區,C01,飲料,238,43.6,0,0,2,528,10.2
2024-08-15,S01,台北信義店,北區,C01,飲料,192,45.2,0,0,3,571,8.2
2024-08-16,S01,台北信義店,北區,C01,飲料,263,44.0,0,0,4,526,10.7
2024-08-17,S01,台北信義店,北區,C01,飲料,373,44.4,0,1,5,1102,15.9
2024-08-18,S01,台北信義店,北區,C01,飲料,376,41.7,0,1,6,967,16.0
2024-08-19,S01,台北信義店,北區,C01,飲料,227,44.0,0,0,0,659,10.3
2024-08-20,S01,台北信義店,北區,C01,飲料,169,42.8,0,0,1,290,7.7
2024-08-21,S01,台北信義店,北區,C01,飲料,214,45.2,0,0,2,442,9.8
2024-08-22,S01,台北信義店,北區,C01,飲料,265,42.0,0,0,3,540,10.2
2024-08-23,S01,台北信義店,北區,C01,飲料,243,46.2,0,0,4,680,9.6
2024-08-24,S01,台北信義店,北區,C01,飲料,395,43.8,0,1,5,830,16.3
2024-08-25,S01,台北信義店,北區,C01,飲料,355,43.1,0,1,6,804,14.4
2024-08-26,S01,台北信義店,北區,C01,飲料,196,46.4,0,0,0,679,9.1
2024-08-27,S01,台北信義店,北區,C01,飲料,233,41.8,0,0,1,760,9.5
2024-08-28,S01,台北信義店,北區,C01,飲料,211,45.4,0,0,2,407,9.4
2024-08-29,S01,台北信義店,北區,C01,飲料,218,46.9,0,0,3,400,10.0
2024-08-30,S01,台北信義店,北區,C01,飲料,242,46.8,0,0,4,588,10.3
2024-08-31,S01,台北信義店,北區,C01,飲料,488,35.2,1,1,5,1048,17.6
2024-09-01,S01,台北信義店,北區,C01,飲料,293,48.8,0,1,6,947,13.8
2024-09-02,S01,台北信義店,北區,C01,飲料,187,47.5,0,0,0,480,8.6
2024-09-03,S01,台北信義店,北區,C01,飲料,241,40.8,0,0,1,388,9.3
2024-09-04,S01,台北信義店,北區,C01,飲料,207,43.3,0,0,2,623,9.9
2024-09-05,S01,台北信義店,北區,C01,飲料,244,42.7,0,0,3,409,10.6
2024-09-06,S01,台北信義店,北區,C01,飲料,240,45.1,0,0,4,564,9.5
2024-09-07,S01,台北信義店,北區,C01,飲料,570,36.4,1,1,5,1658,20.0
2024-09-08,S01,台北信義店,北區,C01,飲料,339,49.3,0,1,6,896,14.9
2024-09-09,S01,台北信義店,北區,C01,飲料,184,42.8,0,0,0,644,8.1
2024-09-10,S01,台北信義店,北區,C01,飲料,217,41.8,0,0,1,360,10.0
2024-09-11,S01,台北信義店,北區,C01,飲料,311,36.4,1,0,2,760,11.8
2024-09-12,S01,台北信義店,北區,C01,飲料,204,47.0,0,0,3,585,9.9
2024-09-13,S01,台北信義店,北區,C01,飲料,224,46.8,0,0,4,465,9.4
2024-09-14,S01,台北信義店,北區,C01,飲料,346,43.9,0,1,5,582,14.2
2024-09-15,S01,台北信義店,北區,C01,飲料,345,45.0,0,1,6,673,14.3
2024-09-16,S01,台北信義店,北區,C01,飲料,200,44.6,0,0,0,668,9.8
2024-09-17,S01,台北信義店,北區,C01,飲料,220,45.0,0,0,1,662,9.2
2024-09-18,S01,台北信義店,北區,C01,飲料,200,43.6,0,0,2,538,8.1
2024-09-19,S01,台北信義店,北區,C01,飲料,223,47.3,0,0,3,609,10.6
2024-09-20,S01,台北信義店,北區,C01,飲料,220,49.8,0,0,4,497,9.5
2024-09-21,S01,台北信義店,北區,C01,飲料,328,45.9,0,1,5,680,14.3
2024-09-22,S01,台北信義店,北區,C01,飲料,347,45.2,0,1,6,974,14.4
2024-09-23,S01,台北信義店,北區,C01,飲料,182,45.6,0,0,0,416,7.8
2024-09-24,S01,台北信義店,北區,C01,飲料,209,44.1,0,0,1,609,9.5
2024-09-25,S01,台北信義店,北區,C01,飲料,233,43.2,0,0,2,391,10.5
2024-09-26,S01,台北信義店,北區,C01,飲料,221,47.3,0,0,3,637,10.0
2024-09-27,S01,台北信義店,北區,C01,飲料,221,43.8,0,0,4,387,9.2
2024-09-28,S01,台北信義店,北區,C01,飲料,335,46.9,0,1,5,734,16.0
2024-09-29,S01,台北信義店,北區,C01,飲料,360,45.7,0,1,6,723,15.4
2024-09-30,S01,台北信義店,北區,C01,飲料,172,46.1,0,0,0,312,8.5
2024-10-01,S01,台北信義店,北區,C01,飲料,179,42.8,0,0,1,440,8.9
2024-10-02,S01,台北信義店,北區,C01,飲料,184,43.6,0,0,2,509,7.8
2024-10-03,S01,台北信義店,北區,C01,飲料,221,42.8,0,0,3,494,10.0
2024-10-04,S01,台北信義店,北區,C01,飲料,285,46.1,0,0,4,674,10.8
2024-10-05,S01,台北信義店,北區,C01,飲料,444,39.4,1,1,5,1515,17.9
2024-10-06,S01,台北信義店,北區,C01,飲料,326,45.3,0,1,6,1044,14.4
2024-10-07,S01,台北信義店,北區,C01,飲料,206,44.9,0,0,0,726,9.5
2024-10-08,S01,台北信義店,北區,C01,飲料,211,43.5,0,0,1,647,9.5
2024-10-09,S01,台北信義店,北區,C01,飲料,215,45.9,0,0,2,631,9.8
2024-10-10,S01,台北信義店,北區,C01,飲料,268,45.7,0,1,3,689,12.7
2024-10-11,S01,台北信義店,北區,C01,飲料,298,36.0,1,0,4,593,11.9
2024-10-12,S01,台北信義店,北區,C01,飲料,299,44.6,0,1,5,992,13.5
2024-10-13,S01,台北信義店,北區,C01,飲料,312,44.3,0,1,6,1024,14.7
2024-10-14,S01,台北信義店,北區,C01,飲料,164,45.7,0,0,0,302,7.9
2024-10-15,S01,台北信義店,北區,C01,飲料,183,47.2,0,0,1,473,9.1
2024-10-16,S01,台北信義店,北區,C01,飲料,191,44.4,0,0,2,467,8.4
2024-10-17,S01,台北信義店,北區,C01,飲料,183,46.4,0,0,3,582,9.2
2024-10-18,S01,台北信義店,北區,C01,飲料,225,46.6,0,0,4,622,9.6
2024-10-19,S01,台北信義店,北區,C01,飲料,296,46.1,0,1,5,642,12.6
2024-10-20,S01,台北信義店,北區,C01,飲料,299,47.2,0,1,6,572,13.5
2024-10-21,S01,台北信義店,北區,C01,飲料,187,43.6,0,0,0,429,8.8
2024-10-22,S01,台北信義店,北區,C01,飲料,181,47.3,0,0,1,611,8.8
2024-10-23,S01,台北信義店,北區,C01,飲料,191,42.0,0,0,2,557,8.8
2024-10-24,S01,台北信義店,北區,C01,飲料,191,45.4,0,0,3,665,9.1
2024-10-25,S01,台北信義店,北區,C01,飲料,201,47.9,0,0,4,319,9.0
2024-10-26,S01,台北信義店,北區,C01,飲料,300,46.1,0,1,5,508,13.3
2024-10-27,S01,台北信義店,北區,C01,飲料,246,44.1,0,1,6,742,11.7
2024-10-28,S01,台北信義店,北區,C01,飲料,177,43.8,0,0,0,590,8.1
2024-10-29,S01,台北信義店,北區,C01,飲料,185,43.4,0,0,1,526,8.8
2024-10-30,S01,台北信義店,北區,C01,飲料,241,39.4,1,0,2,410,9.7
2024-10-31,S01,台北信義店,北區,C01,飲料,150,42.9,0,0,3,486,7.8
2024-11-01,S01,台北信義店,北區,C01,飲料,192,47.9,0,0,4,378,9.5
2024-11-02,S01,台北信義店,北區,C01,飲料,268,42.8,0,1,5,849,12.0
2024-11-03,S01,台北信義店,北區,C01,飲料,273,45.5,0,1,6,809,12.9
2024-11-04,S01,台北信義店,北區,C01,飲料,172,42.4,0,0,0,467,8.5
2024-11-05,S01,台北信義店,北區,C01,飲料,203,42.3,0,0,1,477,8.6
2024-11-06,S01,台北信義店,北區,C01,飲料,147,44.6,0,0,2,503,7.9
2024-11-07,S01,台北信義店,北區,C01,飲料,207,42.0,0,0,3,696,8.8
2024-11-08,S01,台北信義店,北區,C01,飲料,162,48.0,0,0,4,395,7.3
2024-11-09,S01,台北信義店,北區,C01,飲料,395,40.4,1,1,5,1159,16.1
2024-11-10,S01,台北信義店,北區,C01,飲料,246,48.4,0,1,6,424,12.1
2024-11-11,S01,台北信義店,北區,C01,飲料,164,45.1,0,0,0,365,8.0
2024-11-12,S01,台北信義店,北區,C01,飲料,175,45.6,0,0,1,409,8.3
2024-11-13,S01,台北信義店,北區,C01,飲料,168,45.5,0,0,2,599,8.6
2024-11-14,S01,台北信義店,北區,C01,飲料,257,38.0,1,0,3,719,10.8
2024-11-15,S01,台北信義店,北區,C01,飲料,205,43.9,0,0,4,587,7.7
2024-11-16,S01,台北信義店,北區,C01,飲料,271,45.0,0,1,5,449,12.6
2024-11-17,S01,台北信義店,北區,C01,飲料,251,46.6,0,1,6,766,12.5
2024-11-18,S01,台北信義店,北區,C01,飲料,160,46.7,0,0,0,294,8.0
2024-11-19,S01,台北信義店,北區,C01,飲料,171,45.9,0,0,1,483,8.4
2024-11-20,S01,台北信義店,北區,C01,飲料,176,43.5,0,0,2,548,8.2
2024-11-21,S01,台北信義店,北區,C01,飲料,175,41.3,0,0,3,362,8.2
2024-11-22,S01,台北信義店,北區,C01,飲料,206,42.8,0,0,4,389,10.1
2024-11-23,S01,台北信義店,北區,C01,飲料,300,44.4,0,1,5,860,13.2
2024-11-24,S01,台北信義店,北區,C01,飲料,261,44.4,0,1,6,586,13.0
2024-11-25,S01,台北信義店,北區,C01,飲料,148,45.4,0,0,0,487,6.9
2024-11-26,S01,台北信義店,北區,C01,飲料,241,38.2,1,0,1,519,10.1
2024-11-27,S01,台北信義店,北區,C01,飲料,160,41.2,0,0,2,489,8.7
2024-11-28,S01,台北信義店,北區,C01,飲料,147,44.2,0,0,3,386,8.1
2024-11-29,S01,台北信義店,北區,C01,飲料,175,46.3,0,0,4,610,8.0
2024-11-30,S01,台北信義店,北區,C01,飲料,286,45.9,0,1,5,786,12.7
2024-12-01,S01,台北信義店,北區,C01,飲料,346,38.9,1,1,6,590,14.5
2024-12-02,S01,台北信義店,北區,C01,飲料,145,43.9,0,0,0,421,7.6
2024-12-03,S01,台北信義店,北區,C01,飲料,151,50.7,0,0,1,423,7.6
2024-12-04,S01,台北信義店,北區,C01,飲料,171,42.3,0,0,2,375,7.9
2024-12-05,S01,台北信義店,北區,C01,飲料,176,47.5,0,0,3,373,9.5
2024-12-06,S01,台北信義店,北區,C01,飲料,158,43.3,0,0,4,481,7.8
2024-12-07,S01,台北信義店,北區,C01,飲料,230,42.8,0,1,5,536,12.0
2024-12-08,S01,台北信義店,北區,C01,飲料,205,46.7,0,1,6,553,10.9
2024-12-09,S01,台北信義店,北區,C01,飲料,130,45.3,0,0,0,408,7.1
2024-12-10,S01,台北信義店,北區,C01,飲料,160,42.5,0,0,1,421,8.5
2024-12-11,S01,台北信義店,北區,C01,飲料,143,44.9,0,0,2,380,8.3
2024-12-12,S01,台北信義店,北區,C01,飲料,143,47.2,0,0,3,511,7.9
2024-12-13,S01,台北信義店,北區,C01,飲料,192,43.1,0,0,4,537,9.4
2024-12-14,S01,台北信義店,北區,C01,飲料,234,42.7,0,1,5,391,11.7
2024-12-15,S01,台北信義店,北區,C01,飲料,291,46.0,0,1,6,462,12.6
2024-12-16,S01,台北信義店,北區,C01,飲料,225,37.3,1,0,0,796,9.6
2024-12-17,S01,台北信義店,北區,C01,飲料,178,46.8,0,0,1,614,8.9
2024-12-18,S01,台北信義店,北區,C01,飲料,176,49.5,0,0,2,436,8.4
2024-12-19,S01,台北信義店,北區,C01,飲料,144,44.6,0,0,3,376,8.0
2024-12-20,S01,台北信義店,北區,C01,飲料,118,48.7,0,0,4,333,7.0
2024-12-21,S01,台北信義店,北區,C01,飲料,241,46.0,0,1,5,794,11.4
2024-12-22,S01,台北信義店,北區,C01,飲料,269,44.8,0,1,6,518,12.6
2024-12-23,S01,台北信義店,北區,C01,飲料,123,41.4,0,0,0,215,6.2
2024-12-24,S01,台北信義店,北區,C01,飲料,189,39.5,1,0,1,574,9.2
2024-12-25,S01,台北信義店,北區,C01,飲料,169,39.9,0,1,2,316,10.6
2024-12-26,S01,台北信義店,北區,C01,飲料,152,47.8,0,0,3,296,8.4
2024-12-27,S01,台北信義店,北區,C01,飲料,228,38.1,1,0,4,428,9.7
2024-12-28,S01,台北信義店,北區,C01,飲料,341,37.2,1,1,5,747,14.9
2024-12-29,S01,台北信義店,北區,C01,飲料,347,39.3,1,1,6,758,15.1
2024-12-30,S01,台北信義店,北區,C01,飲料,134,44.3,0,0,0,247,6.7
2023-01-01,S01,台北信義店,北區,C02,零食,200,46.8,0,1,6,435,10.2
2023-01-02,S01,台北信義店,北區,C02,零食,103,57.1,0,0,0,291,6.5
2023-01-03,S01,台北信義店,北區,C02,零食,111,54.6,0,0,1,269,6.9
2023-01-04,S01,台北信義店,北區,C02,零食,109,59.0,0,0,2,363,6.3
2023-01-05,S01,台北信義店,北區,C02,零食,98,60.9,0,0,3,331,6.9
2023-01-06,S01,台北信義店,北區,C02,零食,124,57.3,0,0,4,330,7.1
2023-01-07,S01,台北信義店,北區,C02,零食,166,56.7,0,1,5,405,9.9
2023-01-08,S01,台北信義店,北區,C02,零食,206,55.4,0,1,6,432,11.5
2023-01-09,S01,台北信義店,北區,C02,零食,101,51.8,0,0,0,287,6.6
2023-01-10,S01,台北信義店,北區,C02,零食,155,51.6,1,0,1,522,8.1
2023-01-11,S01,台北信義店,北區,C02,零食,105,52.0,0,0,2,350,6.7
2023-01-12,S01,台北信義店,北區,C02,零食,135,54.1,0,0,3,471,7.9
2023-01-13,S01,台北信義店,北區,C02,零食,134,54.1,0,0,4,466,7.2
2023-01-14,S01,台北信義店,北區,C02,零食,273,49.8,1,1,5,455,13.0
2023-01-15,S01,台北信義店,北區,C02,零食,207,51.4,0,1,6,526,11.6
2023-01-16,S01,台北信義店,北區,C02,零食,182,46.1,1,0,0,568,8.4
2023-01-17,S01,台北信義店,北區,C02,零食,105,55.5,0,0,1,278,5.6
2023-01-18,S01,台北信義店,北區,C02,零食,123,59.0,0,0,2,262,7.7
2023-01-19,S01,台北信義店,北區,C02,零食,100,54.2,0,0,3,317,7.5
2023-01-20,S01,台北信義店,北區,C02,零食,122,54.0,0,0,4,340,7.3
2023-01-21,S01,台北信義店,北區,C02,零食,213,47.7,0,1,5,592,10.7
2023-01-22,S01,台北信義店,北區,C02,零食,176,55.7,0,1,6,450,9.9
2023-01-23,S01,台北信義店,北區,C02,零食,109,57.3,0,0,0,374,6.8
2023-01-24,S01,台北信義店,北區,C02,零食,132,54.4,0,0,1,419,7.2
2023-01-25,S01,台北信義店,北區,C02,零食,115,56.5,0,0,2,316,6.5
2023-01-26,S01,台北信義店,北區,C02,零食,115,54.5,0,0,3,297,6.6
2023-01-27,S01,台北信義店,北區,C02,零食,148,54.7,0,0,4,329,7.4
2023-01-28,S01,台北信義店,北區,C02,零食,219,53.1,0,1,5,424,11.3
2023-01-29,S01,台北信義店,北區,C02,零食,182,57.5,0,1,6,408,11.5
2023-01-30,S01,台北信義店,北區,C02,零食,94,54.3,0,0,0,196,6.3
2023-01-31,S01,台北信義店,北區,C02,零食,120,58.4,0,0,1,202,7.4
2023-02-01,S01,台北信義店,北區,C02,零食,89,53.4,0,0,2,304,5.7
2023-02-02,S01,台北信義店,北區,C02,零食,115,56.3,0,0,3,220,7.4
2023-02-03,S01,台北信義店,北區,C02,零食,121,54.4,0,0,4,345,7.0
2023-02-04,S01,台北信義店,北區,C02,零食,176,59.5,0,1,5,582,9.8
2023-02-05,S01,台北信義店,北區,C02,零食,177,51.5,0,1,6,387,11.2
2023-02-06,S01,台北信義店,北區,C02,零食,101,53.5,0,0,0,279,6.2
2023-02-07,S01,台北信義店,北區,C02,零食,107,53.0,0,0,1,225,7.7
2023-02-08,S01,台北信義店,北區,C02,零食,111,54.0,0,0,2,289,7.7
2023-02-09,S01,台北信義店,北區,C02,零食,115,53.5,0,0,3,397,6.6
2023-02-10,S01,台北信義店,北區,C02,零食,178,52.7,1,0,4,351,8.5
2023-02-11,S01,台北信義店,北區,C02,零食,181,50.1,0,1,5,416,10.5
2023-02-12,S01,台北信義店,北區,C02,零食,199,52.7,0,1,6,549,10.9
2023-02-13,S01,台北信義店,北區,C02,零食,98,55.0,0,0,0,302,6.4
2023-02-14,S01,台北信義店,北區,C02,零食,88,57.0,0,0,1,329,6.1
2023-02-15,S01,台北信義店,北區,C02,零食,125,53.6,0,0,2,261,6.9
2023-02-16,S01,台北信義店,北區,C02,零食,130,53.2,0,0,3,349,7.1
2023-02-17,S01,台北信義店,北區,C02,零食,215,48.5,1,0,4,438,9.1
2023-02-18,S01,台北信義店,北區,C02,零食,195,54.8,0,1,5,400,11.5
2023-02-19,S01,台北信義店,北區,C02,零食,264,44.3,1,1,6,673,12.5
2023-02-20,S01,台北信義店,北區,C02,零食,103,53.8,0,0,0,307,6.6
2023-02-21,S01,台北信義店,北區,C02,零食,130,54.1,0,0,1,270,7.2
2023-02-22,S01,台北信義店,北區,C02,零食,185,48.2,1,0,2,558,8.1
2023-02-23,S01,台北信義店,北區,C02,零食,101,50.5,0,0,3,250,7.3
2023-02-24,S01,台北信義店,北區,C02,零食,137,55.6,0,0,4,289,7.5
2023-02-25,S01,台北信義店,北區,C02,零食,197,54.8,0,1,5,362,11.7
2023-02-26,S01,台北信義店,北區,C02,零食,194,55.9,0,1,6,477,11.0
2023-02-27,S01,台北信義店,北區,C02,零食,90,57.5,0,0,0,166,5.6
2023-02-28,S01,台北信義店,北區,C02,零食,135,55.4,0,1,1,327,8.9
2023-03-01,S01,台北信義店,北區,C02,零食,115,52.6,0,0,2,197,6.5
2023-03-02,S01,台北信義店,北區,C02,零食,115,59.7,0,0,3,275,6.5
2023-03-03,S01,台北信義店,北區,C02,零食,123,53.8,0,0,4,413,7.5
2023-03-04,S01,台北信義店,北區,C02,零食,190,61.1,0,1,5,427,11.2
2023-03-05,S01,台北信義店,北區,C02,零食,176,55.3,0,1,6,447,10.3
2023-03-06,S01,台北信義店,北區,C02,零食,101,51.0,0,0,0,355,6.9
2023-03-07,S01,台北信義店,北區,C02,零食,134,56.7,0,0,1,302,6.2
2023-03-08,S01,台北信義店,北區,C02,零食,98,54.2,0,0,2,185,5.9
2023-03-09,S01,台北信義店,北區,C02,零食,122,54.1,0,0,3,409,7.0
2023-03-10,S01,台北信義店,北區,C02,零食,134,59.6,0,0,4,340,7.3
2023-03-11,S01,台北信義店,北區,C02,零食,180,55.2,0,1,5,389,9.6
2023-03-12,S01,台北信義店,北區,C02,零食,218,53.8,0,1,6,771,10.8
2023-03-13,S01,台北信義店,北區,C02,零食,105,58.4,0,0,0,182,5.7
2023-03-14,S01,台北信義店,北區,C02,零食,114,56.3,0,0,1,252,6.7
2023-03-15,S01,台北信義店,北區,C02,零食,118,55.8,0,0,2,333,6.7
2023-03-16,S01,台北信義店,北區,C02,零食,135,54.6,0,0,3,331,7.5
2023-03-17,S01,台北信義店,北區,C02,零食,140,51.3,0,0,4,370,7.0
2023-03-18,S01,台北信義店,北區,C02,零食,196,55.2,0,1,5,517,10.6
2023-03-19,S01,台北信義店,北區,C02,零食,194,52.0,0,1,6,536,11.1
2023-03-20,S01,台北信義店,北區,C02,零食,110,53.5,0,0,0,324,6.8
2023-03-21,S01,台北信義店,北區,C02,零食,124,54.1,0,0,1,400,6.8
2023-03-22,S01,台北信義店,北區,C02,零食,120,53.4,0,0,2,237,7.4
2023-03-23,S01,台北信義店,北區,C02,零食,129,52.7,0,0,3,356,7.8
2023-03-24,S01,台北信義店,北區,C02,零食,129,60.4,0,0,4,463,7.0
2023-03-25,S01,台北信義店,北區,C02,零食,302,46.5,1,1,5,533,13.4
2023-03-26,S01,台北信義店,北區,C02,零食,195,59.9,0,1,6,447,10.3
2023-03-27,S01,台北信義店,北區,C02,零食,87,60.0,0,0,0,210,5.9
2023-03-28,S01,台北信義店,北區,C02,零食,117,57.6,0,0,1,272,6.9
2023-03-29,S01,台北信義店,北區,C02,零食,205,45.9,1,0,2,595,8.7
2023-03-30,S01,台北信義店,北區,C02,零食,110,51.8,0,0,3,330,7.3
2023-03-31,S01,台北信義店,北區,C02,零食,209,43.5,1,0,4,348,8.4
2023-04-01,S01,台北信義店,北區,C02,零食,212,54.7,0,1,5,693,11.8
2023-04-02,S01,台北信義店,北區,C02,零食,205,52.2,0,1,6,633,11.3
2023-04-03,S01,台北信義店,北區,C02,零食,123,56.8,0,0,0,325,7.4
2023-04-04,S01,台北信義店,北區,C02,零食,155,56.3,0,1,1,467,10.6
2023-04-05,S01,台北信義店,北區,C02,零食,152,53.3,0,1,2,400,10.8
2023-04-06,S01,台北信義店,北區,C02,零食,127,54.3,0,0,3,430,8.0
2023-04-07,S01,台北信義店,北區,C02,零食,218,46.7,1,0,4,578,9.1
2023-04-08,S01,台北信義店,北區,C02,零食,210,53.3,0,1,5,572,12.2
2023-04-09,S01,台北信義店,北區,C02,零食,190,56.1,0,1,6,517,11.1
2023-04-10,S01,台北信義店,北區,C02,零食,148,53.8,0,0,0,336,7.2
2023-04-11,S01,台北信義店,北區,C02,零食,164,46.9,1,0,1,562,7.6
2023-04-12,S01,台北信義店,北區,C02,零食,106,57.9,0,0,2,334,6.0
2023-04-13,S01,台北信義店,北區,C02,零食,125,55.6,0,0,3,209,6.9
2023-04-14,S01,台北信義店,北區,C02,零食,154,54.7,0,0,4,366,8.2
2023-04-15,S01,台北信義店,北區,C02,零食,210,47.7,0,1,5,586,10.6
2023-04-16,S01,台北信義店,北區,C02,零食,215,55.0,0,1,6,413,10.7
2023-04-17,S01,台北信義店,北區,C02,零食,132,55.2,0,0,0,243,6.6
2023-04-18,S01,台北信義店,北區,C02,零食,120,54.7,0,0,1,438,6.6
2023-04-19,S01,台北信義店,北區,C02,零食,121,55.0,0,0,2,340,6.9
2023-04-20,S01,台北信義店,北區,C02,零食,177,46.5,1,0,3,538,7.7
2023-04-21,S01,台北信義店,北區,C02,零食,129,54.7,0,0,4,413,6.5
2023-04-22,S01,台北信義店,北區,C02,零食,208,58.7,0,1,5,595,12.4
2023-04-23,S01,台北信義店,北區,C02,零食,185,53.4,0,1,6,605,10.4
2023-04-24,S01,台北信義店,北區,C02,零食,113,51.4,0,0,0,266,6.3
2023-04-25,S01,台北信義店,北區,C02,零食,202,46.2,1,0,1,717,8.8
2023-04-26,S01,台北信義店,北區,C02,零食,141,53.5,0,0,2,293,7.7
2023-04-27,S01,台北信義店,北區,C02,零食,225,49.6,1,0,3,508,10.6
2023-04-28,S01,台北信義店,北區,C02,零食,146,56.9,0,0,4,325,7.6
2023-04-29,S01,台北信義店,北區,C02,零食,202,59.7,0,1,5,639,10.4
2023-04-30,S01,台北信義店,北區,C02,零食,206,58.0,0,1,6,566,10.2
2023-05-01,S01,台北信義店,北區,C02,零食,175,56.5,0,1,0,347,9.8
2023-05-02,S01,台北信義店,北區,C02,零食,123,56.1,0,0,1,334,7.1
2023-05-03,S01,台北信義店,北區,C02,零食,133,58.0,0,0,2,242,6.9
2023-05-04,S01,台北信義店,北區,C02,零食,118,54.4,0,0,3,211,6.9
2023-05-05,S01,台北信義店,北區,C02,零食,155,53.3,0,0,4,431,8.1
2023-05-06,S01,台北信義店,北區,C02,零食,226,55.3,0,1,5,520,11.7
2023-05-07,S01,台北信義店,北區,C02,零食,210,58.5,0,1,6,416,11.3
2023-05-08,S01,台北信義店,北區,C02,零食,119,53.7,0,0,0,356,7.0
2023-05-09,S01,台北信義店,北區,C02,零食,126,49.1,0,0,1,378,7.3
2023-05-10,S01,台北信義店,北區,C02,零食,109,56.4,0,0,2,312,7.5
2023-05-11,S01,台北信義店,北區,C02,零食,141,57.9,0,0,3,432,8.0
2023-05-12,S01,台北信義店,北區,C02,零食,144,54.8,0,0,4,390,8.2
2023-05-13,S01,台北信義店,北區,C02,零食,183,56.6,0,1,5,560,10.5
2023-05-14,S01,台北信義店,北區,C02,零食,181,57.4,0,1,6,613,10.9
2023-05-15,S01,台北信義店,北區,C02,零食,112,55.9,0,0,0,277,7.4
2023-05-16,S01,台北信義店,北區,C02,零食,112,56.6,0,0,1,398,7.1
2023-05-17,S01,台北信義店,北區,C02,零食,195,44.5,1,0,2,635,9.0
2023-05-18,S01,台北信義店,北區,C02,零食,141,54.0,0,0,3,481,7.3
2023-05-19,S01,台北信義店,北區,C02,零食,164,52.9,0,0,4,390,7.9
2023-05-20,S01,台北信義店,北區,C02,零食,209,52.9,0,1,5,529,10.8
2023-05-21,S01,台北信義店,北區,C02,零食,379,46.3,1,1,6,1324,15.3
2023-05-22,S01,台北信義店,北區,C02,零食,142,58.3,0,0,0,344,7.6
2023-05-23,S01,台北信義店,北區,C02,零食,155,54.8,0,0,1,528,8.2
2023-05-24,S01,台北信義店,北區,C02,零食,136,51.2,0,0,2,231,8.2
2023-05-25,S01,台北信義店,北區,C02,零食,130,56.2,0,0,3,288,7.0
2023-05-26,S01,台北信義店,北區,C02,零食,169,55.6,0,0,4,327,8.0
2023-05-27,S01,台北信義店,北區,C02,零食,246,57.8,0,1,5,657,11.6
2023-05-28,S01,台北信義店,北區,C02,零食,210,57.3,0,1,6,727,11.9
2023-05-29,S01,台北信義店,北區,C02,零食,103,53.1,0,0,0,226,6.1
2023-05-30,S01,台北信義店,北區,C02,零食,150,50.7,0,0,1,545,8.1
2023-05-31,S01,台北信義店,北區,C02,零食,135,56.6,0,0,2,484,6.9
2023-06-01,S01,台北信義店,北區,C02,零食,140,54.1,0,0,3,420,8.3
2023-06-02,S01,台北信義店,北區,C02,零食,122,60.1,0,0,4,260,6.5
2023-06-03,S01,台北信義店,北區,C02,零食,204,51.4,0,1,5,663,10.6
2023-06-04,S01,台北信義店,北區,C02,零食,210,55.3,0,1,6,423,11.3
2023-06-05,S01,台北信義店,北區,C02,零食,112,58.1,0,0,0,334,7.7
2023-06-06,S01,台北信義店,北區,C02,零食,142,56.6,0,0,1,437,8.6
2023-06-07,S01,台北信義店,北區,C02,零食,137,53.0,0,0,2,486,6.6
2023-06-08,S01,台北信義店,北區,C02,零食,148,53.9,0,0,3,342,7.6
2023-06-09,S01,台北信義店,北區,C02,零食,145,52.6,0,0,4,383,7.7
2023-06-10,S01,台北信義店,北區,C02,零食,209,53.5,0,1,5,333,10.9
2023-06-11,S01,台北信義店,北區,C02,零食,221,52.6,0,1,6,362,10.9
2023-06-12,S01,台北信義店,北區,C02,零食,121,52.4,0,0,0,410,7.7
2023-06-13,S01,台北信義店,北區,C02,零食,119,56.9,0,0,1,332,6.8
2023-06-14,S01,台北信義店,北區,C02,零食,106,54.6,0,0,2,209,6.0
2023-06-15,S01,台北信義店,北區,C02,零食,121,54.5,0,0,3,220,7.3
2023-06-16,S01,台北信義店,北區,C02,零食,151,58.8,0,0,4,322,7.8
2023-06-17,S01,台北信義店,北區,C02,零食,227,51.3,0,1,5,391,11.7
2023-06-18,S01,台北信義店,北區,C02,零食,224,53.8,0,1,6,770,10.9
2023-06-19,S01,台北信義店,北區,C02,零食,134,54.4,0,0,0,337,7.3
2023-06-20,S01,台北信義店,北區,C02,零食,185,46.9,1,0,1,659,8.3
2023-06-21,S01,台北信義店,北區,C02,零食,212,43.6,1,0,2,669,9.3
2023-06-22,S01,台北信義店,北區,C02,零食,156,59.3,0,0,3,527,7.6
2023-06-23,S01,台北信義店,北區,C02,零食,143,55.7,0,0,4,397,6.9
2023-06-24,S01,台北信義店,北區,C02,零食,247,52.9,0,1,5,834,11.5
2023-06-25,S01,台北信義店,北區,C02,零食,213,54.1,0,1,6,638,11.7
2023-06-26,S01,台北信義店,北區,C02,零食,110,49.0,0,0,0,192,6.5
2023-06-27,S01,台北信義店,北區,C02,零食,219,44.1,1,0,1,606,9.5
2023-06-28,S01,台北信義店,北區,C02,零食,141,52.0,0,0,2,496,7.2
2023-06-29,S01,台北信義店,北區,C02,零食,122,54.9,0,0,3,374,7.3
2023-06-30,S01,台北信義店,北區,C02,零食,249,48.7,1,0,4,461,9.9
2023-07-01,S01,台北信義店,北區,C02,零食,224,56.7,0,1,5,706,11.5
2023-07-02,S01,台北信義店,北區,C02,零食,231,46.7,0,1,6,482,11.7
2023-07-03,S01,台北信義店,北區,C02,零食,135,49.9,0,0,0,226,6.5
2023-07-04,S01,台北信義店,北區,C02,零食,134,49.0,0,0,1,326,6.4
2023-07-05,S01,台北信義店,北區,C02,零食,144,52.9,0,0,2,282,8.1
2023-07-06,S01,台北信義店,北區,C02,零食,126,57.2,0,0,3,304,7.4
2023-07-07,S01,台北信義店,北區,C02,零食,149,53.6,0,0,4,412,7.6
2023-07-08,S01,台北信義店,北區,C02,零食,255,50.9,0,1,5,840,11.7
2023-07-09,S01,台北信義店,北區,C02,零食,204,52.3,0,1,6,470,11.2
2023-07-10,S01,台北信義店,北區,C02,零食,128,57.1,0,0,0,345,7.6
2023-07-11,S01,台北信義店,北區,C02,零食,144,54.4,0,0,1,315,7.2
2023-07-12,S01,台北信義店,北區,C02,零食,155,53.6,0,0,2,292,6.6
2023-07-13,S01,台北信義店,北區,C02,零食,162,53.5,0,0,3,468,8.7
2023-07-14,S01,台北信義店,北區,C02,零食,145,58.0,0,0,4,260,8.0
2023-07-15,S01,台北信義店,北區,C02,零食,263,51.7,0,1,5,813,12.6
2023-07-16,S01,台北信義店,北區,C02,零食,225,55.0,0,1,6,678,11.4
2023-07-17,S01,台北信義店,北區,C02,零食,135,54.5,0,0,0,322,8.0
2023-07-18,S01,台北信義店,北區,C02,零食,146,50.8,0,0,1,473,8.0
2023-07-19,S01,台北信義店,北區,C02,零食,216,46.4,1,0,2,574,9.3
2023-07-20,S01,台北信義店,北區,C02,零食,130,57.8,0,0,3,297,8.1
2023-07-21,S01,台北信義店,北區,C02,零食,146,53.9,0,0,4,517,7.9
2023-07-22,S01,台北信義店,北區,C02,零食,204,48.9,0,1,5,620,11.1
2023-07-23,S01,台北信義店,北區,C02,零食,221,56.7,0,1,6,576,11.1
2023-07-24,S01,台北信義店,北區,C02,零食,147,53.3,0,0,0,313,8.1
2023-07-25,S01,台北信義店,北區,C02,零食,141,55.6,0,0,1,260,7.4
2023-07-26,S01,台北信義店,北區,C02,零食,148,53.9,0,0,2,310,7.3
2023-07-27,S01,台北信義店,北區,C02,零食,159,55.7,0,0,3,366,8.4
2023-07-28,S01,台北信義店,北區,C02,零食,149,53.3,0,0,4,401,6.5
2023-07-29,S01,台北信義店,北區,C02,零食,217,55.3,0,1,5,756,11.1
2023-07-30,S01,台北信義店,北區,C02,零食,215,59.1,0,1,6,554,10.7
2023-07-31,S01,台北信義店,北區,C02,零食,122,56.5,0,0,0,396,7.8
2023-08-01,S01,台北信義店,北區,C02,零食,135,58.0,0,0,1,305,6.4
2023-08-02,S01,台北信義店,北區,C02,零食,140,48.2,0,0,2,284,7.2
2023-08-03,S01,台北信義店,北區,C02,零食,133,58.6,0,0,3,466,7.6
2023-08-04,S01,台北信義店,北區,C02,零食,151,53.5,0,0,4,501,8.5
2023-08-05,S01,台北信義店,北區,C02,零食,249,56.5,0,1,5,734,12.1
2023-08-06,S01,台北信義店,北區,C02,零食,228,54.7,0,1,6,654,11.8
2023-08-07,S01,台北信義店,北區,C02,零食,234,46.3,1,0,0,796,9.7
2023-08-08,S01,台北信義店,北區,C02,零食,156,53.7,0,0,1,278,8.2
2023-08-09,S01,台北信義店,北區,C02,零食,141,54.6,0,0,2,391,7.6
2023-08-10,S01,台北信義店,北區,C02,零食,223,47.9,1,0,3,715,9.9
2023-08-11,S01,台北信義店,北區,C02,零食,153,56.3,0,0,4,491,7.3
2023-08-12,S01,台北信義店,北區,C02,零食,237,56.9,0,1,5,561,12.5
2023-08-13,S01,台北信義店,北區,C02,零食,217,51.4,0,1,6,334,11.3
2023-08-14,S01,台北信義店,北區,C02,零食,137,57.5,0,0,0,458,7.7
2023-08-15,S01,台北信義店,北區,C02,零食,137,60.8,0,0,1,479,6.9
2023-08-16,S01,台北信義店,北區,C02,零食,130,52.2,0,0,2,379,7.7
2023-08-17,S01,台北信義店,北區,C02,零食,115,57.9,0,0,3,224,6.7
2023-08-18,S01,台北信義店,北區,C02,零食,157,52.8,0,0,4,265,7.3
2023-08-19,S01,台北信義店,北區,C02,零食,232,53.3,0,1,5,424,11.6
2023-08-20,S01,台北信義店,北區,C02,零食,199,59.5,0,1,6,433,10.7
2023-08-21,S01,台北信義店,北區,C02,零食,126,58.0,0,0,0,252,6.6
2023-08-22,S01,台北信義店,北區,C02,零食,142,56.6,0,0,1,317,7.8
2023-08-23,S01,台北信義店,北區,C02,零食,145,54.9,0,0,2,344,7.6
2023-08-24,S01,台北信義店,北區,C02,零食,128,49.6,0,0,3,364,6.9
2023-08-25,S01,台北信義店,北區,C02,零食,164,56.6,0,0,4,448,8.0
2023-08-26,S01,台北信義店,北區,C02,零食,217,56.6,0,1,5,616,11.4
2023-08-27,S01,台北信義店,北區,C02,零食,198,53.9,0,1,6,543,9.9
2023-08-28,S01,台北信義店,北區,C02,零食,103,60.6,0,0,0,258,6.2
2023-08-29,S01,台北信義店,北區,C02,零食,143,55.2,0,0,1,291,8.4
2023-08-30,S01,台北信義店,北區,C02,零食,133,57.1,0,0,2,381,7.5
2023-08-31,S01,台北信義店,北區,C02,零食,139,54.8,0,0,3,336,8.8
2023-09-01,S01,台北信義店,北區,C02,零食,146,53.4,0,0,4,510,7.8
2023-09-02,S01,台北信義店,北區,C02,零食,216,54.4,0,1,5,768,11.0
2023-09-03,S01,台北信義店,北區,C02,零食,218,50.4,0,1,6,761,12.0
2023-09-04,S01,台北信義店,北區,C02,零食,118,58.2,0,0,0,336,6.7
2023-09-05,S01,台北信義店,北區,C02,零食,126,56.7,0,0,1,246,7.3
2023-09-06,S01,台北信義店,北區,C02,零食,120,55.6,0,0,2,347,7.8
2023-09-07,S01,台北信義店,北區,C02,零食,133,55.3,0,0,3,459,6.8
2023-09-08,S01,台北信義店,北區,C02,零食,131,57.8,0,0,4,228,7.3
2023-09-09,S01,台北信義店,北區,C02,零食,212,58.5,0,1,5,444,10.8
2023-09-10,S01,台北信義店,北區,C02,零食,256,56.5,0,1,6,575,12.5
2023-09-11,S01,台北信義店,北區,C02,零食,117,52.6,0,0,0,366,6.4
2023-09-12,S01,台北信義店,北區,C02,零食,136,51.7,0,0,1,271,7.2
2023-09-13,S01,台北信義店,北區,C02,零食,113,66.1,0,0,2,282,6.6
2023-09-14,S01,台北信義店,北區,C02,零食,190,50.9,1,0,3,481,7.9
2023-09-15,S01,台北信義店,北區,C02,零食,157,57.8,0,0,4,355,7.7
2023-09-16,S01,台北信義店,北區,C02,零食,209,51.9,0,1,5,558,10.8
2023-09-17,S01,台北信義店,北區,C02,零食,234,50.8,0,1,6,589,11.7
2023-09-18,S01,台北信義店,北區,C02,零食,163,44.5,1,0,0,302,8.8
2023-09-19,S01,台北信義店,北區,C02,零食,124,57.9,0,0,1,332,7.0
2023-09-20,S01,台北信義店,北區,C02,零食,210,48.2,1,0,2,420,8.7
2023-09-21,S01,台北信義店,北區,C02,零食,148,50.2,0,0,3,516,7.1
2023-09-22,S01,台北信義店,北區,C02,零食,115,61.0,0,0,4,217,6.5
2023-09-23,S01,台北信義店,北區,C02,零食,203,54.1,0,1,5,663,11.0
2023-09-24,S01,台北信義店,北區,C02,零食,192,55.6,0,1,6,450,11.7
2023-09-25,S01,台北信義店,北區,C02,零食,131,56.8,0,0,0,397,7.8
2023-09-26,S01,台北信義店,北區,C02,零食,117,55.4,0,0,1,386,7.6
2023-09-27,S01,台北信義店,北區,C02,零食,154,51.9,0,0,2,404,8.1
2023-09-28,S01,台北信義店,北區,C02,零食,198,43.7,1,0,3,647,8.5
2023-09-29,S01,台北信義店,北區,C02,零食,141,57.5,0,0,4,399,7.8
2023-09-30,S01,台北信義店,北區,C02,零食,213,55.7,0,1,5,680,11.5
2023-10-01,S01,台北信義店,北區,C02,零食,218,51.8,0,1,6,354,11.6
2023-10-02,S01,台北信義店,北區,C02,零食,211,44.5,1,0,0,746,9.0
2023-10-03,S01,台北信義店,北區,C02,零食,127,54.4,0,0,1,378,6.4
2023-10-04,S01,台北信義店,北區,C02,零食,124,54.9,0,0,2,289,6.9
2023-10-05,S01,台北信義店,北區,C02,零食,121,56.3,0,0,3,308,6.5
2023-10-06,S01,台北信義店,北區,C02,零食,226,48.4,1,0,4,736,10.0
2023-10-07,S01,台北信義店,北區,C02,零食,199,52.2,0,1,5,679,10.8
2023-10-08,S01,台北信義店,北區,C02,零食,201,56.7,0,1,6,631,11.6
2023-10-09,S01,台北信義店,北區,C02,零食,118,56.6,0,0,0,403,6.7
2023-10-10,S01,台北信義店,北區,C02,零食,156,51.4,0,1,1,307,10.1
2023-10-11,S01,台北信義店,北區,C02,零食,111,60.5,0,0,2,343,6.7
2023-10-12,S01,台北信義店,北區,C02,零食,242,44.9,1,0,3,445,10.7
2023-10-13,S01,台北信義店,北區,C02,零食,132,58.2,0,0,4,419,6.5
2023-10-14,S01,台北信義店,北區,C02,零食,210,52.7,0,1,5,613,10.9
2023-10-15,S01,台北信義店,北區,C02,零食,205,59.7,0,1,6,493,11.0
2023-10-16,S01,台北信義店,北區,C02,零食,121,53.6,0,0,0,397,6.5
2023-10-17,S01,台北信義店,北區,C02,零食,115,53.7,0,0,1,317,6.6
2023-10-18,S01,台北信義店,北區,C02,零食,191,51.2,1,0,2,491,8.9
2023-10-19,S01,台北信義店,北區,C02,零食,179,50.4,1,0,3,523,7.9
2023-10-20,S01,台北信義店,北區,C02,零食,105,53.9,0,0,4,314,7.2
2023-10-21,S01,台北信義店,北區,C02,零食,191,55.4,0,1,5,543,11.3
2023-10-22,S01,台北信義店,北區,C02,零食,195,57.2,0,1,6,676,11.3
2023-10-23,S01,台北信義店,北區,C02,零食,84,57.8,0,0,0,221,6.1
2023-10-24,S01,台北信義店,北區,C02,零食,134,55.1,0,0,1,291,7.0
2023-10-25,S01,台北信義店,北區,C02,零食,179,47.5,1,0,2,540,9.2
2023-10-26,S01,台北信義店,北區,C02,零食,118,56.9,0,0,3,238,6.4
2023-10-27,S01,台北信義店,北區,C02,零食,160,54.2,0,0,4,406,7.3
2023-10-28,S01,台北信義店,北區,C02,零食,187,57.0,0,1,5,588,10.8
2023-10-29,S01,台北信義店,北區,C02,零食,222,55.6,0,1,6,462,11.4
2023-10-30,S01,台北信義店,北區,C02,零食,130,55.5,0,0,0,216,6.9
2023-10-31,S01,台北信義店,北區,C02,零食,120,55.8,0,0,1,265,7.5
2023-11-01,S01,台北信義店,北區,C02,零食,117,59.1,0,0,2,196,6.4
2023-11-02,S01,台北信義店,北區,C02,零食,127,54.2,0,0,3,258,7.0
2023-11-03,S01,台北信義店,北區,C02,零食,205,48.9,1,0,4,537,8.9
2023-11-04,S01,台北信義店,北區,C02,零食,187,55.0,0,1,5,454,10.6
2023-11-05,S01,台北信義店,北區,C02,零食,189,56.8,0,1,6,303,10.9
2023-11-06,S01,台北信義店,北區,C02,零食,101,58.3,0,0,0,333,7.3
2023-11-07,S01,台北信義店,北區,C02,零食,145,53.7,0,0,1,317,7.5
2023-11-08,S01,台北信義店,北區,C02,零食,106,58.7,0,0,2,261,7.2
2023-11-09,S01,台北信義店,北區,C02,零食,96,53.8,0,0,3,294,5.9
2023-11-10,S01,台北信義店,北區,C02,零食,130,52.1,0,0,4,464,8.1
2023-11-11,S01,台北信義店,北區,C02,零食,196,50.0,0,1,5,667,11.2
2023-11-12,S01,台北信義店,北區,C02,零食,189,56.9,0,1,6,353,10.7
2023-11-13,S01,台北信義店,北區,C02,零食,99,55.1,0,0,0,177,6.2
2023-11-14,S01,台北信義店,北區,C02,零食,109,58.2,0,0,1,350,6.8
2023-11-15,S01,台北信義店,北區,C02,零食,128,54.6,0,0,2,403,7.1
2023-11-16,S01,台北信義店,北區,C02,零食,116,52.0,0,0,3,291,7.0
2023-11-17,S01,台北信義店,北區,C02,零食,144,52.9,0,0,4,281,7.7
2023-11-18,S01,台北信義店,北區,C02,零食,177,57.4,0,1,5,422,10.4
2023-11-19,S01,台北信義店,北區,C02,零食,217,53.7,0,1,6,439,10.9
2023-11-20,S01,台北信義店,北區,C02,零食,109,56.7,0,0,0,274,7.0
2023-11-21,S01,台北信義店,北區,C02,零食,126,54.7,0,0,1,434,7.2
2023-11-22,S01,台北信義店,北區,C02,零食,104,58.1,0,0,2,179,6.7
2023-11-23,S01,台北信義店,北區,C02,零食,209,48.4,1,0,3,491,8.9
2023-11-24,S01,台北信義店,北區,C02,零食,118,56.6,0,0,4,386,7.3
2023-11-25,S01,台北信義店,北區,C02,零食,195,54.1,0,1,5,456,11.5
2023-11-26,S01,台北信義店,北區,C02,零食,180,53.7,0,1,6,595,10.2
2023-11-27,S01,台北信義店,北區,C02,零食,100,55.3,0,0,0,326,6.5
2023-11-28,S01,台北信義店,北區,C02,零食,112,61.3,0,0,1,375,6.5
2023-11-29,S01,台北信義店,北區,C02,零食,221,44.0,1,0,2,381,9.4
2023-11-30,S01,台北信義店,北區,C02,零食,128,57.2,0,0,3,287,6.4
2023-12-01,S01,台北信義店,北區,C02,零食,153,52.9,0,0,4,239,6.9
2023-12-02,S01,台北信義店,北區,C02,零食,211,60.4,0,1,5,555,11.1
2023-12-03,S01,台北信義店,北區,C02,零食,204,58.9,0,1,6,449,11.3
2023-12-04,S01,台北信義店,北區,C02,零食,137,53.6,0,0,0,393,6.6
2023-12-05,S01,台北信義店,北區,C02,零食,178,56.7,0,0,1,603,8.5
2023-12-06,S01,台北信義店,北區,C02,零食,171,54.1,0,0,2,607,7.5
2023-12-07,S01,台北信義店,北區,C02,零食,107,57.8,0,0,3,211,6.9
2023-12-08,S01,台北信義店,北區,C02,零食,235,48.5,1,0,4,838,9.5
2023-12-09,S01,台北信義店,北區,C02,零食,256,56.0,0,1,5,871,13.3
2023-12-10,S01,台北信義店,北區,C02,零食,221,54.8,0,1,6,502,11.4
2023-12-11,S01,台北信義店,北區,C02,零食,121,57.1,0,0,0,292,6.2
2023-12-12,S01,台北信義店,北區,C02,零食,131,51.8,0,0,1,283,6.5
2023-12-13,S01,台北信義店,北區,C02,零食,150,49.5,0,0,2,501,7.7
2023-12-14,S01,台北信義店,北區,C02,零食,151,56.1,0,0,3,298,7.2
2023-12-15,S01,台北信義店,北區,C02,零食,152,53.8,0,0,4,444,8.8
2023-12-16,S01,台北信義店,北區,C02,零食,219,58.8,0,1,5,560,10.5
2023-12-17,S01,台北信義店,北區,C02,零食,183,54.7,0,1,6,483,10.3
2023-12-18,S01,台北信義店,北區,C02,零食,119,55.5,0,0,0,307,6.7
2023-12-19,S01,台北信義店,北區,C02,零食,130,53.4,0,0,1,407,7.9
2023-12-20,S01,台北信義店,北區,C02,零食,144,58.6,0,0,2,372,7.9
2023-12-21,S01,台北信義店,北區,C02,零食,135,55.5,0,0,3,390,6.6
2023-12-22,S01,台北信義店,北區,C02,零食,187,56.4,0,0,4,404,8.1
2023-12-23,S01,台北信義店,北區,C02,零食,211,56.7,0,1,5,545,11.0
2023-12-24,S01,台北信義店,北區,C02,零食,245,53.1,0,1,6,419,12.7
2023-12-25,S01,台北信義店,北區,C02,零食,121,58.7,0,1,0,333,9.8
2023-12-26,S01,台北信義店,北區,C02,零食,113,59.8,0,0,1,269,7.3
2023-12-27,S01,台北信義店,北區,C02,零食,117,57.4,0,0,2,265,6.3
2023-12-28,S01,台北信義店,北區,C02,零食,205,47.6,1,0,3,344,8.6
2023-12-29,S01,台北信義店,北區,C02,零食,167,51.3,0,0,4,480,7.9
2023-12-30,S01,台北信義店,北區,C02,零食,227,55.5,0,1,5,468,10.6
2023-12-31,S01,台北信義店,北區,C02,零食,220,52.0,0,1,6,721,11.9
2024-01-01,S01,台北信義店,北區,C02,零食,198,50.6,0,1,0,360,10.4
2024-01-02,S01,台北信義店,北區,C02,零食,125,62.5,0,0,1,297,6.6
2024-01-03,S01,台北信義店,北區,C02,零食,216,48.3,1,0,2,688,9.5
2024-01-04,S01,台北信義店,北區,C02,零食,210,47.8,1,0,3,740,9.6
2024-01-05,S01,台北信義店,北區,C02,零食,246,46.8,1,0,4,577,9.4
2024-01-06,S01,台北信義店,北區,C02,零食,253,52.3,0,1,5,502,12.4
2024-01-07,S01,台北信義店,北區,C02,零食,227,57.3,0,1,6,687,11.9
2024-01-08,S01,台北信義店,北區,C02,零食,105,60.5,0,0,0,314,6.8
2024-01-09,S01,台北信義店,北區,C02,零食,144,53.2,0,0,1,517,8.0
2024-01-10,S01,台北信義店,北區,C02,零食,151,56.4,0,0,2,267,7.5
2024-01-11,S01,台北信義店,北區,C02,零食,141,53.0,0,0,3,496,7.2
2024-01-12,S01,台北信義店,北區,C02,零食,152,50.3,0,0,4,380,7.5
2024-01-13,S01,台北信義店,北區,C02,零食,214,54.3,0,1,5,587,11.0
2024-01-14,S01,台北信義店,北區,C02,零食,228,52.7,0,1,6,490,12.0
2024-01-15,S01,台北信義店,北區,C02,零食,123,56.3,0,0,0,336,7.0
2024-01-16,S01,台北信義店,北區,C02,零食,155,56.1,0,0,1,433,7.6
2024-01-17,S01,台北信義店,北區,C02,零食,190,48.1,1,0,2,460,8.2
2024-01-18,S01,台北信義店,北區,C02,零食,197,45.8,1,0,3,590,8.0
2024-01-19,S01,台北信義店,北區,C02,零食,124,58.0,0,0,4,363,7.1
2024-01-20,S01,台北信義店,北區,C02,零食,252,52.0,0,1,5,854,12.0
2024-01-21,S01,台北信義店,北區,C02,零食,221,53.0,0,1,6,554,12.1
2024-01-22,S01,台北信義店,北區,C02,零食,129,52.1,0,0,0,276,7.2
2024-01-23,S01,台北信義店,北區,C02,零食,128,54.0,0,0,1,364,6.8
2024-01-24,S01,台北信義店,北區,C02,零食,152,56.6,0,0,2,453,7.1
2024-01-25,S01,台北信義店,北區,C02,零食,164,49.9,0,0,3,341,8.2
2024-01-26,S01,台北信義店,北區,C02,零食,203,54.1,0,0,4,561,7.4
2024-01-27,S01,台北信義店,北區,C02,零食,243,54.9,0,1,5,636,11.4
2024-01-28,S01,台北信義店,北區,C02,零食,233,55.4,0,1,6,606,11.7
2024-01-29,S01,台北信義店,北區,C02,零食,125,51.7,0,0,0,343,8.1
2024-01-30,S01,台北信義店,北區,C02,零食,138,56.3,0,0,1,374,7.1
2024-01-31,S01,台北信義店,北區,C02,零食,134,49.8,0,0,2,373,6.9
2024-02-01,S01,台北信義店,北區,C02,零食,162,46.6,1,0,3,440,8.8
2024-02-02,S01,台北信義店,北區,C02,零食,139,61.5,0,0,4,406,7.1
2024-02-03,S01,台北信義店,北區,C02,零食,207,54.1,0,1,5,355,11.4
2024-02-04,S01,台北信義店,北區,C02,零食,194,58.9,0,1,6,535,10.5
2024-02-05,S01,台北信義店,北區,C02,零食,102,50.4,0,0,0,229,6.1
2024-02-06,S01,台北信義店,北區,C02,零食,121,54.7,0,0,1,423,7.0
2024-02-07,S01,台北信義店,北區,C02,零食,124,53.9,0,0,2,407,7.5
2024-02-08,S01,台北信義店,北區,C02,零食,112,53.5,0,0,3,370,6.1
2024-02-09,S01,台北信義店,北區,C02,零食,248,51.8,1,0,4,689,9.9
2024-02-10,S01,台北信義店,北區,C02,零食,176,55.4,0,1,5,336,9.8
2024-02-11,S01,台北信義店,北區,C02,零食,214,54.4,0,1,6,365,11.2
2024-02-12,S01,台北信義店,北區,C02,零食,125,59.4,0,0,0,235,7.0
2024-02-13,S01,台北信義店,北區,C02,零食,125,56.1,0,0,1,234,6.1
2024-02-14,S01,台北信義店,北區,C02,零食,222,48.5,1,0,2,496,9.4
2024-02-15,S01,台北信義店,北區,C02,零食,132,57.4,0,0,3,312,7.4
2024-02-16,S01,台北信義店,北區,C02,零食,144,57.5,0,0,4,507,7.4
2024-02-17,S01,台北信義店,北區,C02,零食,248,50.8,0,1,5,503,11.8
2024-02-18,S01,台北信義店,北區,C02,零食,310,50.5,1,1,6,932,12.8
2024-02-19,S01,台北信義店,北區,C02,零食,106,50.7,0,0,0,316,5.9
2024-02-20,S01,台北信義店,北區,C02,零食,141,52.2,0,0,1,310,7.4
2024-02-21,S01,台北信義店,北區,C02,零食,138,57.1,0,0,2,359,6.8
2024-02-22,S01,台北信義店,北區,C02,零食,112,52.3,0,0,3,375,6.4
2024-02-23,S01,台北信義店,北區,C02,零食,142,53.9,0,0,4,464,6.9
2024-02-24,S01,台北信義店,北區,C02,零食,222,56.5,0,1,5,767,11.4
2024-02-25,S01,台北信義店,北區,C02,零食,325,49.7,1,1,6,878,14.9
2024-02-26,S01,台北信義店,北區,C02,零食,133,55.7,0,0,0,334,6.5
2024-02-27,S01,台北信義店,北區,C02,零食,195,44.3,1,0,1,365,8.7
2024-02-28,S01,台北信義店,北區,C02,零食,249,48.6,1,1,2,767,12.5
2024-02-29,S01,台北信義店,北區,C02,零食,136,52.4,0,0,3,215,7.5
2024-03-01,S01,台北信義店,北區,C02,零食,207,48.4,1,0,4,429,9.6
2024-03-02,S01,台北信義店,北區,C02,零食,219,54.5,0,1,5,356,10.1
2024-03-03,S01,台北信義店,北區,C02,零食,205,55.3,0,1,6,659,11.4
2024-03-04,S01,台北信義店,北區,C02,零食,138,57.6,0,0,0,388,6.4
2024-03-05,S01,台北信義店,北區,C02,零食,243,50.5,1,0,1,522,9.8
2024-03-06,S01,台北信義店,北區,C02,零食,149,53.3,0,0,2,461,7.5
2024-03-07,S01,台北信義店,北區,C02,零食,113,58.1,0,0,3,370,6.8
2024-03-08,S01,台北信義店,北區,C02,零食,170,47.8,0,0,4,396,8.1
2024-03-09,S01,台北信義店,北區,C02,零食,193,51.7,0,1,5,543,10.6
2024-03-10,S01,台北信義店,北區,C02,零食,286,48.3,1,1,6,862,12.6
2024-03-11,S01,台北信義店,北區,C02,零食,133,50.9,0,0,0,321,7.6
2024-03-12,S01,台北信義店,北區,C02,零食,96,53.1,0,0,1,341,6.2
2024-03-13,S01,台北信義店,北區,C02,零食,142,50.3,0,0,2,381,7.6
2024-03-14,S01,台北信義店,北區,C02,零食,153,57.0,0,0,3,245,8.2
2024-03-15,S01,台北信義店,北區,C02,零食,157,59.3,0,0,4,449,8.1
2024-03-16,S01,台北信義店,北區,C02,零食,216,55.6,0,1,5,632,11.5
2024-03-17,S01,台北信義店,北區,C02,零食,345,51.1,1,1,6,885,14.6
2024-03-18,S01,台北信義店,北區,C02,零食,168,45.5,1,0,0,533,8.5
2024-03-19,S01,台北信義店,北區,C02,零食,127,51.9,0,0,1,263,8.0
2024-03-20,S01,台北信義店,北區,C02,零食,148,55.7,0,0,2,461,8.1
2024-03-21,S01,台北信義店,北區,C02,零食,135,58.4,0,0,3,366,7.5
2024-03-22,S01,台北信義店,北區,C02,零食,167,57.6,0,0,4,508,9.6
2024-03-23,S01,台北信義店,北區,C02,零食,228,53.5,0,1,5,410,11.7
2024-03-24,S01,台北信義店,北區,C02,零食,218,58.1,0,1,6,392,12.0
2024-03-25,S01,台北信義店,北區,C02,零食,95,57.9,0,0,0,286,6.9
2024-03-26,S01,台北信義店,北區,C02,零食,147,59.7,0,0,1,501,7.8
2024-03-27,S01,台北信義店,北區,C02,零食,137,54.4,0,0,2,434,7.3
2024-03-28,S01,台北信義店,北區,C02,零食,207,48.7,1,0,3,339,8.8
2024-03-29,S01,台北信義店,北區,C02,零食,154,57.2,0,0,4,382,9.0
2024-03-30,S01,台北信義店,北區,C02,零食,285,55.2,0,1,5,674,12.9
2024-03-31,S01,台北信義店,北區,C02,零食,199,57.7,0,1,6,592,10.6
2024-04-01,S01,台北信義店,北區,C02,零食,125,56.2,0,0,0,411,8.0
2024-04-02,S01,台北信義店,北區,C02,零食,135,56.4,0,0,1,323,6.8
2024-04-03,S01,台北信義店,北區,C02,零食,158,48.0,0,0,2,318,8.2
2024-04-04,S01,台北信義店,北區,C02,零食,177,55.7,0,1,3,302,10.1
2024-04-05,S01,台北信義店,北區,C02,零食,354,47.1,1,1,4,673,15.2
2024-04-06,S01,台北信義店,北區,C02,零食,230,50.1,0,1,5,772,11.1
2024-04-07,S01,台北信義店,北區,C02,零食,257,51.3,0,1,6,404,12.1
2024-04-08,S01,台北信義店,北區,C02,零食,146,50.3,0,0,0,444,7.5
2024-04-09,S01,台北信義店,北區,C02,零食,161,53.8,0,0,1,401,7.4
2024-04-10,S01,台北信義店,北區,C02,零食,168,51.1,0,0,2,581,8.0
2024-04-11,S01,台北信義店,北區,C02,零食,153,53.2,0,0,3,493,7.0
2024-04-12,S01,台北信義店,北區,C02,零食,173,53.1,0,0,4,357,8.5
2024-04-13,S01,台北信義店,北區,C02,零食,245,53.4,0,1,5,633,11.7
2024-04-14,S01,台北信義店,北區,C02,零食,265,55.4,0,1,6,932,11.6
2024-04-15,S01,台北信義店,北區,C02,零食,159,56.1,0,0,0,346,8.4
2024-04-16,S01,台北信義店,北區,C02,零食,157,52.1,0,0,1,526,7.6
2024-04-17,S01,台北信義店,北區,C02,零食,155,56.3,0,0,2,318,7.9
2024-04-18,S01,台北信義店,北區,C02,零食,133,53.3,0,0,3,245,6.7
2024-04-19,S01,台北信義店,北區,C02,零食,195,58.0,0,0,4,330,9.5
2024-04-20,S01,台北信義店,北區,C02,零食,247,54.3,0,1,5,420,11.7
2024-04-21,S01,台北信義店,北區,C02,零食,226,55.7,0,1,6,508,11.9
2024-04-22,S01,台北信義店,北區,C02,零食,122,57.1,0,0,0,326,7.4
2024-04-23,S01,台北信義店,北區,C02,零食,166,56.3,0,0,1,373,7.4
2024-04-24,S01,台北信義店,北區,C02,零食,134,52.8,0,0,2,387,7.2
2024-04-25,S01,台北信義店,北區,C02,零食,128,53.8,0,0,3,287,8.1
2024-04-26,S01,台北信義店,北區,C02,零食,155,61.8,0,0,4,541,8.4
2024-04-27,S01,台北信義店,北區,C02,零食,248,54.3,0,1,5,640,12.7
2024-04-28,S01,台北信義店,北區,C02,零食,242,49.1,0,1,6,584,11.5
2024-04-29,S01,台北信義店,北區,C02,零食,149,58.4,0,0,0,455,7.9
2024-04-30,S01,台北信義店,北區,C02,零食,153,58.8,0,0,1,269,8.6
2024-05-01,S01,台北信義店,北區,C02,零食,192,55.2,0,1,2,398,11.2
2024-05-02,S01,台北信義店,北區,C02,零食,157,54.2,0,0,3,353,8.3
2024-05-03,S01,台北信義店,北區,C02,零食,274,46.3,1,0,4,597,11.1
2024-05-04,S01,台北信義店,北區,C02,零食,212,53.5,0,1,5,519,11.6
2024-05-05,S01,台北信義店,北區,C02,零食,236,60.7,0,1,6,536,11.9
2024-05-06,S01,台北信義店,北區,C02,零食,150,59.2,0,0,0,527,8.0
2024-05-07,S01,台北信義店,北區,C02,零食,161,54.5,0,0,1,500,7.4
2024-05-08,S01,台北信義店,北區,C02,零食,236,47.7,1,0,2,842,9.5
2024-05-09,S01,台北信義店,北區,C02,零食,178,52.9,0,0,3,538,8.6
2024-05-10,S01,台北信義店,北區,C02,零食,193,51.9,0,0,4,684,9.7
2024-05-11,S01,台北信義店,北區,C02,零食,256,53.4,0,1,5,520,11.8
2024-05-12,S01,台北信義店,北區,C02,零食,269,55.6,0,1,6,523,14.2
2024-05-13,S01,台北信義店,北區,C02,零食,140,52.5,0,0,0,225,7.6
2024-05-14,S01,台北信義店,北區,C02,零食,150,54.0,0,0,1,320,7.3
2024-05-15,S01,台北信義店,北區,C02,零食,163,57.3,0,0,2,482,7.7
2024-05-16,S01,台北信義店,北區,C02,零食,154,50.5,0,0,3,411,8.1
2024-05-17,S01,台北信義店,北區,C02,零食,257,48.6,1,0,4,695,10.5
2024-05-18,S01,台北信義店,北區,C02,零食,381,48.9,1,1,5,1170,15.4
2024-05-19,S01,台北信義店,北區,C02,零食,250,55.5,0,1,6,686,12.4
2024-05-20,S01,台北信義店,北區,C02,零食,143,58.5,0,0,0,496,7.5
2024-05-21,S01,台北信義店,北區,C02,零食,135,57.3,0,0,1,396,7.4
2024-05-22,S01,台北信義店,北區,C02,零食,232,46.6,1,0,2,576,9.7
2024-05-23,S01,台北信義店,北區,C02,零食,142,56.2,0,0,3,409,7.0
2024-05-24,S01,台北信義店,北區,C02,零食,177,57.4,0,0,4,399,8.2
2024-05-25,S01,台北信義店,北區,C02,零食,303,49.5,0,1,5,658,13.1
2024-05-26,S01,台北信義店,北區,C02,零食,221,57.9,0,1,6,561,11.4
2024-05-27,S01,台北信義店,北區,C02,零食,162,50.5,0,0,0,391,7.1
2024-05-28,S01,台北信義店,北區,C02,零食,157,55.4,0,0,1,374,8.1
2024-05-29,S01,台北信義店,北區,C02,零食,175,51.5,0,0,2,425,8.9
2024-05-30,S01,台北信義店,北區,C02,零食,165,52.8,0,0,3,315,7.0
2024-05-31,S01,台北信義店,北區,C02,零食,169,54.8,0,0,4,587,8.7
2024-06-01,S01,台北信義店,北區,C02,零食,280,56.0,0,1,5,528,13.3
2024-06-02,S01,台北信義店,北區,C02,零食,245,51.1,0,1,6,653,12.4
2024-06-03,S01,台北信義店,北區,C02,零食,131,53.8,0,0,0,381,6.9
2024-06-04,S01,台北信義店,北區,C02,零食,152,54.3,0,0,1,538,8.4
2024-06-05,S01,台北信義店,北區,C02,零食,128,58.5,0,0,2,256,7.7
2024-06-06,S01,台北信義店,北區,C02,零食,156,55.5,0,0,3,336,7.2
2024-06-07,S01,台北信義店,北區,C02,零食,177,54.0,0,0,4,616,8.3
2024-06-08,S01,台北信義店,北區,C02,零食,220,54.3,0,1,5,498,11.8
2024-06-09,S01,台北信義店,北區,C02,零食,271,54.9,0,1,6,596,13.4
2024-06-10,S01,台北信義店,北區,C02,零食,149,52.9,0,0,0,478,7.8
2024-06-11,S01,台北信義店,北區,C02,零食,227,45.1,1,0,1,553,10.5
2024-06-12,S01,台北信義店,北區,C02,零食,159,54.5,0,0,2,455,7.6
2024-06-13,S01,台北信義店,北區,C02,零食,162,50.3,0,0,3,499,8.6
2024-06-14,S01,台北信義店,北區,C02,零食,322,42.3,1,0,4,1068,12.8
2024-06-15,S01,台北信義店,北區,C02,零食,281,56.1,0,1,5,946,13.5
2024-06-16,S01,台北信義店,北區,C02,零食,261,50.7,0,1,6,494,11.7
2024-06-17,S01,台北信義店,北區,C02,零食,159,55.4,0,0,0,477,8.2
2024-06-18,S01,台北信義店,北區,C02,零食,145,55.2,0,0,1,307,7.4
2024-06-19,S01,台北信義店,北區,C02,零食,144,58.6,0,0,2,437,8.0
2024-06-20,S01,台北信義店,北區,C02,零食,186,54.6,0,0,3,405,8.1
2024-06-21,S01,台北信義店,北區,C02,零食,299,44.1,1,0,4,1041,12.0
2024-06-22,S01,台北信義店,北區,C02,零食,244,57.8,0,1,5,780,11.6
2024-06-23,S01,台北信義店,北區,C02,零食,263,56.7,0,1,6,875,12.2
2024-06-24,S01,台北信義店,北區,C02,零食,138,54.4,0,0,0,465,7.6
2024-06-25,S01,台北信義店,北區,C02,零食,170,54.3,0,0,1,615,8.5
2024-06-26,S01,台北信義店,北區,C02,零食,158,57.9,0,0,2,452,7.9
2024-06-27,S01,台北信義店,北區,C02,零食,164,55.8,0,0,3,275,7.4
2024-06-28,S01,台北信義店,北區,C02,零食,188,53.5,0,0,4,493,8.2
2024-06-29,S01,台北信義店,北區,C02,零食,253,55.3,0,1,5,764,11.7
2024-06-30,S01,台北信義店,北區,C02,零食,273,56.6,0,1,6,691,13.1
2024-07-01,S01,台北信義店,北區,C02,零食,146,53.2,0,0,0,432,8.3
2024-07-02,S01,台北信義店,北區,C02,零食,175,53.5,0,0,1,347,8.4
2024-07-03,S01,台北信義店,北區,C02,零食,173,51.8,0,0,2,285,8.6
2024-07-04,S01,台北信義店,北區,C02,零食,147,53.5,0,0,3,457,8.5
2024-07-05,S01,台北信義店,北區,C02,零食,195,55.4,0,0,4,320,9.0
2024-07-06,S01,台北信義店,北區,C02,零食,297,54.7,0,1,5,577,12.9
2024-07-07,S01,台北信義店,北區,C02,零食,260,52.4,0,1,6,699,12.3
2024-07-08,S01,台北信義店,北區,C02,零食,157,57.5,0,0,0,355,7.6
2024-07-09,S01,台北信義店,北區,C02,零食,291,41.3,1,0,1,1016,11.8
2024-07-10,S01,台北信義店,北區,C02,零食,163,54.0,0,0,2,466,8.0
2024-07-11,S01,台北信義店,北區,C02,零食,271,48.1,1,0,3,616,10.4
2024-07-12,S01,台北信義店,北區,C02,零食,190,54.1,0,0,4,389,8.4
2024-07-13,S01,台北信義店,北區,C02,零食,410,47.5,1,1,5,1126,16.4
2024-07-14,S01,台北信義店,北區,C02,零食,288,54.7,0,1,6,676,13.1
2024-07-15,S01,台北信義店,北區,C02,零食,140,58.7,0,0,0,419,8.3
2024-07-16,S01,台北信義店,北區,C02,零食,177,53.4,0,0,1,403,7.8
2024-07-17,S01,台北信義店,北區,C02,零食,174,55.5,0,0,2,408,7.8
2024-07-18,S01,台北信義店,北區,C02,零食,166,57.3,0,0,3,369,8.3
2024-07-19,S01,台北信義店,北區,C02,零食,242,47.5,1,0,4,505,9.9
2024-07-20,S01,台北信義店,北區,C02,零食,468,48.7,1,1,5,1338,17.8
2024-07-21,S01,台北信義店,北區,C02,零食,261,57.6,0,1,6,684,13.4
2024-07-22,S01,台北信義店,北區,C02,零食,141,53.1,0,0,0,474,7.6
2024-07-23,S01,台北信義店,北區,C02,零食,173,57.6,0,0,1,413,8.1
2024-07-24,S01,台北信義店,北區,C02,零食,157,51.0,0,0,2,554,8.3
2024-07-25,S01,台北信義店,北區,C02,零食,185,54.9,0,0,3,648,8.3
2024-07-26,S01,台北信義店,北區,C02,零食,189,52.2,0,0,4,494,9.2
2024-07-27,S01,台北信義店,北區,C02,零食,284,56.6,0,1,5,793,13.5
2024-07-28,S01,台北信義店,北區,C02,零食,255,56.1,0,1,6,478,11.8
2024-07-29,S01,台北信義店,北區,C02,零食,184,49.2,0,0,0,503,7.9
2024-07-30,S01,台北信義店,北區,C02,零食,175,51.7,0,0,1,561,8.4
2024-07-31,S01,台北信義店,北區,C02,零食,142,51.3,0,0,2,328,6.9
2024-08-01,S01,台北信義店,北區,C02,零食,167,53.4,0,0,3,317,7.5
2024-08-02,S01,台北信義店,北區,C02,零食,197,53.7,0,0,4,326,9.3
2024-08-03,S01,台北信義店,北區,C02,零食,265,54.9,0,1,5,686,12.9
2024-08-04,S01,台北信義店,北區,C02,零食,251,50.5,0,1,6,701,12.3
2024-08-05,S01,台北信義店,北區,C02,零食,155,50.3,0,0,0,520,7.4
2024-08-06,S01,台北信義店,北區,C02,零食,141,58.1,0,0,1,346,6.9
2024-08-07,S01,台北信義店,北區,C02,零食,154,54.0,0,0,2,378,8.9
2024-08-08,S01,台北信義店,北區,C02,零食,252,44.3,1,0,3,440,11.3
2024-08-09,S01,台北信義店,北區,C02,零食,191,56.9,0,0,4,432,8.5
2024-08-10,S01,台北信義店,北區,C02,零食,233,52.0,0,1,5,682,12.2
2024-08-11,S01,台北信義店,北區,C02,零食,404,45.1,1,1,6,698,15.5
2024-08-12,S01,台北信義店,北區,C02,零食,162,55.8,0,0,0,379,7.9
2024-08-13,S01,台北信義店,北區,C02,零食,247,48.4,1,0,1,571,10.3
2024-08-14,S01,台北信義店,北區,C02,零食,156,53.1,0,0,2,337,8.2
2024-08-15,S01,台北信義店,北區,C02,零食,240,45.5,1,0,3,846,9.7
2024-08-16,S01,台北信義店,北區,C02,零食,186,56.2,0,0,4,403,8.5
2024-08-17,S01,台北信義店,北區,C02,零食,252,53.5,0,1,5,745,12.4
2024-08-18,S01,台北信義店,北區,C02,零食,235,55.0,0,1,6,780,11.8
2024-08-19,S01,台北信義店,北區,C02,零食,159,52.8,0,0,0,529,7.8
2024-08-20,S01,台北信義店,北區,C02,零食,250,50.8,1,0,1,750,10.6
2024-08-21,S01,台北信義店,北區,C02,零食,165,54.1,0,0,2,396,8.1
2024-08-22,S01,台北信義店,北區,C02,零食,143,58.8,0,0,3,404,6.7
2024-08-23,S01,台北信義店,北區,C02,零食,224,45.6,1,0,4,408,9.8
2024-08-24,S01,台北信義店,北區,C02,零食,344,49.1,1,1,5,628,14.5
2024-08-25,S01,台北信義店,北區,C02,零食,229,58.1,0,1,6,536,11.8
2024-08-26,S01,台北信義店,北區,C02,零食,133,54.5,0,0,0,284,6.8
2024-08-27,S01,台北信義店,北區,C02,零食,167,60.3,0,0,1,513,8.2
2024-08-28,S01,台北信義店,北區,C02,零食,152,54.6,0,0,2,329,7.8
2024-08-29,S01,台北信義店,北區,C02,零食,156,52.3,0,0,3,404,8.2
2024-08-30,S01,台北信義店,北區,C02,零食,157,60.6,0,0,4,427,8.3
2024-08-31,S01,台北信義店,北區,C02,零食,251,52.6,0,1,5,558,12.8
2024-09-01,S01,台北信義店,北區,C02,零食,245,53.4,0,1,6,592,12.7
2024-09-02,S01,台北信義店,北區,C02,零食,126,55.1,0,0,0,458,6.9
2024-09-03,S01,台北信義店,北區,C02,零食,149,59.1,0,0,1,385,8.4
2024-09-04,S01,台北信義店,北區,C02,零食,152,51.6,0,0,2,544,7.9
2024-09-05,S01,台北信義店,北區,C02,零食,177,54.6,0,0,3,421,8.1
2024-09-06,S01,台北信義店,北區,C02,零食,157,58.1,0,0,4,465,8.1
2024-09-07,S01,台北信義店,北區,C02,零食,256,54.8,0,1,5,755,11.9
2024-09-08,S01,台北信義店,北區,C02,零食,276,57.9,0,1,6,494,11.4
2024-09-09,S01,台北信義店,北區,C02,零食,131,55.5,0,0,0,299,6.7
2024-09-10,S01,台北信義店,北區,C02,零食,131,58.9,0,0,1,228,7.1
2024-09-11,S01,台北信義店,北區,C02,零食,142,50.7,0,0,2,299,8.3
2024-09-12,S01,台北信義店,北區,C02,零食,148,54.6,0,0,3,295,7.6
2024-09-13,S01,台北信義店,北區,C02,零食,156,58.5,0,0,4,270,8.0
2024-09-14,S01,台北信義店,北區,C02,零食,229,51.1,0,1,5,572,11.4
2024-09-15,S01,台北信義店,北區,C02,零食,257,56.1,0,1,6,570,11.7
2024-09-16,S01,台北信義店,北區,C02,零食,138,51.4,0,0,0,278,7.7
2024-09-17,S01,台北信義店,北區,C02,零食,133,54.6,0,0,1,392,7.4
2024-09-18,S01,台北信義店,北區,C02,零食,125,53.7,0,0,2,436,7.2
2024-09-19,S01,台北信義店,北區,C02,零食,158,53.8,0,0,3,290,8.5
2024-09-20,S01,台北信義店,北區,C02,零食,160,54.3,0,0,4,532,8.4
2024-09-21,S01,台北信義店,北區,C02,零食,274,52.9,0,1,5,579,12.4
2024-09-22,S01,台北信義店,北區,C02,零食,263,54.2,0,1,6,696,12.8
2024-09-23,S01,台北信義店,北區,C02,零食,155,53.3,0,0,0,266,7.9
2024-09-24,S01,台北信義店,北區,C02,零食,151,53.9,0,0,1,348,7.8
2024-09-25,S01,台北信義店,北區,C02,零食,126,51.1,0,0,2,218,8.2
2024-09-26,S01,台北信義店,北區,C02,零食,168,52.1,0,0,3,503,8.0
2024-09-27,S01,台北信義店,北區,C02,零食,160,51.5,0,0,4,267,8.2
2024-09-28,S01,台北信義店,北區,C02,零食,240,52.7,0,1,5,624,11.1
2024-09-29,S01,台北信義店,北區,C02,零食,235,54.2,0,1,6,489,12.2
2024-09-30,S01,台北信義店,北區,C02,零食,139,55.2,0,0,0,343,6.6
2024-10-01,S01,台北信義店,北區,C02,零食,242,46.2,1,0,1,761,10.0
2024-10-02,S01,台北信義店,北區,C02,零食,218,42.8,1,0,2,695,9.1
2024-10-03,S01,台北信義店,北區,C02,零食,250,46.5,1,0,3,696,10.1
2024-10-04,S01,台北信義店,北區,C02,零食,170,54.6,0,0,4,516,9.0
2024-10-05,S01,台北信義店,北區,C02,零食,225,60.2,0,1,5,557,11.5
2024-10-06,S01,台北信義店,北區,C02,零食,269,51.2,0,1,6,858,12.1
2024-10-07,S01,台北信義店,北區,C02,零食,118,54.0,0,0,0,356,6.6
2024-10-08,S01,台北信義店,北區,C02,零食,132,51.3,0,0,1,434,6.4
2024-10-09,S01,台北信義店,北區,C02,零食,139,55.6,0,0,2,341,7.5
2024-10-10,S01,台北信義店,北區,C02,零食,163,57.0,0,1,3,341,9.6
2024-10-11,S01,台北信義店,北區,C02,零食,243,46.3,1,0,4,423,10.3
2024-10-12,S01,台北信義店,北區,C02,零食,216,52.5,0,1,5,477,10.9
2024-10-13,S01,台北信義店,北區,C02,零食,240,51.8,0,1,6,470,11.7
2024-10-14,S01,台北信義店,北區,C02,零食,133,52.0,0,0,0,348,7.1
2024-10-15,S01,台北信義店,北區,C02,零食,108,53.2,0,0,1,314,6.3
2024-10-16,S01,台北信義店,北區,C02,零食,162,52.6,0,0,2,440,8.6
2024-10-17,S01,台北信義店,北區,C02,零食,136,57.7,0,0,3,429,7.5
2024-10-18,S01,台北信義店,北區,C02,零食,165,56.3,0,0,4,423,8.1
2024-10-19,S01,台北信義店,北區,C02,零食,221,56.3,0,1,5,514,11.2
2024-10-20,S01,台北信義店,北區,C02,零食,244,51.9,0,1,6,525,12.4
2024-10-21,S01,台北信義店,北區,C02,零食,120,59.2,0,0,0,406,6.7
2024-10-22,S01,台北信義店,北區,C02,零食,151,49.9,0,0,1,404,8.0
2024-10-23,S01,台北信義店,北區,C02,零食,122,57.2,0,0,2,223,6.4
2024-10-24,S01,台北信義店,北區,C02,零食,129,56.9,0,0,3,462,6.8
2024-10-25,S01,台北信義店,北區,C02,零食,136,58.3,0,0,4,407,6.8
2024-10-26,S01,台北信義店,北區,C02,零食,259,55.0,0,1,5,817,11.9
2024-10-27,S01,台北信義店,北區,C02,零食,224,53.7,0,1,6,425,11.7
2024-10-28,S01,台北信義店,北區,C02,零食,126,57.5,0,0,0,371,6.6
2024-10-29,S01,台北信義店,北區,C02,零食,138,57.7,0,0,1,265,7.9
2024-10-30,S01,台北信義店,北區,C02,零食,139,54.8,0,0,2,404,7.7
2024-10-31,S01,台北信義店,北區,C02,零食,210,51.1,1,0,3,564,9.0
2024-11-01,S01,台北信義店,北區,C02,零食,166,54.7,0,0,4,337,8.1
2024-11-02,S01,台北信義店,北區,C02,零食,244,57.2,0,1,5,553,11.9
2024-11-03,S01,台北信義店,北區,C02,零食,241,56.0,0,1,6,715,12.1
2024-11-04,S01,台北信義店,北區,C02,零食,132,52.7,0,0,0,284,6.9
2024-11-05,S01,台北信義店,北區,C02,零食,150,59.0,0,0,1,324,8.3
2024-11-06,S01,台北信義店,北區,C02,零食,133,53.9,0,0,2,335,6.7
2024-11-07,S01,台北信義店,北區,C02,零食,144,56.6,0,0,3,482,7.8
2024-11-08,S01,台北信義店,北區,C02,零食,164,62.0,0,0,4,285,8.1
2024-11-09,S01,台北信義店,北區,C02,零食,220,56.2,0,1,5,581,11.1
2024-11-10,S01,台北信義店,北區,C02,零食,211,66.4,0,1,6,672,10.7
2024-11-11,S01,台北信義店,北區,C02,零食,209,43.8,1,0,0,485,8.9
2024-11-12,S01,台北信義店,北區,C02,零食,228,43.5,1,0,1,788,9.6
2024-11-13,S01,台北信義店,北區,C02,零食,159,52.3,0,0,2,305,8.0
2024-11-14,S01,台北信義店,北區,C02,零食,173,54.7,0,0,3,436,8.2
2024-11-15,S01,台北信義店,北區,C02,零食,161,49.9,0,0,4,555,8.4
2024-11-16,S01,台北信義店,北區,C02,零食,252,49.9,0,1,5,889,10.9
2024-11-17,S01,台北信義店,北區,C02,零食,218,56.3,0,1,6,511,11.7
2024-11-18,S01,台北信義店,北區,C02,零食,131,53.3,0,0,0,449,7.2
2024-11-19,S01,台北信義店,北區,C02,零食,146,51.4,0,0,1,302,7.4
2024-11-20,S01,台北信義店,北區,C02,零食,134,54.2,0,0,2,459,8.1
2024-11-21,S01,台北信義店,北區,C02,零食,144,54.3,0,0,3,452,8.1
2024-11-22,S01,台北信義店,北區,C02,零食,129,54.9,0,0,4,396,7.4
2024-11-23,S01,台北信義店,北區,C02,零食,204,56.6,0,1,5,359,11.1
2024-11-24,S01,台北信義店,北區,C02,零食,199,54.3,0,1,6,392,10.2
2024-11-25,S01,台北信義店,北區,C02,零食,132,53.2,0,0,0,455,7.3
2024-11-26,S01,台北信義店,北區,C02,零食,121,53.5,0,0,1,320,6.8
2024-11-27,S01,台北信義店,北區,C02,零食,128,52.3,0,0,2,400,8.0
2024-11-28,S01,台北信義店,北區,C02,零食,195,46.2,1,0,3,705,9.4
2024-11-29,S01,台北信義店,北區,C02,零食,152,55.7,0,0,4,438,7.9
2024-11-30,S01,台北信義店,北區,C02,零食,229,50.5,0,1,5,717,11.3
2024-12-01,S01,台北信義店,北區,C02,零食,255,54.8,0,1,6,442,12.0
2024-12-02,S01,台北信義店,北區,C02,零食,234,44.4,1,0,0,619,9.8
2024-12-03,S01,台北信義店,北區,C02,零食,145,57.9,0,0,1,344,7.6
2024-12-04,S01,台北信義店,北區,C02,零食,167,58.5,0,0,2,376,8.3
2024-12-05,S01,台北信義店,北區,C02,零食,154,59.0,0,0,3,361,7.6
2024-12-06,S01,台北信義店,北區,C02,零食,169,57.1,0,0,4,379,8.1
2024-12-07,S01,台北信義店,北區,C02,零食,245,55.0,0,1,5,645,11.9
2024-12-08,S01,台北信義店,北區,C02,零食,226,62.8,0,1,6,744,11.9
2024-12-09,S01,台北信義店,北區,C02,零食,146,54.5,0,0,0,449,7.4
2024-12-10,S01,台北信義店,北區,C02,零食,243,48.7,1,0,1,689,10.0
2024-12-11,S01,台北信義店,北區,C02,零食,152,55.5,0,0,2,531,8.5
2024-12-12,S01,台北信義店,北區,C02,零食,139,53.8,0,0,3,283,7.1
2024-12-13,S01,台北信義店,北區,C02,零食,183,55.6,0,0,4,575,8.7
2024-12-14,S01,台北信義店,北區,C02,零食,256,56.1,0,1,5,804,12.3
2024-12-15,S01,台北信義店,北區,C02,零食,448,46.0,1,1,6,789,18.0
2024-12-16,S01,台北信義店,北區,C02,零食,225,43.4,1,0,0,400,10.2
2024-12-17,S01,台北信義店,北區,C02,零食,158,52.7,0,0,1,437,8.5
2024-12-18,S01,台北信義店,北區,C02,零食,160,54.3,0,0,2,524,8.1
2024-12-19,S01,台北信義店,北區,C02,零食,140,55.9,0,0,3,260,7.5
2024-12-20,S01,台北信義店,北區,C02,零食,158,54.0,0,0,4,492,8.0
2024-12-21,S01,台北信義店,北區,C02,零食,258,52.5,0,1,5,575,12.3
2024-12-22,S01,台北信義店,北區,C02,零食,414,44.5,1,1,6,990,15.5
2024-12-23,S01,台北信義店,北區,C02,零食,149,57.4,0,0,0,272,7.7
2024-12-24,S01,台北信義店,北區,C02,零食,156,55.0,0,0,1,303,8.2
2024-12-25,S01,台北信義店,北區,C02,零食,247,54.5,0,1,2,640,11.5
2024-12-26,S01,台北信義店,北區,C02,零食,172,54.0,0,0,3,307,8.4
2024-12-27,S01,台北信義店,北區,C02,零食,296,47.5,1,0,4,648,11.8
2024-12-28,S01,台北信義店,北區,C02,零食,234,50.1,0,1,5,606,11.7
2024-12-29,S01,台北信義店,北區,C02,零食,245,51.4,0,1,6,751,11.9
2024-12-30,S01,台北信義店,北區,C02,零食,144,55.8,0,0,0,509,7.6
2023-01-01,S01,台北信義店,北區,C03,鮮食,123,74.2,0,1,6,360,9.0
2023-01-02,S01,台北信義店,北區,C03,鮮食,54,81.4,0,0,0,149,4.8
2023-01-03,S01,台北信義店,北區,C03,鮮食,63,79.9,0,0,1,156,7.0
2023-01-04,S01,台北信義店,北區,C03,鮮食,65,77.9,0,0,2,167,6.4
2023-01-05,S01,台北信義店,北區,C03,鮮食,60,85.0,0,0,3,182,5.7
2023-01-06,S01,台北信義店,北區,C03,鮮食,82,79.8,0,0,4,148,5.4
2023-01-07,S01,台北信義店,北區,C03,鮮食,109,90.4,0,1,5,205,9.2
2023-01-08,S01,台北信義店,北區,C03,鮮食,100,78.2,0,1,6,267,7.7
2023-01-09,S01,台北信義店,北區,C03,鮮食,70,77.7,0,0,0,264,5.3
2023-01-10,S01,台北信義店,北區,C03,鮮食,56,78.5,0,0,1,120,5.8
2023-01-11,S01,台北信義店,北區,C03,鮮食,80,74.9,0,0,2,262,6.2
2023-01-12,S01,台北信義店,北區,C03,鮮食,63,76.9,0,0,3,208,4.9
2023-01-13,S01,台北信義店,北區,C03,鮮食,57,80.1,0,0,4,141,6.1
2023-01-14,S01,台北信義店,北區,C03,鮮食,109,81.8,0,1,5,340,9.1
2023-01-15,S01,台北信義店,北區,C03,鮮食,117,81.6,0,1,6,417,9.8
2023-01-16,S01,台北信義店,北區,C03,鮮食,64,80.2,0,0,0,151,5.5
2023-01-17,S01,台北信義店,北區,C03,鮮食,65,80.4,0,0,1,176,5.1
2023-01-18,S01,台北信義店,北區,C03,鮮食,88,63.2,1,0,2,153,5.9
2023-01-19,S01,台北信義店,北區,C03,鮮食,71,79.5,0,0,3,145,5.2
2023-01-20,S01,台北信義店,北區,C03,鮮食,70,74.8,0,0,4,220,5.8
2023-01-21,S01,台北信義店,北區,C03,鮮食,125,82.1,0,1,5,295,8.6
2023-01-22,S01,台北信義店,北區,C03,鮮食,112,81.0,0,1,6,226,8.1
2023-01-23,S01,台北信義店,北區,C03,鮮食,66,78.9,0,0,0,196,5.0
2023-01-24,S01,台北信義店,北區,C03,鮮食,62,81.7,0,0,1,196,5.3
2023-01-25,S01,台北信義店,北區,C03,鮮食,69,74.0,0,0,2,249,5.6
2023-01-26,S01,台北信義店,北區,C03,鮮食,73,76.3,0,0,3,254,5.6
2023-01-27,S01,台北信義店,北區,C03,鮮食,89,79.8,0,0,4,190,5.9
2023-01-28,S01,台北信義店,北區,C03,鮮食,112,71.8,0,1,5,231,9.3
2023-01-29,S01,台北信義店,北區,C03,鮮食,125,76.3,0,1,6,210,9.4
2023-01-30,S01,台北信義店,北區,C03,鮮食,59,85.5,0,0,0,218,5.9
2023-01-31,S01,台北信義店,北區,C03,鮮食,69,76.9,0,0,1,194,5.7
2023-02-01,S01,台北信義店,北區,C03,鮮食,57,81.4,0,0,2,148,5.3
2023-02-02,S01,台北信義店,北區,C03,鮮食,59,81.3,0,0,3,137,6.1
2023-02-03,S01,台北信義店,北區,C03,鮮食,71,85.1,0,0,4,183,6.7
2023-02-04,S01,台北信義店,北區,C03,鮮食,106,81.3,0,1,5,260,7.5
2023-02-05,S01,台北信義店,北區,C03,鮮食,106,87.4,0,1,6,338,7.8
2023-02-06,S01,台北信義店,北區,C03,鮮食,86,71.1,1,0,0,296,7.0
2023-02-07,S01,台北信義店,北區,C03,鮮食,88,86.8,0,0,1,227,6.4
2023-02-08,S01,台北信義店,北區,C03,鮮食,63,77.3,0,0,2,223,6.2
2023-02-09,S01,台北信義店,北區,C03,鮮食,60,85.7,0,0,3,207,6.5
2023-02-10,S01,台北信義店,北區,C03,鮮食,86,83.6,0,0,4,253,5.5
2023-02-11,S01,台北信義店,北區,C03,鮮食,106,79.3,0,1,5,337,7.9
2023-02-12,S01,台北信義店,北區,C03,鮮食,144,71.1,1,1,6,378,9.8
2023-02-13,S01,台北信義店,北區,C03,鮮食,57,80.7,0,0,0,155,5.5
2023-02-14,S01,台北信義店,北區,C03,鮮食,81,70.2,1,0,1,254,6.4
2023-02-15,S01,台北信義店,北區,C03,鮮食,72,76.3,0,0,2,196,6.2
2023-02-16,S01,台北信義店,北區,C03,鮮食,68,79.1,0,0,3,202,6.0
2023-02-17,S01,台北信義店,北區,C03,鮮食,90,69.4,1,0,4,208,6.1
2023-02-18,S01,台北信義店,北區,C03,鮮食,167,64.9,1,1,5,490,10.5
2023-02-19,S01,台北信義店,北區,C03,鮮食,123,82.4,0,1,6,390,8.7
2023-02-20,S01,台北信義店,北區,C03,鮮食,71,84.7,0,0,0,235,5.6
2023-02-21,S01,台北信義店,北區,C03,鮮食,80,79.8,0,0,1,218,6.1
2023-02-22,S01,台北信義店,北區,C03,鮮食,72,75.8,0,0,2,140,6.2
2023-02-23,S01,台北信義店,北區,C03,鮮食,93,70.0,1,0,3,185,5.6
2023-02-24,S01,台北信義店,北區,C03,鮮食,71,86.9,0,0,4,228,5.9
2023-02-25,S01,台北信義店,北區,C03,鮮食,149,76.5,0,1,5,340,9.2
2023-02-26,S01,台北信義店,北區,C03,鮮食,120,79.8,0,1,6,404,9.3
2023-02-27,S01,台北信義店,北區,C03,鮮食,81,77.3,0,0,0,264,6.0
2023-02-28,S01,台北信義店,北區,C03,鮮食,126,69.0,1,1,1,281,8.9
2023-03-01,S01,台北信義店,北區,C03,鮮食,68,75.7,0,0,2,230,5.1
2023-03-02,S01,台北信義店,北區,C03,鮮食,80,79.7,0,0,3,261,6.1
2023-03-03,S01,台北信義店,北區,C03,鮮食,89,78.6,0,0,4,271,6.5
2023-03-04,S01,台北信義店,北區,C03,鮮食,130,77.5,0,1,5,388,9.5
2023-03-05,S01,台北信義店,北區,C03,鮮食,120,74.2,0,1,6,207,9.4
2023-03-06,S01,台北信義店,北區,C03,鮮食,78,86.4,0,0,0,164,5.8
2023-03-07,S01,台北信義店,北區,C03,鮮食,67,81.8,0,0,1,172,5.4
2023-03-08,S01,台北信義店,北區,C03,鮮食,69,82.0,0,0,2,177,6.6
2023-03-09,S01,台北信義店,北區,C03,鮮食,68,76.7,0,0,3,176,6.0
2023-03-10,S01,台北信義店,北區,C03,鮮食,117,83.3,0,0,4,201,6.7
2023-03-11,S01,台北信義店,北區,C03,鮮食,139,84.4,0,1,5,399,9.6
2023-03-12,S01,台北信義店,北區,C03,鮮食,114,81.0,0,1,6,272,9.1
2023-03-13,S01,台北信義店,北區,C03,鮮食,73,79.2,0,0,0,187,5.5
2023-03-14,S01,台北信義店,北區,C03,鮮食,74,83.1,0,0,1,230,5.8
2023-03-15,S01,台北信義店,北區,C03,鮮食,123,67.4,1,0,2,256,7.4
2023-03-16,S01,台北信義店,北區,C03,鮮食,87,78.6,0,0,3,205,6.2
2023-03-17,S01,台北信義店,北區,C03,鮮食,112,76.8,0,0,4,308,6.5
2023-03-18,S01,台北信義店,北區,C03,鮮食,164,78.6,0,1,5,585,10.1
2023-03-19,S01,台北信義店,北區,C03,鮮食,178,72.5,1,1,6,451,11.5
2023-03-20,S01,台北信義店,北區,C03,鮮食,62,78.3,0,0,0,195,5.0
2023-03-21,S01,台北信義店,北區,C03,鮮食,82,79.1,0,0,1,182,6.1
2023-03-22,S01,台北信義店,北區,C03,鮮食,86,75.4,0,0,2,197,5.7
2023-03-23,S01,台北信義店,北區,C03,鮮食,83,79.0,0,0,3,224,7.2
2023-03-24,S01,台北信義店,北區,C03,鮮食,96,64.6,1,0,4,327,6.6
2023-03-25,S01,台北信義店,北區,C03,鮮食,116,77.7,0,1,5,292,8.7
2023-03-26,S01,台北信義店,北區,C03,鮮食,171,68.1,1,1,6,414,9.9
2023-03-27,S01,台北信義店,北區,C03,鮮食,69,79.6,0,0,0,172,5.6
2023-03-28,S01,台北信義店,北區,C03,鮮食,84,78.5,0,0,1,209,6.9
2023-03-29,S01,台北信義店,北區,C03,鮮食,69,80.7,0,0,2,184,6.9
2023-03-30,S01,台北信義店,北區,C03,鮮食,92,76.6,0,0,3,161,5.7
2023-03-31,S01,台北信義店,北區,C03,鮮食,78,82.8,0,0,4,244,5.2
2023-04-01,S01,台北信義店,北區,C03,鮮食,182,62.1,1,1,5,568,11.2
2023-04-02,S01,台北信義店,北區,C03,鮮食,124,76.4,0,1,6,299,8.2
2023-04-03,S01,台北信義店,北區,C03,鮮食,93,70.4,1,0,0,341,5.8
2023-04-04,S01,台北信義店,北區,C03,鮮食,117,80.2,0,1,1,339,9.1
2023-04-05,S01,台北信義店,北區,C03,鮮食,116,88.7,0,1,2,422,9.3
2023-04-06,S01,台北信義店,北區,C03,鮮食,88,80.0,0,0,3,187,6.0
2023-04-07,S01,台北信義店,北區,C03,鮮食,98,74.3,0,0,4,269,6.1
2023-04-08,S01,台北信義店,北區,C03,鮮食,103,79.6,0,1,5,314,10.1
2023-04-09,S01,台北信義店,北區,C03,鮮食,142,85.4,0,1,6,257,10.2
2023-04-10,S01,台北信義店,北區,C03,鮮食,104,64.7,1,0,0,308,6.8
2023-04-11,S01,台北信義店,北區,C03,鮮食,98,77.4,0,0,1,296,5.8
2023-04-12,S01,台北信義店,北區,C03,鮮食,88,83.1,0,0,2,306,6.5
2023-04-13,S01,台北信義店,北區,C03,鮮食,88,82.8,0,0,3,281,6.1
2023-04-14,S01,台北信義店,北區,C03,鮮食,101,82.0,0,0,4,329,6.9
2023-04-15,S01,台北信義店,北區,C03,鮮食,136,84.7,0,1,5,235,10.0
2023-04-16,S01,台北信義店,北區,C03,鮮食,129,78.2,0,1,6,281,8.5
2023-04-17,S01,台北信義店,北區,C03,鮮食,91,77.4,0,0,0,178,7.2
2023-04-18,S01,台北信義店,北區,C03,鮮食,82,81.1,0,0,1,181,6.1
2023-04-19,S01,台北信義店,北區,C03,鮮食,70,86.2,0,0,2,258,5.4
2023-04-20,S01,台北信義店,北區,C03,鮮食,96,80.0,0,0,3,215,6.2
2023-04-21,S01,台北信義店,北區,C03,鮮食,104,79.3,0,0,4,256,6.7
2023-04-22,S01,台北信義店,北區,C03,鮮食,158,82.9,0,1,5,423,9.7
2023-04-23,S01,台北信義店,北區,C03,鮮食,152,70.5,0,1,6,411,8.3
2023-04-24,S01,台北信義店,北區,C03,鮮食,75,84.2,0,0,0,169,6.2
2023-04-25,S01,台北信義店,北區,C03,鮮食,68,77.5,0,0,1,146,6.0
2023-04-26,S01,台北信義店,北區,C03,鮮食,104,73.8,0,0,2,175,5.1
2023-04-27,S01,台北信義店,北區,C03,鮮食,86,81.3,0,0,3,299,6.4
2023-04-28,S01,台北信義店,北區,C03,鮮食,92,75.6,0,0,4,234,6.1
2023-04-29,S01,台北信義店,北區,C03,鮮食,175,73.8,0,1,5,616,9.6
2023-04-30,S01,台北信義店,北區,C03,鮮食,121,83.8,0,1,6,265,9.2
2023-05-01,S01,台北信義店,北區,C03,鮮食,117,76.4,0,1,0,240,9.0
2023-05-02,S01,台北信義店,北區,C03,鮮食,89,78.6,0,0,1,320,6.3
2023-05-03,S01,台北信義店,北區,C03,鮮食,109,82.5,0,0,2,255,7.1
2023-05-04,S01,台北信義店,北區,C03,鮮食,113,71.0,1,0,3,265,7.2
2023-05-05,S01,台北信義店,北區,C03,鮮食,104,80.8,0,0,4,225,6.6
2023-05-06,S01,台北信義店,北區,C03,鮮食,167,76.7,0,1,5,391,9.7
2023-05-07,S01,台北信義店,北區,C03,鮮食,166,66.6,1,1,6,555,10.3
2023-05-08,S01,台北信義店,北區,C03,鮮食,103,73.1,0,0,0,332,6.2
2023-05-09,S01,台北信義店,北區,C03,鮮食,89,76.7,0,0,1,161,5.4
2023-05-10,S01,台北信義店,北區,C03,鮮食,87,75.6,0,0,2,262,6.1
2023-05-11,S01,台北信義店,北區,C03,鮮食,142,65.0,1,0,3,442,8.5
2023-05-12,S01,台北信義店,北區,C03,鮮食,98,75.4,0,0,4,257,6.2
2023-05-13,S01,台北信義店,北區,C03,鮮食,166,75.8,0,1,5,302,10.3
2023-05-14,S01,台北信義店,北區,C03,鮮食,132,73.9,0,1,6,400,8.5
2023-05-15,S01,台北信義店,北區,C03,鮮食,73,82.1,0,0,0,166,5.6
2023-05-16,S01,台北信義店,北區,C03,鮮食,97,77.7,0,0,1,269,6.7
2023-05-17,S01,台北信義店,北區,C03,鮮食,95,80.7,0,0,2,258,7.1
2023-05-18,S01,台北信義店,北區,C03,鮮食,78,82.2,0,0,3,208,6.2
2023-05-19,S01,台北信義店,北區,C03,鮮食,120,69.2,0,0,4,402,6.8
2023-05-20,S01,台北信義店,北區,C03,鮮食,175,79.9,0,1,5,509,10.2
2023-05-21,S01,台北信義店,北區,C03,鮮食,126,81.9,0,1,6,333,9.0
2023-05-22,S01,台北信義店,北區,C03,鮮食,74,84.3,0,0,0,166,6.6
2023-05-23,S01,台北信義店,北區,C03,鮮食,129,68.1,1,0,1,380,7.8
2023-05-24,S01,台北信義店,北區,C03,鮮食,87,82.3,0,0,2,301,6.2
2023-05-25,S01,台北信義店,北區,C03,鮮食,78,86.3,0,0,3,209,5.4
2023-05-26,S01,台北信義店,北區,C03,鮮食,84,81.4,0,0,4,194,6.8
2023-05-27,S01,台北信義店,北區,C03,鮮食,137,77.9,0,1,5,443,10.0
2023-05-28,S01,台北信義店,北區,C03,鮮食,130,79.8,0,1,6,244,8.8
2023-05-29,S01,台北信義店,北區,C03,鮮食,89,76.4,0,0,0,177,7.2
2023-05-30,S01,台北信義店,北區,C03,鮮食,110,76.6,0,0,1,392,7.3
2023-05-31,S01,台北信義店,北區,C03,鮮食,81,78.4,0,0,2,303,5.9
2023-06-01,S01,台北信義店,北區,C03,鮮食,123,65.9,1,0,3,402,7.4
2023-06-02,S01,台北信義店,北區,C03,鮮食,119,76.8,0,0,4,211,7.0
2023-06-03,S01,台北信義店,北區,C03,鮮食,148,84.6,0,1,5,504,9.1
2023-06-04,S01,台北信義店,北區,C03,鮮食,161,81.9,0,1,6,585,10.3
2023-06-05,S01,台北信義店,北區,C03,鮮食,93,77.9,0,0,0,332,6.6
2023-06-06,S01,台北信義店,北區,C03,鮮食,98,80.4,0,0,1,264,6.3
2023-06-07,S01,台北信義店,北區,C03,鮮食,102,68.6,0,0,2,212,6.8
2023-06-08,S01,台北信義店,北區,C03,鮮食,124,70.4,1,0,3,316,6.5
2023-06-09,S01,台北信義店,北區,C03,鮮食,108,80.0,0,0,4,392,7.8
2023-06-10,S01,台北信義店,北區,C03,鮮食,176,75.9,0,1,5,588,10.7
2023-06-11,S01,台北信義店,北區,C03,鮮食,175,75.3,0,1,6,539,10.2
2023-06-12,S01,台北信義店,北區,C03,鮮食,83,80.9,0,0,0,217,5.9
2023-06-13,S01,台北信義店,北區,C03,鮮食,99,80.3,0,0,1,253,5.9
2023-06-14,S01,台北信義店,北區,C03,鮮食,112,82.5,0,0,2,248,6.2
2023-06-15,S01,台北信義店,北區,C03,鮮食,82,84.8,0,0,3,297,5.3
2023-06-16,S01,台北信義店,北區,C03,鮮食,96,79.0,0,0,4,294,6.5
2023-06-17,S01,台北信義店,北區,C03,鮮食,156,75.9,0,1,5,457,9.5
2023-06-18,S01,台北信義店,北區,C03,鮮食,126,83.6,0,1,6,229,8.8
2023-06-19,S01,台北信義店,北區,C03,鮮食,98,68.7,1,0,0,260,6.2
2023-06-20,S01,台北信義店,北區,C03,鮮食,98,83.8,0,0,1,211,5.3
2023-06-21,S01,台北信義店,北區,C03,鮮食,97,72.0,0,0,2,349,6.6
2023-06-22,S01,台北信義店,北區,C03,鮮食,135,67.1,1,0,3,431,7.9
2023-06-23,S01,台北信義店,北區,C03,鮮食,130,72.6,0,0,4,370,8.5
2023-06-24,S01,台北信義店,北區,C03,鮮食,179,80.0,0,1,5,501,10.3
2023-06-25,S01,台北信義店,北區,C03,鮮食,148,86.8,0,1,6,372,9.9
2023-06-26,S01,台北信義店,北區,C03,鮮食,84,81.1,0,0,0,252,6.1
2023-06-27,S01,台北信義店,北區,C03,鮮食,118,89.0,0,0,1,320,8.0
2023-06-28,S01,台北信義店,北區,C03,鮮食,83,84.6,0,0,2,311,6.1
2023-06-29,S01,台北信義店,北區,C03,鮮食,97,85.9,0,0,3,290,6.1
2023-06-30,S01,台北信義店,北區,C03,鮮食,98,79.3,0,0,4,245,7.1
2023-07-01,S01,台北信義店,北區,C03,鮮食,136,78.7,0,1,5,232,9.6
2023-07-02,S01,台北信義店,北區,C03,鮮食,143,85.2,0,1,6,425,9.8
2023-07-03,S01,台北信義店,北區,C03,鮮食,73,82.2,0,0,0,260,6.2
2023-07-04,S01,台北信義店,北區,C03,鮮食,125,66.8,1,0,1,218,6.8
2023-07-05,S01,台北信義店,北區,C03,鮮食,103,75.1,0,0,2,251,6.6
2023-07-06,S01,台北信義店,北區,C03,鮮食,147,60.4,1,0,3,274,8.3
2023-07-07,S01,台北信義店,北區,C03,鮮食,104,86.4,0,0,4,253,6.3
2023-07-08,S01,台北信義店,北區,C03,鮮食,150,83.9,0,1,5,498,9.4
2023-07-09,S01,台北信義店,北區,C03,鮮食,126,84.1,0,1,6,317,9.1
2023-07-10,S01,台北信義店,北區,C03,鮮食,76,78.4,0,0,0,187,5.4
2023-07-11,S01,台北信義店,北區,C03,鮮食,88,78.3,0,0,1,307,6.3
2023-07-12,S01,台北信義店,北區,C03,鮮食,112,79.7,0,0,2,357,7.7
2023-07-13,S01,台北信義店,北區,C03,鮮食,90,77.9,0,0,3,243,6.4
2023-07-14,S01,台北信義店,北區,C03,鮮食,102,76.3,0,0,4,166,5.8
2023-07-15,S01,台北信義店,北區,C03,鮮食,126,80.2,0,1,5,449,9.2
2023-07-16,S01,台北信義店,北區,C03,鮮食,154,87.9,0,1,6,357,10.7
2023-07-17,S01,台北信義店,北區,C03,鮮食,88,84.4,0,0,0,229,6.7
2023-07-18,S01,台北信義店,北區,C03,鮮食,96,80.8,0,0,1,198,6.8
2023-07-19,S01,台北信義店,北區,C03,鮮食,116,78.0,0,0,2,377,7.4
2023-07-20,S01,台北信義店,北區,C03,鮮食,87,79.9,0,0,3,174,6.7
2023-07-21,S01,台北信義店,北區,C03,鮮食,101,76.3,0,0,4,329,6.6
2023-07-22,S01,台北信義店,北區,C03,鮮食,191,66.3,1,1,5,659,10.9
2023-07-23,S01,台北信義店,北區,C03,鮮食,161,79.3,0,1,6,377,9.1
2023-07-24,S01,台北信義店,北區,C03,鮮食,99,78.5,0,0,0,240,7.0
2023-07-25,S01,台北信義店,北區,C03,鮮食,83,78.5,0,0,1,265,5.6
2023-07-26,S01,台北信義店,北區,C03,鮮食,143,75.3,1,0,2,510,7.5
2023-07-27,S01,台北信義店,北區,C03,鮮食,87,81.0,0,0,3,196,6.1
2023-07-28,S01,台北信義店,北區,C03,鮮食,101,73.3,0,0,4,323,6.7
2023-07-29,S01,台北信義店,北區,C03,鮮食,154,74.3,0,1,5,355,9.5
2023-07-30,S01,台北信義店,北區,C03,鮮食,154,84.3,0,1,6,345,9.5
2023-07-31,S01,台北信義店,北區,C03,鮮食,77,81.7,0,0,0,264,6.6
2023-08-01,S01,台北信義店,北區,C03,鮮食,82,79.9,0,0,1,176,6.1
2023-08-02,S01,台北信義店,北區,C03,鮮食,98,71.4,0,0,2,310,6.1
2023-08-03,S01,台北信義店,北區,C03,鮮食,85,80.8,0,0,3,247,6.1
2023-08-04,S01,台北信義店,北區,C03,鮮食,84,81.2,0,0,4,257,6.1
2023-08-05,S01,台北信義店,北區,C03,鮮食,186,81.0,0,1,5,391,10.9
2023-08-06,S01,台北信義店,北區,C03,鮮食,162,84.1,0,1,6,494,9.7
2023-08-07,S01,台北信義店,北區,C03,鮮食,95,71.6,0,0,0,162,6.2
2023-08-08,S01,台北信義店,北區,C03,鮮食,93,78.8,0,0,1,329,5.5
2023-08-09,S01,台北信義店,北區,C03,鮮食,117,82.1,0,0,2,299,5.8
2023-08-10,S01,台北信義店,北區,C03,鮮食,91,82.0,0,0,3,298,6.2
2023-08-11,S01,台北信義店,北區,C03,鮮食,108,78.1,0,0,4,273,6.1
2023-08-12,S01,台北信義店,北區,C03,鮮食,174,81.6,0,1,5,618,9.2
2023-08-13,S01,台北信義店,北區,C03,鮮食,148,76.6,0,1,6,401,10.6
2023-08-14,S01,台北信義店,北區,C03,鮮食,77,88.4,0,0,0,217,6.7
2023-08-15,S01,台北信義店,北區,C03,鮮食,146,60.9,1,0,1,506,7.4
2023-08-16,S01,台北信義店,北區,C03,鮮食,102,75.5,0,0,2,357,6.8
2023-08-17,S01,台北信義店,北區,C03,鮮食,97,82.5,0,0,3,329,6.4
2023-08-18,S01,台北信義店,北區,C03,鮮食,158,68.2,1,0,4,505,7.7
2023-08-19,S01,台北信義店,北區,C03,鮮食,141,77.2,0,1,5,439,9.8
2023-08-20,S01,台北信義店,北區,C03,鮮食,164,85.6,0,1,6,276,10.3
2023-08-21,S01,台北信義店,北區,C03,鮮食,79,83.5,0,0,0,166,6.6
2023-08-22,S01,台北信義店,北區,C03,鮮食,79,79.8,0,0,1,181,5.3
2023-08-23,S01,台北信義店,北區,C03,鮮食,96,79.9,0,0,2,300,6.7
2023-08-24,S01,台北信義店,北區,C03,鮮食,87,80.2,0,0,3,252,6.6
2023-08-25,S01,台北信義店,北區,C03,鮮食,151,65.1,1,0,4,439,7.9
2023-08-26,S01,台北信義店,北區,C03,鮮食,161,79.4,0,1,5,474,10.5
2023-08-27,S01,台北信義店,北區,C03,鮮食,154,85.8,0,1,6,416,9.3
2023-08-28,S01,台北信義店,北區,C03,鮮食,82,79.6,0,0,0,171,7.1
2023-08-29,S01,台北信義店,北區,C03,鮮食,94,77.2,0,0,1,333,6.3
2023-08-30,S01,台北信義店,北區,C03,鮮食,87,82.0,0,0,2,286,5.9
2023-08-31,S01,台北信義店,北區,C03,鮮食,135,59.3,1,0,3,380,6.4
2023-09-01,S01,台北信義店,北區,C03,鮮食,100,85.1,0,0,4,364,5.8
2023-09-02,S01,台北信義店,北區,C03,鮮食,107,75.0,0,1,5,275,9.3
2023-09-03,S01,台北信義店,北區,C03,鮮食,142,76.0,0,1,6,329,9.6
2023-09-04,S01,台北信義店,北區,C03,鮮食,91,84.3,0,0,0,257,6.7
2023-09-05,S01,台北信義店,北區,C03,鮮食,111,78.3,0,0,1,222,7.3
2023-09-06,S01,台北信義店,北區,C03,鮮食,106,79.6,0,0,2,319,6.3
2023-09-07,S01,台北信義店,北區,C03,鮮食,89,83.1,0,0,3,307,5.7
2023-09-08,S01,台北信義店,北區,C03,鮮食,85,73.0,0,0,4,235,5.4
2023-09-09,S01,台北信義店,北區,C03,鮮食,187,65.3,1,1,5,566,10.9
2023-09-10,S01,台北信義店,北區,C03,鮮食,156,77.9,0,1,6,542,10.3
2023-09-11,S01,台北信義店,北區,C03,鮮食,89,83.0,0,0,0,215,6.8
2023-09-12,S01,台北信義店,北區,C03,鮮食,100,78.5,0,0,1,249,6.7
2023-09-13,S01,台北信義店,北區,C03,鮮食,98,78.7,0,0,2,193,6.0
2023-09-14,S01,台北信義店,北區,C03,鮮食,99,83.8,0,0,3,203,7.4
2023-09-15,S01,台北信義店,北區,C03,鮮食,108,71.4,0,0,4,306,7.4
2023-09-16,S01,台北信義店,北區,C03,鮮食,148,74.1,0,1,5,260,8.8
2023-09-17,S01,台北信義店,北區,C03,鮮食,142,81.6,0,1,6,427,9.3
2023-09-18,S01,台北信義店,北區,C03,鮮食,81,81.6,0,0,0,183,6.3
2023-09-19,S01,台北信義店,北區,C03,鮮食,128,67.3,1,0,1,221,7.1
2023-09-20,S01,台北信義店,北區,C03,鮮食,74,86.1,0,0,2,152,5.5
2023-09-21,S01,台北信義店,北區,C03,鮮食,120,69.3,1,0,3,267,6.1
2023-09-22,S01,台北信義店,北區,C03,鮮食,109,76.1,0,0,4,288,7.7
2023-09-23,S01,台北信義店,北區,C03,鮮食,115,79.6,0,1,5,414,9.0
2023-09-24,S01,台北信義店,北區,C03,鮮食,140,78.6,0,1,6,249,10.2
2023-09-25,S01,台北信義店,北區,C03,鮮食,82,76.1,0,0,0,181,5.5
2023-09-26,S01,台北信義店,北區,C03,鮮食,113,68.9,1,0,1,267,6.5
2023-09-27,S01,台北信義店,北區,C03,鮮食,101,78.7,0,0,2,275,6.8
2023-09-28,S01,台北信義店,北區,C03,鮮食,86,65.4,1,0,3,257,6.3
2023-09-29,S01,台北信義店,北區,C03,鮮食,83,79.0,0,0,4,312,5.3
2023-09-30,S01,台北信義店,北區,C03,鮮食,134,78.7,0,1,5,487,8.1
2023-10-01,S01,台北信義店,北區,C03,鮮食,141,71.8,0,1,6,258,9.3
2023-10-02,S01,台北信義店,北區,C03,鮮食,82,83.1,0,0,0,261,6.1
2023-10-03,S01,台北信義店,北區,C03,鮮食,101,78.0,0,0,1,213,6.7
2023-10-04,S01,台北信義店,北區,C03,鮮食,88,87.2,0,0,2,301,6.9
2023-10-05,S01,台北信義店,北區,C03,鮮食,118,86.5,0,0,3,279,7.5
2023-10-06,S01,台北信義店,北區,C03,鮮食,135,63.7,1,0,4,386,6.7
2023-10-07,S01,台北信義店,北區,C03,鮮食,118,91.5,0,1,5,361,9.8
2023-10-08,S01,台北信義店,北區,C03,鮮食,191,65.4,1,1,6,587,10.2
2023-10-09,S01,台北信義店,北區,C03,鮮食,85,81.1,0,0,0,168,5.9
2023-10-10,S01,台北信義店,北區,C03,鮮食,122,79.5,0,1,1,300,8.2
2023-10-11,S01,台北信義店,北區,C03,鮮食,101,73.3,1,0,2,295,6.7
2023-10-12,S01,台北信義店,北區,C03,鮮食,87,79.1,0,0,3,183,6.0
2023-10-13,S01,台北信義店,北區,C03,鮮食,92,83.5,0,0,4,260,6.3
2023-10-14,S01,台北信義店,北區,C03,鮮食,140,85.6,0,1,5,290,9.6
2023-10-15,S01,台北信義店,北區,C03,鮮食,109,80.8,0,1,6,355,8.5
2023-10-16,S01,台北信義店,北區,C03,鮮食,75,75.6,0,0,0,220,6.3
2023-10-17,S01,台北信義店,北區,C03,鮮食,109,64.4,1,0,1,233,7.3
2023-10-18,S01,台北信義店,北區,C03,鮮食,53,81.9,0,0,2,105,5.3
2023-10-19,S01,台北信義店,北區,C03,鮮食,82,73.9,0,0,3,241,6.4
2023-10-20,S01,台北信義店,北區,C03,鮮食,73,90.6,0,0,4,229,4.8
2023-10-21,S01,台北信義店,北區,C03,鮮食,137,84.6,0,1,5,434,8.8
2023-10-22,S01,台北信義店,北區,C03,鮮食,128,82.4,0,1,6,261,9.9
2023-10-23,S01,台北信義店,北區,C03,鮮食,83,75.1,0,0,0,153,6.1
2023-10-24,S01,台北信義店,北區,C03,鮮食,75,81.3,0,0,1,146,5.4
2023-10-25,S01,台北信義店,北區,C03,鮮食,81,80.6,0,0,2,279,6.1
2023-10-26,S01,台北信義店,北區,C03,鮮食,80,76.2,0,0,3,159,6.4
2023-10-27,S01,台北信義店,北區,C03,鮮食,87,85.6,0,0,4,297,6.2
2023-10-28,S01,台北信義店,北區,C03,鮮食,151,76.4,0,1,5,447,9.4
2023-10-29,S01,台北信義店,北區,C03,鮮食,121,85.6,0,1,6,199,9.0
2023-10-30,S01,台北信義店,北區,C03,鮮食,59,79.6,0,0,0,220,4.7
2023-10-31,S01,台北信義店,北區,C03,鮮食,111,64.4,1,0,1,366,7.1
2023-11-01,S01,台北信義店,北區,C03,鮮食,80,79.2,0,0,2,175,5.9
2023-11-02,S01,台北信義店,北區,C03,鮮食,73,85.4,0,0,3,185,6.2
2023-11-03,S01,台北信義店,北區,C03,鮮食,116,66.1,1,0,4,215,7.7
2023-11-04,S01,台北信義店,北區,C03,鮮食,157,78.3,0,1,5,316,10.1
2023-11-05,S01,台北信義店,北區,C03,鮮食,119,76.1,0,1,6,226,8.9
2023-11-06,S01,台北信義店,北區,C03,鮮食,77,77.7,0,0,0,219,5.3
2023-11-07,S01,台北信義店,北區,C03,鮮食,62,88.6,0,0,1,205,6.1
2023-11-08,S01,台北信義店,北區,C03,鮮食,84,83.4,0,0,2,234,6.7
2023-11-09,S01,台北信義店,北區,C03,鮮食,72,83.4,0,0,3,146,5.5
2023-11-10,S01,台北信義店,北區,C03,鮮食,75,79.1,0,0,4,229,6.9
2023-11-11,S01,台北信義店,北區,C03,鮮食,129,81.4,0,1,5,314,10.2
2023-11-12,S01,台北信義店,北區,C03,鮮食,129,73.6,0,1,6,411,9.8
2023-11-13,S01,台北信義店,北區,C03,鮮食,98,70.0,1,0,0,250,5.8
2023-11-14,S01,台北信義店,北區,C03,鮮食,87,87.1,0,0,1,158,6.5
2023-11-15,S01,台北信義店,北區,C03,鮮食,77,84.0,0,0,2,202,6.8
2023-11-16,S01,台北信義店,北區,C03,鮮食,82,83.3,0,0,3,204,5.2
2023-11-17,S01,台北信義店,北區,C03,鮮食,104,76.5,0,0,4,207,6.3
2023-11-18,S01,台北信義店,北區,C03,鮮食,129,84.0,0,1,5,456,8.8
2023-11-19,S01,台北信義店,北區,C03,鮮食,100,78.2,0,1,6,282,8.2
2023-11-20,S01,台北信義店,北區,C03,鮮食,116,65.0,1,0,0,396,5.9
2023-11-21,S01,台北信義店,北區,C03,鮮食,89,87.0,0,0,1,216,5.7
2023-11-22,S01,台北信義店,北區,C03,鮮食,72,82.6,0,0,2,253,5.3
2023-11-23,S01,台北信義店,北區,C03,鮮食,75,79.0,0,0,3,174,5.8
2023-11-24,S01,台北信義店,北區,C03,鮮食,80,79.2,0,0,4,202,6.2
2023-11-25,S01,台北信義店,北區,C03,鮮食,136,78.3,0,1,5,352,10.0
2023-11-26,S01,台北信義店,北區,C03,鮮食,122,76.4,0,1,6,196,9.2
2023-11-27,S01,台北信義店,北區,C03,鮮食,71,78.2,0,0,0,201,5.9
2023-11-28,S01,台北信義店,北區,C03,鮮食,110,66.4,1,0,1,372,7.4
2023-11-29,S01,台北信義店,北區,C03,鮮食,74,84.2,0,0,2,218,6.2
2023-11-30,S01,台北信義店,北區,C03,鮮食,95,64.9,1,0,3,272,7.0
2023-12-01,S01,台北信義店,北區,C03,鮮食,84,75.6,0,0,4,278,6.5
2023-12-02,S01,台北信義店,北區,C03,鮮食,120,79.0,0,1,5,360,9.2
2023-12-03,S01,台北信義店,北區,C03,鮮食,120,89.6,0,1,6,252,8.9
2023-12-04,S01,台北信義店,北區,C03,鮮食,62,81.3,0,0,0,145,6.7
2023-12-05,S01,台北信義店,北區,C03,鮮食,72,86.2,0,0,1,211,6.4
2023-12-06,S01,台北信義店,北區,C03,鮮食,82,78.3,0,0,2,209,5.7
2023-12-07,S01,台北信義店,北區,C03,鮮食,72,80.0,0,0,3,164,5.6
2023-12-08,S01,台北信義店,北區,C03,鮮食,59,81.0,0,0,4,116,5.1
2023-12-09,S01,台北信義店,北區,C03,鮮食,141,83.9,0,1,5,458,10.1
2023-12-10,S01,台北信義店,北區,C03,鮮食,103,79.5,0,1,6,250,8.2
2023-12-11,S01,台北信義店,北區,C03,鮮食,57,81.7,0,0,0,181,4.8
2023-12-12,S01,台北信義店,北區,C03,鮮食,88,68.6,1,0,1,196,6.5
2023-12-13,S01,台北信義店,北區,C03,鮮食,72,81.6,0,0,2,172,5.5
2023-12-14,S01,台北信義店,北區,C03,鮮食,91,80.0,0,0,3,257,7.1
2023-12-15,S01,台北信義店,北區,C03,鮮食,75,77.6,0,0,4,256,5.9
2023-12-16,S01,台北信義店,北區,C03,鮮食,130,73.6,0,1,5,331,9.1
2023-12-17,S01,台北信義店,北區,C03,鮮食,153,68.0,1,1,6,404,9.7
2023-12-18,S01,台北信義店,北區,C03,鮮食,75,81.3,0,0,0,171,5.6
2023-12-19,S01,台北信義店,北區,C03,鮮食,79,83.3,0,0,1,238,5.2
2023-12-20,S01,台北信義店,北區,C03,鮮食,65,81.3,0,0,2,213,6.0
2023-12-21,S01,台北信義店,北區,C03,鮮食,94,61.8,1,0,3,220,7.6
2023-12-22,S01,台北信義店,北區,C03,鮮食,67,78.2,0,0,4,163,6.1
2023-12-23,S01,台北信義店,北區,C03,鮮食,132,84.5,0,1,5,439,8.9
2023-12-24,S01,台北信義店,北區,C03,鮮食,139,80.9,0,1,6,485,9.2
2023-12-25,S01,台北信義店,北區,C03,鮮食,75,74.8,0,1,0,273,8.9
2023-12-26,S01,台北信義店,北區,C03,鮮食,75,73.1,0,0,1,161,5.8
2023-12-27,S01,台北信義店,北區,C03,鮮食,66,79.2,0,0,2,159,5.1
2023-12-28,S01,台北信義店,北區,C03,鮮食,70,80.7,0,0,3,207,5.5
2023-12-29,S01,台北信義店,北區,C03,鮮食,83,76.0,0,0,4,193,5.5
2023-12-30,S01,台北信義店,北區,C03,鮮食,168,66.0,1,1,5,340,9.5
2023-12-31,S01,台北信義店,北區,C03,鮮食,124,76.9,0,1,6,440,9.4
2024-01-01,S01,台北信義店,北區,C03,鮮食,81,78.6,0,1,0,265,8.2
2024-01-02,S01,台北信義店,北區,C03,鮮食,109,71.8,1,0,1,284,6.7
2024-01-03,S01,台北信義店,北區,C03,鮮食,82,79.7,0,0,2,191,5.4
2024-01-04,S01,台北信義店,北區,C03,鮮食,85,77.4,0,0,3,155,6.3
2024-01-05,S01,台北信義店,北區,C03,鮮食,66,81.9,0,0,4,155,4.6
2024-01-06,S01,台北信義店,北區,C03,鮮食,145,80.3,0,1,5,499,9.6
2024-01-07,S01,台北信義店,北區,C03,鮮食,113,79.1,0,1,6,342,8.9
2024-01-08,S01,台北信義店,北區,C03,鮮食,72,76.9,0,0,0,234,7.2
2024-01-09,S01,台北信義店,北區,C03,鮮食,68,80.5,0,0,1,125,6.2
2024-01-10,S01,台北信義店,北區,C03,鮮食,76,80.8,0,0,2,245,6.0
2024-01-11,S01,台北信義店,北區,C03,鮮食,88,82.7,0,0,3,214,6.2
2024-01-12,S01,台北信義店,北區,C03,鮮食,83,85.1,0,0,4,186,6.9
2024-01-13,S01,台北信義店,北區,C03,鮮食,157,74.6,0,1,5,462,10.7
2024-01-14,S01,台北信義店,北區,C03,鮮食,126,77.7,0,1,6,383,9.3
2024-01-15,S01,台北信義店,北區,C03,鮮食,67,66.5,1,0,0,151,5.4
2024-01-16,S01,台北信義店,北區,C03,鮮食,80,79.0,0,0,1,161,6.8
2024-01-17,S01,台北信義店,北區,C03,鮮食,70,73.6,0,0,2,128,6.4
2024-01-18,S01,台北信義店,北區,C03,鮮食,79,73.8,0,0,3,251,5.2
2024-01-19,S01,台北信義店,北區,C03,鮮食,104,85.6,0,0,4,214,6.4
2024-01-20,S01,台北信義店,北區,C03,鮮食,127,84.3,0,1,5,471,9.1
2024-01-21,S01,台北信義店,北區,C03,鮮食,125,76.1,0,1,6,360,9.1
2024-01-22,S01,台北信義店,北區,C03,鮮食,71,77.5,0,0,0,170,6.1
2024-01-23,S01,台北信義店,北區,C03,鮮食,112,71.0,1,0,1,201,6.3
2024-01-24,S01,台北信義店,北區,C03,鮮食,67,80.1,0,0,2,152,6.7
2024-01-25,S01,台北信義店,北區,C03,鮮食,88,76.2,0,0,3,263,6.1
2024-01-26,S01,台北信義店,北區,C03,鮮食,98,75.4,0,0,4,334,6.3
2024-01-27,S01,台北信義店,北區,C03,鮮食,121,79.8,0,1,5,279,8.7
2024-01-28,S01,台北信義店,北區,C03,鮮食,93,85.5,0,1,6,184,8.3
2024-01-29,S01,台北信義店,北區,C03,鮮食,81,69.4,1,0,0,139,7.2
2024-01-30,S01,台北信義店,北區,C03,鮮食,84,78.5,0,0,1,178,6.3
2024-01-31,S01,台北信義店,北區,C03,鮮食,66,81.0,0,0,2,192,5.5
2024-02-01,S01,台北信義店,北區,C03,鮮食,77,81.2,0,0,3,173,6.0
2024-02-02,S01,台北信義店,北區,C03,鮮食,85,82.5,0,0,4,248,5.8
2024-02-03,S01,台北信義店,北區,C03,鮮食,133,81.0,0,1,5,320,9.0
2024-02-04,S01,台北信義店,北區,C03,鮮食,143,80.1,0,1,6,465,9.4
2024-02-05,S01,台北信義店,北區,C03,鮮食,87,79.6,0,0,0,244,6.4
2024-02-06,S01,台北信義店,北區,C03,鮮食,93,78.9,0,0,1,314,5.7
2024-02-07,S01,台北信義店,北區,C03,鮮食,88,84.8,0,0,2,243,6.5
2024-02-08,S01,台北信義店,北區,C03,鮮食,88,78.8,0,0,3,226,6.5
2024-02-09,S01,台北信義店,北區,C03,鮮食,110,81.6,0,0,4,406,6.9
2024-02-10,S01,台北信義店,北區,C03,鮮食,151,78.9,0,1,5,244,8.7
2024-02-11,S01,台北信義店,北區,C03,鮮食,124,82.2,0,1,6,236,9.6
2024-02-12,S01,台北信義店,北區,C03,鮮食,81,80.1,0,0,0,180,5.8
2024-02-13,S01,台北信義店,北區,C03,鮮食,89,75.7,0,0,1,282,6.7
2024-02-14,S01,台北信義店,北區,C03,鮮食,78,81.1,0,0,2,241,5.6
2024-02-15,S01,台北信義店,北區,C03,鮮食,74,77.8,0,0,3,209,6.4
2024-02-16,S01,台北信義店,北區,C03,鮮食,120,70.2,1,0,4,280,7.4
2024-02-17,S01,台北信義店,北區,C03,鮮食,130,80.6,0,1,5,234,9.1
2024-02-18,S01,台北信義店,北區,C03,鮮食,130,84.1,0,1,6,290,9.9
2024-02-19,S01,台北信義店,北區,C03,鮮食,100,82.1,0,0,0,198,7.0
2024-02-20,S01,台北信義店,北區,C03,鮮食,108,74.7,1,0,1,298,7.4
2024-02-21,S01,台北信義店,北區,C03,鮮食,79,80.7,0,0,2,275,5.7
2024-02-22,S01,台北信義店,北區,C03,鮮食,88,83.2,0,0,3,335,5.7
2024-02-23,S01,台北信義店,北區,C03,鮮食,75,81.5,0,0,4,219,6.6
2024-02-24,S01,台北信義店,北區,C03,鮮食,178,69.2,1,1,5,545,10.7
2024-02-25,S01,台北信義店,北區,C03,鮮食,122,83.4,0,1,6,409,8.7
2024-02-26,S01,台北信義店,北區,C03,鮮食,94,85.9,0,0,0,298,6.3
2024-02-27,S01,台北信義店,北區,C03,鮮食,86,83.5,0,0,1,160,6.9
2024-02-28,S01,台北信義店,北區,C03,鮮食,99,81.7,0,1,2,261,8.7
2024-02-29,S01,台北信義店,北區,C03,鮮食,85,75.9,0,0,3,313,6.9
2024-03-01,S01,台北信義店,北區,C03,鮮食,99,83.1,0,0,4,364,6.2
2024-03-02,S01,台北信義店,北區,C03,鮮食,148,78.6,0,1,5,366,10.0
2024-03-03,S01,台北信義店,北區,C03,鮮食,168,84.0,0,1,6,311,10.2
2024-03-04,S01,台北信義店,北區,C03,鮮食,65,79.0,0,0,0,180,5.2
2024-03-05,S01,台北信義店,北區,C03,鮮食,96,77.5,0,0,1,195,6.9
2024-03-06,S01,台北信義店,北區,C03,鮮食,83,80.6,0,0,2,160,5.1
2024-03-07,S01,台北信義店,北區,C03,鮮食,68,81.4,0,0,3,243,5.9
2024-03-08,S01,台北信義店,北區,C03,鮮食,96,76.3,0,0,4,344,6.4
2024-03-09,S01,台北信義店,北區,C03,鮮食,155,82.6,0,1,5,452,9.2
2024-03-10,S01,台北信義店,北區,C03,鮮食,132,74.6,0,1,6,261,8.7
2024-03-11,S01,台北信義店,北區,C03,鮮食,87,79.3,0,0,0,172,7.1
2024-03-12,S01,台北信義店,北區,C03,鮮食,81,85.1,0,0,1,178,5.7
2024-03-13,S01,台北信義店,北區,C03,鮮食,93,77.7,0,0,2,268,6.3
2024-03-14,S01,台北信義店,北區,C03,鮮食,92,64.0,1,0,3,172,6.1
2024-03-15,S01,台北信義店,北區,C03,鮮食,78,77.7,0,0,4,285,5.2
2024-03-16,S01,台北信義店,北區,C03,鮮食,170,85.2,0,1,5,395,10.2
2024-03-17,S01,台北信義店,北區,C03,鮮食,147,77.2,0,1,6,347,9.2
2024-03-18,S01,台北信義店,北區,C03,鮮食,78,81.0,0,0,0,254,5.4
2024-03-19,S01,台北信義店,北區,C03,鮮食,85,87.5,0,0,1,170,6.1
2024-03-20,S01,台北信義店,北區,C03,鮮食,80,82.5,0,0,2,286,6.5
2024-03-21,S01,台北信義店,北區,C03,鮮食,88,83.8,0,0,3,309,6.7
2024-03-22,S01,台北信義店,北區,C03,鮮食,113,82.5,0,0,4,401,7.0
2024-03-23,S01,台北信義店,北區,C03,鮮食,147,79.9,0,1,5,346,9.9
2024-03-24,S01,台北信義店,北區,C03,鮮食,110,77.9,0,1,6,294,8.4
2024-03-25,S01,台北信義店,北區,C03,鮮食,87,79.0,0,0,0,188,5.8
2024-03-26,S01,台北信義店,北區,C03,鮮食,94,80.5,0,0,1,284,6.3
2024-03-27,S01,台北信義店,北區,C03,鮮食,91,78.6,0,0,2,236,5.4
2024-03-28,S01,台北信義店,北區,C03,鮮食,88,84.9,0,0,3,182,6.8
2024-03-29,S01,台北信義店,北區,C03,鮮食,100,83.7,0,0,4,172,5.9
2024-03-30,S01,台北信義店,北區,C03,鮮食,171,78.3,0,1,5,285,9.8
2024-03-31,S01,台北信義店,北區,C03,鮮食,141,79.6,0,1,6,236,9.4
2024-04-01,S01,台北信義店,北區,C03,鮮食,101,81.6,0,0,0,209,6.3
2024-04-02,S01,台北信義店,北區,C03,鮮食,83,77.4,0,0,1,191,6.3
2024-04-03,S01,台北信義店,北區,C03,鮮食,120,68.0,1,0,2,260,6.9
2024-04-04,S01,台北信義店,北區,C03,鮮食,112,81.5,0,1,3,202,7.2
2024-04-05,S01,台北信義店,北區,C03,鮮食,172,79.3,0,1,4,423,10.9
2024-04-06,S01,台北信義店,北區,C03,鮮食,155,81.8,0,1,5,531,9.3
2024-04-07,S01,台北信義店,北區,C03,鮮食,179,69.5,1,1,6,630,10.1
2024-04-08,S01,台北信義店,北區,C03,鮮食,125,61.7,1,0,0,347,6.2
2024-04-09,S01,台北信義店,北區,C03,鮮食,110,76.2,0,0,1,307,6.3
2024-04-10,S01,台北信義店,北區,C03,鮮食,97,80.4,0,0,2,304,6.5
2024-04-11,S01,台北信義店,北區,C03,鮮食,99,80.3,0,0,3,263,6.1
2024-04-12,S01,台北信義店,北區,C03,鮮食,126,83.4,0,0,4,237,7.9
2024-04-13,S01,台北信義店,北區,C03,鮮食,126,87.2,0,1,5,241,9.5
2024-04-14,S01,台北信義店,北區,C03,鮮食,163,75.1,0,1,6,397,10.4
2024-04-15,S01,台北信義店,北區,C03,鮮食,72,85.6,0,0,0,209,6.4
2024-04-16,S01,台北信義店,北區,C03,鮮食,87,84.4,0,0,1,301,5.1
2024-04-17,S01,台北信義店,北區,C03,鮮食,103,80.8,0,0,2,199,6.2
2024-04-18,S01,台北信義店,北區,C03,鮮食,140,62.7,1,0,3,428,6.9
2024-04-19,S01,台北信義店,北區,C03,鮮食,116,76.9,0,0,4,255,6.5
2024-04-20,S01,台北信義店,北區,C03,鮮食,196,79.6,0,1,5,394,11.5
2024-04-21,S01,台北信義店,北區,C03,鮮食,155,80.0,0,1,6,551,10.3
2024-04-22,S01,台北信義店,北區,C03,鮮食,106,82.7,0,0,0,336,6.3
2024-04-23,S01,台北信義店,北區,C03,鮮食,117,81.3,0,0,1,223,6.6
2024-04-24,S01,台北信義店,北區,C03,鮮食,95,79.3,0,0,2,341,6.9
2024-04-25,S01,台北信義店,北區,C03,鮮食,101,85.2,0,0,3,285,7.0
2024-04-26,S01,台北信義店,北區,C03,鮮食,146,73.8,1,0,4,319,6.6
2024-04-27,S01,台北信義店,北區,C03,鮮食,156,80.4,0,1,5,311,10.1
2024-04-28,S01,台北信義店,北區,C03,鮮食,163,77.8,0,1,6,383,10.0
2024-04-29,S01,台北信義店,北區,C03,鮮食,106,80.9,0,0,0,184,5.9
2024-04-30,S01,台北信義店,北區,C03,鮮食,78,87.1,0,0,1,157,5.8
2024-05-01,S01,台北信義店,北區,C03,鮮食,141,82.9,0,1,2,250,9.5
2024-05-02,S01,台北信義店,北區,C03,鮮食,122,74.8,0,0,3,331,6.8
2024-05-03,S01,台北信義店,北區,C03,鮮食,122,81.6,0,0,4,386,7.5
2024-05-04,S01,台北信義店,北區,C03,鮮食,162,77.8,0,1,5,319,10.5
2024-05-05,S01,台北信義店,北區,C03,鮮食,181,77.8,0,1,6,336,10.4
2024-05-06,S01,台北信義店,北區,C03,鮮食,88,76.4,0,0,0,317,6.2
2024-05-07,S01,台北信義店,北區,C03,鮮食,90,78.5,0,0,1,272,7.1
2024-05-08,S01,台北信義店,北區,C03,鮮食,106,79.0,0,0,2,276,5.8
2024-05-09,S01,台北信義店,北區,C03,鮮食,118,81.0,0,0,3,407,7.2
2024-05-10,S01,台北信義店,北區,C03,鮮食,112,80.4,0,0,4,354,6.1
2024-05-11,S01,台北信義店,北區,C03,鮮食,179,79.6,0,1,5,416,10.8
2024-05-12,S01,台北信義店,北區,C03,鮮食,149,85.0,0,1,6,263,9.5
2024-05-13,S01,台北信義店,北區,C03,鮮食,130,68.1,1,0,0,288,7.5
2024-05-14,S01,台北信義店,北區,C03,鮮食,101,89.0,0,0,1,218,5.4
2024-05-15,S01,台北信義店,北區,C03,鮮食,91,79.4,0,0,2,274,6.5
2024-05-16,S01,台北信義店,北區,C03,鮮食,125,77.7,0,0,3,216,7.1
2024-05-17,S01,台北信義店,北區,C03,鮮食,98,74.4,0,0,4,202,6.7
2024-05-18,S01,台北信義店,北區,C03,鮮食,166,78.9,0,1,5,293,9.2
2024-05-19,S01,台北信義店,北區,C03,鮮食,164,78.9,0,1,6,343,10.9
2024-05-20,S01,台北信義店,北區,C03,鮮食,83,81.2,0,0,0,188,6.0
2024-05-21,S01,台北信義店,北區,C03,鮮食,112,82.1,0,0,1,394,6.9
2024-05-22,S01,台北信義店,北區,C03,鮮食,99,81.3,0,0,2,182,5.6
2024-05-23,S01,台北信義店,北區,C03,鮮食,161,67.1,1,0,3,575,7.6
2024-05-24,S01,台北信義店,北區,C03,鮮食,111,77.3,0,0,4,253,6.8
2024-05-25,S01,台北信義店,北區,C03,鮮食,172,77.7,0,1,5,398,10.3
2024-05-26,S01,台北信義店,北區,C03,鮮食,203,68.0,1,1,6,327,11.9
2024-05-27,S01,台北信義店,北區,C03,鮮食,107,86.3,0,0,0,315,6.0
2024-05-28,S01,台北信義店,北區,C03,鮮食,103,81.7,0,0,1,183,6.4
2024-05-29,S01,台北信義店,北區,C03,鮮食,63,91.0,0,0,2,117,6.0
2024-05-30,S01,台北信義店,北區,C03,鮮食,117,84.3,0,0,3,290,8.2
2024-05-31,S01,台北信義店,北區,C03,鮮食,122,78.6,0,0,4,404,7.2
2024-06-01,S01,台北信義店,北區,C03,鮮食,169,84.0,0,1,5,414,10.2
2024-06-02,S01,台北信義店,北區,C03,鮮食,189,76.8,0,1,6,580,11.7
2024-06-03,S01,台北信義店,北區,C03,鮮食,105,75.5,0,0,0,284,5.8
2024-06-04,S01,台北信義店,北區,C03,鮮食,99,79.5,0,0,1,235,6.9
2024-06-05,S01,台北信義店,北區,C03,鮮食,120,79.7,0,0,2,337,5.7
2024-06-06,S01,台北信義店,北區,C03,鮮食,103,78.1,0,0,3,257,5.8
2024-06-07,S01,台北信義店,北區,C03,鮮食,132,72.2,0,0,4,392,7.1
2024-06-08,S01,台北信義店,北區,C03,鮮食,185,75.8,0,1,5,492,10.6
2024-06-09,S01,台北信義店,北區,C03,鮮食,181,84.9,0,1,6,582,10.1
2024-06-10,S01,台北信義店,北區,C03,鮮食,112,80.1,0,0,0,350,6.9
2024-06-11,S01,台北信義店,北區,C03,鮮食,118,78.9,0,0,1,411,6.6
2024-06-12,S01,台北信義店,北區,C03,鮮食,131,74.4,0,0,2,266,7.8
2024-06-13,S01,台北信義店,北區,C03,鮮食,107,77.3,0,0,3,289,6.8
2024-06-14,S01,台北信義店,北區,C03,鮮食,129,83.5,0,0,4,468,7.6
2024-06-15,S01,台北信義店,北區,C03,鮮食,200,83.9,0,1,5,522,11.7
2024-06-16,S01,台北信義店,北區,C03,鮮食,168,79.7,0,1,6,389,10.5
2024-06-17,S01,台北信義店,北區,C03,鮮食,106,80.8,0,0,0,321,5.8
2024-06-18,S01,台北信義店,北區,C03,鮮食,112,82.8,0,0,1,230,6.9
2024-06-19,S01,台北信義店,北區,C03,鮮食,106,86.7,0,0,2,388,7.0
2024-06-20,S01,台北信義店,北區,C03,鮮食,121,79.0,0,0,3,358,6.8
2024-06-21,S01,台北信義店,北區,C03,鮮食,171,65.2,1,0,4,499,8.0
2024-06-22,S01,台北信義店,北區,C03,鮮食,191,84.4,0,1,5,456,11.3
2024-06-23,S01,台北信義店,北區,C03,鮮食,174,78.4,0,1,6,337,10.0
2024-06-24,S01,台北信義店,北區,C03,鮮食,114,78.2,0,0,0,335,6.8
2024-06-25,S01,台北信義店,北區,C03,鮮食,101,79.1,0,0,1,266,5.9
2024-06-26,S01,台北信義店,北區,C03,鮮食,180,67.3,1,0,2,641,7.8
2024-06-27,S01,台北信義店,北區,C03,鮮食,108,81.9,0,0,3,203,6.7
2024-06-28,S01,台北信義店,北區,C03,鮮食,117,80.7,0,0,4,378,7.4
2024-06-29,S01,台北信義店,北區,C03,鮮食,159,76.1,0,1,5,572,10.5
2024-06-30,S01,台北信義店,北區,C03,鮮食,178,80.4,0,1,6,363,10.4
2024-07-01,S01,台北信義店,北區,C03,鮮食,104,75.0,0,0,0,335,6.2
2024-07-02,S01,台北信義店,北區,C03,鮮食,91,80.8,0,0,1,301,7.2
2024-07-03,S01,台北信義店,北區,C03,鮮食,94,78.9,0,0,2,170,6.2
2024-07-04,S01,台北信義店,北區,C03,鮮食,129,76.6,0,0,3,228,6.8
2024-07-05,S01,台北信義店,北區,C03,鮮食,146,74.1,0,0,4,345,8.0
2024-07-06,S01,台北信義店,北區,C03,鮮食,189,76.4,0,1,5,485,11.0
2024-07-07,S01,台北信義店,北區,C03,鮮食,193,83.4,0,1,6,593,11.0
2024-07-08,S01,台北信義店,北區,C03,鮮食,163,67.3,1,0,0,316,7.7
2024-07-09,S01,台北信義店,北區,C03,鮮食,91,82.9,0,0,1,241,6.6
2024-07-10,S01,台北信義店,北區,C03,鮮食,101,84.0,0,0,2,311,6.6
2024-07-11,S01,台北信義店,北區,C03,鮮食,103,79.9,0,0,3,201,7.5
2024-07-12,S01,台北信義店,北區,C03,鮮食,133,76.2,0,0,4,295,7.2
2024-07-13,S01,台北信義店,北區,C03,鮮食,185,84.4,0,1,5,478,9.5
2024-07-14,S01,台北信義店,北區,C03,鮮食,164,79.4,0,1,6,360,10.9
2024-07-15,S01,台北信義店,北區,C03,鮮食,92,83.7,0,0,0,291,6.1
2024-07-16,S01,台北信義店,北區,C03,鮮食,110,72.1,0,0,1,192,6.4
2024-07-17,S01,台北信義店,北區,C03,鮮食,141,66.2,1,0,2,313,7.2
2024-07-18,S01,台北信義店,北區,C03,鮮食,112,85.1,0,0,3,225,6.2
2024-07-19,S01,台北信義店,北區,C03,鮮食,116,78.7,0,0,4,227,7.7
2024-07-20,S01,台北信義店,北區,C03,鮮食,215,69.5,1,1,5,676,11.2
2024-07-21,S01,台北信義店,北區,C03,鮮食,182,67.0,0,1,6,438,10.7
2024-07-22,S01,台北信義店,北區,C03,鮮食,84,82.0,0,0,0,150,7.1
2024-07-23,S01,台北信義店,北區,C03,鮮食,94,80.9,0,0,1,339,6.4
2024-07-24,S01,台北信義店,北區,C03,鮮食,103,79.8,0,0,2,320,6.4
2024-07-25,S01,台北信義店,北區,C03,鮮食,105,82.0,0,0,3,336,6.8
2024-07-26,S01,台北信義店,北區,C03,鮮食,119,73.3,0,0,4,215,6.8
2024-07-27,S01,台北信義店,北區,C03,鮮食,163,85.9,0,1,5,331,9.6
2024-07-28,S01,台北信義店,北區,C03,鮮食,178,84.1,0,1,6,625,11.3
2024-07-29,S01,台北信義店,北區,C03,鮮食,108,87.0,0,0,0,273,6.7
2024-07-30,S01,台北信義店,北區,C03,鮮食,120,77.8,0,0,1,208,7.3
2024-07-31,S01,台北信義店,北區,C03,鮮食,136,76.0,1,0,2,422,7.4
2024-08-01,S01,台北信義店,北區,C03,鮮食,102,76.3,0,0,3,169,6.9
2024-08-02,S01,台北信義店,北區,C03,鮮食,123,85.4,0,0,4,449,7.1
2024-08-03,S01,台北信義店,北區,C03,鮮食,160,78.9,0,1,5,533,9.0
2024-08-04,S01,台北信義店,北區,C03,鮮食,193,81.5,0,1,6,364,10.1
2024-08-05,S01,台北信義店,北區,C03,鮮食,112,82.6,0,0,0,366,7.2
2024-08-06,S01,台北信義店,北區,C03,鮮食,106,80.3,0,0,1,269,6.5
2024-08-07,S01,台北信義店,北區,C03,鮮食,115,79.3,0,0,2,313,6.7
2024-08-08,S01,台北信義店,北區,C03,鮮食,116,79.8,0,0,3,203,6.8
2024-08-09,S01,台北信義店,北區,C03,鮮食,118,79.7,0,0,4,357,7.4
2024-08-10,S01,台北信義店,北區,C03,鮮食,222,66.9,1,1,5,730,10.7
2024-08-11,S01,台北信義店,北區,C03,鮮食,187,76.7,0,1,6,548,9.8
2024-08-12,S01,台北信義店,北區,C03,鮮食,139,62.9,1,0,0,309,7.4
2024-08-13,S01,台北信義店,北區,C03,鮮食,103,85.6,0,0,1,376,5.6
2024-08-14,S01,台北信義店,北區,C03,鮮食,129,70.5,1,0,2,307,7.2
2024-08-15,S01,台北信義店,北區,C03,鮮食,103,81.6,0,0,3,178,6.7
2024-08-16,S01,台北信義店,北區,C03,鮮食,120,84.4,0,0,4,427,6.5
2024-08-17,S01,台北信義店,北區,C03,鮮食,154,82.8,0,1,5,529,10.4
2024-08-18,S01,台北信義店,北區,C03,鮮食,160,88.3,0,1,6,426,10.0
2024-08-19,S01,台北信義店,北區,C03,鮮食,89,77.7,0,0,0,305,6.2
2024-08-20,S01,台北信義店,北區,C03,鮮食,116,78.9,0,0,1,329,6.8
2024-08-21,S01,台北信義店,北區,C03,鮮食,93,77.6,0,0,2,263,6.4
2024-08-22,S01,台北信義店,北區,C03,鮮食,114,88.6,0,0,3,396,6.5
2024-08-23,S01,台北信義店,北區,C03,鮮食,128,77.2,0,0,4,213,7.1
2024-08-24,S01,台北信義店,北區,C03,鮮食,168,81.9,0,1,5,520,10.5
2024-08-25,S01,台北信義店,北區,C03,鮮食,183,76.7,0,1,6,586,10.7
2024-08-26,S01,台北信義店,北區,C03,鮮食,98,82.2,0,0,0,168,6.6
2024-08-27,S01,台北信義店,北區,C03,鮮食,152,72.0,1,0,1,489,7.4
2024-08-28,S01,台北信義店,北區,C03,鮮食,88,74.9,0,0,2,286,6.7
2024-08-29,S01,台北信義店,北區,C03,鮮食,148,71.5,1,0,3,469,7.9
2024-08-30,S01,台北信義店,北區,C03,鮮食,108,80.4,0,0,4,384,7.5
2024-08-31,S01,台北信義店,北區,C03,鮮食,158,78.8,0,1,5,338,8.7
2024-09-01,S01,台北信義店,北區,C03,鮮食,195,81.8,0,1,6,559,10.4
2024-09-02,S01,台北信義店,北區,C03,鮮食,96,70.5,0,0,0,226,6.1
2024-09-03,S01,台北信義店,北區,C03,鮮食,145,67.4,1,0,1,419,7.8
2024-09-04,S01,台北信義店,北區,C03,鮮食,90,78.6,0,0,2,190,6.3
2024-09-05,S01,台北信義店,北區,C03,鮮食,107,78.1,0,0,3,283,6.3
2024-09-06,S01,台北信義店,北區,C03,鮮食,126,76.8,0,0,4,237,6.6
2024-09-07,S01,台北信義店,北區,C03,鮮食,213,68.8,1,1,5,672,11.4
2024-09-08,S01,台北信義店,北區,C03,鮮食,185,76.5,0,1,6,461,9.9
2024-09-09,S01,台北信義店,北區,C03,鮮食,87,83.6,0,0,0,293,5.8
2024-09-10,S01,台北信義店,北區,C03,鮮食,92,85.0,0,0,1,262,6.1
2024-09-11,S01,台北信義店,北區,C03,鮮食,100,73.1,0,0,2,358,6.3
2024-09-12,S01,台北信義店,北區,C03,鮮食,112,84.0,0,0,3,220,7.6
2024-09-13,S01,台北信義店,北區,C03,鮮食,96,78.7,0,0,4,283,6.0
2024-09-14,S01,台北信義店,北區,C03,鮮食,148,76.6,0,1,5,348,10.0
2024-09-15,S01,台北信義店,北區,C03,鮮食,234,67.8,1,1,6,412,11.9
2024-09-16,S01,台北信義店,北區,C03,鮮食,90,86.0,0,0,0,182,6.8
2024-09-17,S01,台北信義店,北區,C03,鮮食,104,83.7,0,0,1,351,7.7
2024-09-18,S01,台北信義店,北區,C03,鮮食,78,84.7,0,0,2,268,6.5
2024-09-19,S01,台北信義店,北區,C03,鮮食,97,84.8,0,0,3,347,6.7
2024-09-20,S01,台北信義店,北區,C03,鮮食,98,78.9,0,0,4,194,5.7
2024-09-21,S01,台北信義店,北區,C03,鮮食,131,82.1,0,1,5,221,9.2
2024-09-22,S01,台北信義店,北區,C03,鮮食,167,82.8,0,1,6,588,9.1
2024-09-23,S01,台北信義店,北區,C03,鮮食,91,84.4,0,0,0,328,6.1
2024-09-24,S01,台北信義店,北區,C03,鮮食,100,76.3,0,0,1,363,6.5
2024-09-25,S01,台北信義店,北區,C03,鮮食,82,79.2,0,0,2,215,6.3
2024-09-26,S01,台北信義店,北區,C03,鮮食,99,75.5,0,0,3,284,6.6
2024-09-27,S01,台北信義店,北區,C03,鮮食,116,73.6,1,0,4,247,7.6
2024-09-28,S01,台北信義店,北區,C03,鮮食,169,78.9,0,1,5,405,11.6
2024-09-29,S01,台北信義店,北區,C03,鮮食,157,82.2,0,1,6,545,9.7
2024-09-30,S01,台北信義店,北區,C03,鮮食,88,75.7,0,0,0,152,6.8
2024-10-01,S01,台北信義店,北區,C03,鮮食,99,85.7,0,0,1,327,6.9
2024-10-02,S01,台北信義店,北區,C03,鮮食,134,64.4,1,0,2,442,6.8
2024-10-03,S01,台北信義店,北區,C03,鮮食,90,77.8,0,0,3,238,5.5
2024-10-04,S01,台北信義店,北區,C03,鮮食,90,85.3,0,0,4,189,7.2
2024-10-05,S01,台北信義店,北區,C03,鮮食,134,79.0,0,1,5,458,10.9
2024-10-06,S01,台北信義店,北區,C03,鮮食,142,79.2,0,1,6,486,9.5
2024-10-07,S01,台北信義店,北區,C03,鮮食,91,82.9,0,0,0,214,6.3
2024-10-08,S01,台北信義店,北區,C03,鮮食,80,78.4,0,0,1,145,6.0
2024-10-09,S01,台北信義店,北區,C03,鮮食,77,81.9,0,0,2,223,6.3
2024-10-10,S01,台北信義店,北區,C03,鮮食,126,83.3,0,1,3,279,8.8
2024-10-11,S01,台北信義店,北區,C03,鮮食,126,65.9,1,0,4,444,7.9
2024-10-12,S01,台北信義店,北區,C03,鮮食,170,78.3,0,1,5,296,10.2
2024-10-13,S01,台北信義店,北區,C03,鮮食,179,78.8,0,1,6,564,10.6
2024-10-14,S01,台北信義店,北區,C03,鮮食,71,71.8,0,0,0,230,5.8
2024-10-15,S01,台北信義店,北區,C03,鮮食,109,83.1,0,0,1,237,6.0
2024-10-16,S01,台北信義店,北區,C03,鮮食,82,86.4,0,0,2,277,5.6
2024-10-17,S01,台北信義店,北區,C03,鮮食,98,78.5,0,0,3,194,6.8
2024-10-18,S01,台北信義店,北區,C03,鮮食,138,72.6,1,0,4,337,7.6
2024-10-19,S01,台北信義店,北區,C03,鮮食,160,76.8,0,1,5,418,9.9
2024-10-20,S01,台北信義店,北區,C03,鮮食,170,74.3,0,1,6,483,9.4
2024-10-21,S01,台北信義店,北區,C03,鮮食,102,75.3,0,0,0,217,6.5
2024-10-22,S01,台北信義店,北區,C03,鮮食,93,78.8,0,0,1,178,6.2
2024-10-23,S01,台北信義店,北區,C03,鮮食,82,88.7,0,0,2,142,5.5
2024-10-24,S01,台北信義店,北區,C03,鮮食,100,82.4,0,0,3,247,6.0
2024-10-25,S01,台北信義店,北區,C03,鮮食,122,77.2,0,0,4,314,6.6
2024-10-26,S01,台北信義店,北區,C03,鮮食,149,79.7,0,1,5,519,10.6
2024-10-27,S01,台北信義店,北區,C03,鮮食,148,73.2,0,1,6,348,8.7
2024-10-28,S01,台北信義店,北區,C03,鮮食,94,77.7,0,0,0,238,6.6
2024-10-29,S01,台北信義店,北區,C03,鮮食,80,80.6,0,0,1,302,5.5
2024-10-30,S01,台北信義店,北區,C03,鮮食,116,66.8,1,0,2,223,8.1
2024-10-31,S01,台北信義店,北區,C03,鮮食,72,86.6,0,0,3,252,5.8
2024-11-01,S01,台北信義店,北區,C03,鮮食,136,70.6,1,0,4,389,7.6
2024-11-02,S01,台北信義店,北區,C03,鮮食,144,78.0,0,1,5,396,9.9
2024-11-03,S01,台北信義店,北區,C03,鮮食,132,76.3,0,1,6,456,9.9
2024-11-04,S01,台北信義店,北區,C03,鮮食,93,85.2,0,0,0,218,6.6
2024-11-05,S01,台北信義店,北區,C03,鮮食,89,89.4,0,0,1,167,7.0
2024-11-06,S01,台北信義店,北區,C03,鮮食,82,83.8,0,0,2,191,6.1
2024-11-07,S01,台北信義店,北區,C03,鮮食,73,81.8,0,0,3,260,5.6
2024-11-08,S01,台北信義店,北區,C03,鮮食,143,72.2,1,0,4,388,6.9
2024-11-09,S01,台北信義店,北區,C03,鮮食,154,78.4,0,1,5,457,10.4
2024-11-10,S01,台北信義店,北區,C03,鮮食,142,78.9,0,1,6,400,9.4
2024-11-11,S01,台北信義店,北區,C03,鮮食,107,65.4,1,0,0,209,6.9
2024-11-12,S01,台北信義店,北區,C03,鮮食,96,78.7,0,0,1,158,6.7
2024-11-13,S01,台北信義店,北區,C03,鮮食,117,71.2,1,0,2,190,6.7
2024-11-14,S01,台北信義店,北區,C03,鮮食,70,84.4,0,0,3,167,6.0
2024-11-15,S01,台北信義店,北區,C03,鮮食,91,80.4,0,0,4,249,6.6
2024-11-16,S01,台北信義店,北區,C03,鮮食,172,88.8,0,1,5,584,9.6
2024-11-17,S01,台北信義店,北區,C03,鮮食,137,79.8,0,1,6,253,9.3
2024-11-18,S01,台北信義店,北區,C03,鮮食,73,80.8,0,0,0,189,6.0
2024-11-19,S01,台北信義店,北區,C03,鮮食,122,71.9,1,0,1,436,7.7
2024-11-20,S01,台北信義店,北區,C03,鮮食,87,76.9,0,0,2,268,5.3
2024-11-21,S01,台北信義店,北區,C03,鮮食,84,89.1,0,0,3,191,6.3
2024-11-22,S01,台北信義店,北區,C03,鮮食,91,79.6,0,0,4,190,6.7
2024-11-23,S01,台北信義店,北區,C03,鮮食,146,77.5,0,1,5,259,9.9
2024-11-24,S01,台北信義店,北區,C03,鮮食,150,75.9,0,1,6,357,9.4
2024-11-25,S01,台北信義店,北區,C03,鮮食,87,86.4,0,0,0,282,6.2
2024-11-26,S01,台北信義店,北區,C03,鮮食,94,75.6,0,0,1,307,6.6
2024-11-27,S01,台北信義店,北區,C03,鮮食,81,81.1,0,0,2,277,5.9
2024-11-28,S01,台北信義店,北區,C03,鮮食,82,82.8,0,0,3,154,6.1
2024-11-29,S01,台北信義店,北區,C03,鮮食,75,78.7,0,0,4,152,6.2
2024-11-30,S01,台北信義店,北區,C03,鮮食,110,82.1,0,1,5,351,7.9
2024-12-01,S01,台北信義店,北區,C03,鮮食,125,82.1,0,1,6,403,9.2
2024-12-02,S01,台北信義店,北區,C03,鮮食,57,82.4,0,0,0,185,4.8
2024-12-03,S01,台北信義店,北區,C03,鮮食,87,87.0,0,0,1,256,6.4
2024-12-04,S01,台北信義店,北區,C03,鮮食,82,77.3,0,0,2,269,5.7
2024-12-05,S01,台北信義店,北區,C03,鮮食,74,81.9,0,0,3,158,5.6
2024-12-06,S01,台北信義店,北區,C03,鮮食,92,77.8,0,0,4,305,5.8
2024-12-07,S01,台北信義店,北區,C03,鮮食,133,84.5,0,1,5,396,8.9
2024-12-08,S01,台北信義店,北區,C03,鮮食,124,80.8,0,1,6,389,9.2
2024-12-09,S01,台北信義店,北區,C03,鮮食,122,65.2,1,0,0,307,6.5
2024-12-10,S01,台北信義店,北區,C03,鮮食,108,69.8,1,0,1,264,6.5
2024-12-11,S01,台北信義店,北區,C03,鮮食,100,76.7,0,0,2,191,6.5
2024-12-12,S01,台北信義店,北區,C03,鮮食,86,78.4,0,0,3,192,6.4
2024-12-13,S01,台北信義店,北區,C03,鮮食,92,74.7,0,0,4,274,6.1
2024-12-14,S01,台北信義店,北區,C03,鮮食,136,79.1,0,1,5,308,9.2
2024-12-15,S01,台北信義店,北區,C03,鮮食,141,72.1,0,1,6,430,9.0
2024-12-16,S01,台北信義店,北區,C03,鮮食,68,75.2,0,0,0,160,6.6
2024-12-17,S01,台北信義店,北區,C03,鮮食,111,69.8,1,0,1,290,6.8
2024-12-18,S01,台北信義店,北區,C03,鮮食,110,61.9,1,0,2,321,6.4
2024-12-19,S01,台北信義店,北區,C03,鮮食,92,79.8,0,0,3,235,6.1
2024-12-20,S01,台北信義店,北區,C03,鮮食,85,76.8,0,0,4,245,6.0
2024-12-21,S01,台北信義店,北區,C03,鮮食,165,76.5,0,1,5,347,10.6
2024-12-22,S01,台北信義店,北區,C03,鮮食,133,82.5,0,1,6,328,9.0
2024-12-23,S01,台北信義店,北區,C03,鮮食,109,67.4,1,0,0,217,6.9
2024-12-24,S01,台北信義店,北區,C03,鮮食,88,78.7,0,0,1,284,6.4
2024-12-25,S01,台北信義店,北區,C03,鮮食,151,66.0,1,1,2,535,9.9
2024-12-26,S01,台北信義店,北區,C03,鮮食,89,80.6,0,0,3,299,5.5
2024-12-27,S01,台北信義店,北區,C03,鮮食,80,85.5,0,0,4,277,5.5
2024-12-28,S01,台北信義店,北區,C03,鮮食,177,70.2,1,1,5,501,10.5
2024-12-29,S01,台北信義店,北區,C03,鮮食,125,86.3,0,1,6,275,9.4
2024-12-30,S01,台北信義店,北區,C03,鮮食,83,81.6,0,0,0,285,5.4
2023-01-01,S01,台北信義店,北區,C04,日用品,109,128.0,0,1,6,208,8.2
2023-01-02,S01,台北信義店,北區,C04,日用品,52,128.8,0,0,0,124,5.1
2023-01-03,S01,台北信義店,北區,C04,日用品,55,119.3,0,0,1,171,5.1
2023-01-04,S01,台北信義店,北區,C04,日用品,56,124.1,0,0,2,178,5.7
2023-01-05,S01,台北信義店,北區,C04,日用品,59,128.4,0,0,3,135,5.5
2023-01-06,S01,台北信義店,北區,C04,日用品,69,109.7,0,0,4,139,5.7
2023-01-07,S01,台北信義店,北區,C04,日用品,77,118.8,0,1,5,145,8.3
2023-01-08,S01,台北信義店,北區,C04,日用品,107,113.9,1,1,6,356,9.4
2023-01-09,S01,台北信義店,北區,C04,日用品,56,129.1,0,0,0,175,5.7
2023-01-10,S01,台北信義店,北區,C04,日用品,61,124.3,0,0,1,200,6.5
2023-01-11,S01,台北信義店,北區,C04,日用品,48,129.0,0,0,2,170,5.2
2023-01-12,S01,台北信義店,北區,C04,日用品,58,129.9,0,0,3,164,6.5
2023-01-13,S01,台北信義店,北區,C04,日用品,63,125.1,0,0,4,128,5.9
2023-01-14,S01,台北信義店,北區,C04,日用品,85,118.3,0,1,5,149,8.2
2023-01-15,S01,台北信義店,北區,C04,日用品,85,114.7,0,1,6,161,7.6
2023-01-16,S01,台北信義店,北區,C04,日用品,64,114.7,0,0,0,213,5.2
2023-01-17,S01,台北信義店,北區,C04,日用品,56,124.7,0,0,1,208,5.0
2023-01-18,S01,台北信義店,北區,C04,日用品,76,94.3,1,0,2,256,5.3
2023-01-19,S01,台北信義店,北區,C04,日用品,52,128.9,0,0,3,175,5.6
2023-01-20,S01,台北信義店,北區,C04,日用品,74,121.9,0,0,4,254,5.5
2023-01-21,S01,台北信義店,北區,C04,日用品,86,117.0,0,1,5,207,8.0
2023-01-22,S01,台北信義店,北區,C04,日用品,94,117.9,0,1,6,204,7.6
2023-01-23,S01,台北信義店,北區,C04,日用品,46,128.1,0,0,0,95,4.9
2023-01-24,S01,台北信義店,北區,C04,日用品,54,120.1,0,0,1,164,5.2
2023-01-25,S01,台北信義店,北區,C04,日用品,77,118.7,0,0,2,157,6.0
2023-01-26,S01,台北信義店,北區,C04,日用品,67,115.9,0,0,3,217,5.2
2023-01-27,S01,台北信義店,北區,C04,日用品,72,112.8,0,0,4,244,5.6
2023-01-28,S01,台北信義店,北區,C04,日用品,98,117.3,0,1,5,226,8.2
2023-01-29,S01,台北信義店,北區,C04,日用品,114,126.2,0,1,6,292,8.5
2023-01-30,S01,台北信義店,北區,C04,日用品,55,121.2,0,0,0,124,5.6
2023-01-31,S01,台北信義店,北區,C04,日用品,47,115.6,0,0,1,111,4.9
2023-02-01,S01,台北信義店,北區,C04,日用品,75,122.1,0,0,2,231,6.3
2023-02-02,S01,台北信義店,北區,C04,日用品,55,120.9,0,0,3,201,6.0
2023-02-03,S01,台北信義店,北區,C04,日用品,77,95.9,1,0,4,130,5.8
2023-02-04,S01,台北信義店,北區,C04,日用品,85,121.5,0,1,5,145,8.5
2023-02-05,S01,台北信義店,北區,C04,日用品,92,116.8,0,1,6,312,8.7
2023-02-06,S01,台北信義店,北區,C04,日用品,56,114.2,0,0,0,133,5.8
2023-02-07,S01,台北信義店,北區,C04,日用品,48,114.2,0,0,1,113,5.2
2023-02-08,S01,台北信義店,北區,C04,日用品,58,125.2,0,0,2,222,4.6
2023-02-09,S01,台北信義店,北區,C04,日用品,78,114.1,0,0,3,147,6.2
2023-02-10,S01,台北信義店,北區,C04,日用品,71,121.8,0,0,4,207,5.7
2023-02-11,S01,台北信義店,北區,C04,日用品,86,126.6,0,1,5,158,7.8
2023-02-12,S01,台北信義店,北區,C04,日用品,117,120.5,0,1,6,329,8.7
2023-02-13,S01,台北信義店,北區,C04,日用品,62,117.3,0,0,0,173,4.8
2023-02-14,S01,台北信義店,北區,C04,日用品,59,100.8,1,0,1,154,4.8
2023-02-15,S01,台北信義店,北區,C04,日用品,75,123.9,0,0,2,200,6.4
2023-02-16,S01,台北信義店,北區,C04,日用品,62,108.1,0,0,3,134,6.3
2023-02-17,S01,台北信義店,北區,C04,日用品,59,119.8,0,0,4,124,5.4
2023-02-18,S01,台北信義店,北區,C04,日用品,83,125.4,0,1,5,153,9.1
2023-02-19,S01,台北信義店,北區,C04,日用品,86,112.7,0,1,6,171,8.3
2023-02-20,S01,台北信義店,北區,C04,日用品,79,105.6,1,0,0,211,6.2
2023-02-21,S01,台北信義店,北區,C04,日用品,65,115.7,0,0,1,227,5.0
2023-02-22,S01,台北信義店,北區,C04,日用品,71,106.9,1,0,2,164,5.3
2023-02-23,S01,台北信義店,北區,C04,日用品,58,118.5,0,0,3,159,4.8
2023-02-24,S01,台北信義店,北區,C04,日用品,60,125.4,0,0,4,182,5.0
2023-02-25,S01,台北信義店,北區,C04,日用品,102,126.8,0,1,5,303,7.4
2023-02-26,S01,台北信義店,北區,C04,日用品,108,104.8,0,1,6,306,9.0
2023-02-27,S01,台北信義店,北區,C04,日用品,57,125.5,0,0,0,154,5.2
2023-02-28,S01,台北信義店,北區,C04,日用品,76,116.3,0,1,1,189,7.5
2023-03-01,S01,台北信義店,北區,C04,日用品,62,115.4,0,0,2,181,6.0
2023-03-02,S01,台北信義店,北區,C04,日用品,48,117.7,0,0,3,109,5.0
2023-03-03,S01,台北信義店,北區,C04,日用品,66,114.7,0,0,4,122,6.9
2023-03-04,S01,台北信義店,北區,C04,日用品,128,96.8,1,1,5,336,9.5
2023-03-05,S01,台北信義店,北區,C04,日用品,103,119.3,0,1,6,302,7.8
2023-03-06,S01,台北信義店,北區,C04,日用品,58,118.7,0,0,0,175,5.2
2023-03-07,S01,台北信義店,北區,C04,日用品,78,104.6,1,0,1,224,6.3
2023-03-08,S01,台北信義店,北區,C04,日用品,68,130.2,0,0,2,186,5.7
2023-03-09,S01,台北信義店,北區,C04,日用品,84,95.0,1,0,3,278,6.2
2023-03-10,S01,台北信義店,北區,C04,日用品,69,126.8,0,0,4,159,5.9
2023-03-11,S01,台北信義店,北區,C04,日用品,102,114.8,0,1,5,294,8.5
2023-03-12,S01,台北信義店,北區,C04,日用品,113,117.8,0,1,6,256,9.2
2023-03-13,S01,台北信義店,北區,C04,日用品,57,127.0,0,0,0,193,5.5
2023-03-14,S01,台北信義店,北區,C04,日用品,58,115.9,0,0,1,198,6.2
2023-03-15,S01,台北信義店,北區,C04,日用品,77,111.4,0,0,2,179,6.1
2023-03-16,S01,台北信義店,北區,C04,日用品,71,127.5,0,0,3,230,5.4
2023-03-17,S01,台北信義店,北區,C04,日用品,48,109.8,0,0,4,152,5.8
2023-03-18,S01,台北信義店,北區,C04,日用品,105,122.7,0,1,5,252,7.2
2023-03-19,S01,台北信義店,北區,C04,日用品,139,97.5,1,1,6,304,9.9
2023-03-20,S01,台北信義店,北區,C04,日用品,50,118.5,0,0,0,121,5.4
2023-03-21,S01,台北信義店,北區,C04,日用品,78,113.7,0,0,1,270,6.5
2023-03-22,S01,台北信義店,北區,C04,日用品,81,98.3,1,0,2,288,5.5
2023-03-23,S01,台北信義店,北區,C04,日用品,61,123.0,0,0,3,198,5.4
2023-03-24,S01,台北信義店,北區,C04,日用品,64,117.7,0,0,4,218,6.2
2023-03-25,S01,台北信義店,北區,C04,日用品,118,115.3,0,1,5,367,8.6
2023-03-26,S01,台北信義店,北區,C04,日用品,112,128.5,0,1,6,246,9.3
2023-03-27,S01,台北信義店,北區,C04,日用品,77,106.4,0,0,0,255,6.2
2023-03-28,S01,台北信義店,北區,C04,日用品,67,116.6,0,0,1,184,6.4
2023-03-29,S01,台北信義店,北區,C04,日用品,73,132.1,0,0,2,220,5.5
2023-03-30,S01,台北信義店,北區,C04,日用品,80,104.8,1,0,3,186,5.4
2023-03-31,S01,台北信義店,北區,C04,日用品,73,121.6,0,0,4,173,6.3
2023-04-01,S01,台北信義店,北區,C04,日用品,103,116.0,0,1,5,321,8.1
2023-04-02,S01,台北信義店,北區,C04,日用品,113,112.2,0,1,6,345,8.5
2023-04-03,S01,台北信義店,北區,C04,日用品,49,127.0,0,0,0,156,4.9
2023-04-04,S01,台北信義店,北區,C04,日用品,84,126.0,0,1,1,199,8.4
2023-04-05,S01,台北信義店,北區,C04,日用品,93,119.1,0,1,2,174,8.0
2023-04-06,S01,台北信義店,北區,C04,日用品,38,117.6,0,0,3,130,5.4
2023-04-07,S01,台北信義店,北區,C04,日用品,93,103.4,1,0,4,253,6.3
2023-04-08,S01,台北信義店,北區,C04,日用品,139,111.1,0,1,5,305,9.6
2023-04-09,S01,台北信義店,北區,C04,日用品,90,106.8,0,1,6,201,8.3
2023-04-10,S01,台北信義店,北區,C04,日用品,83,112.1,0,0,0,183,6.1
2023-04-11,S01,台北信義店,北區,C04,日用品,73,129.4,0,0,1,200,6.6
2023-04-12,S01,台北信義店,北區,C04,日用品,74,114.4,0,0,2,273,6.1
2023-04-13,S01,台北信義店,北區,C04,日用品,93,95.9,1,0,3,305,6.5
2023-04-14,S01,台北信義店,北區,C04,日用品,88,111.3,0,0,4,213,6.2
2023-04-15,S01,台北信義店,北區,C04,日用品,126,124.3,0,1,5,391,8.2
2023-04-16,S01,台北信義店,北區,C04,日用品,159,97.6,1,1,6,444,9.4
2023-04-17,S01,台北信義店,北區,C04,日用品,64,126.1,0,0,0,209,5.3
2023-04-18,S01,台北信義店,北區,C04,日用品,91,118.5,0,0,1,169,6.5
2023-04-19,S01,台北信義店,北區,C04,日用品,85,119.4,0,0,2,201,6.3
2023-04-20,S01,台北信義店,北區,C04,日用品,69,107.1,0,0,3,184,6.3
2023-04-21,S01,台北信義店,北區,C04,日用品,97,121.9,0,0,4,276,5.6
2023-04-22,S01,台北信義店,北區,C04,日用品,130,120.1,0,1,5,284,8.7
2023-04-23,S01,台北信義店,北區,C04,日用品,144,108.9,0,1,6,466,9.6
2023-04-24,S01,台北信義店,北區,C04,日用品,78,132.5,0,0,0,272,5.8
2023-04-25,S01,台北信義店,北區,C04,日用品,61,129.2,0,0,1,153,5.5
2023-04-26,S01,台北信義店,北區,C04,日用品,50,120.9,0,0,2,151,5.2
2023-04-27,S01,台北信義店,北區,C04,日用品,60,113.8,0,0,3,169,6.3
2023-04-28,S01,台北信義店,北區,C04,日用品,76,124.9,0,0,4,205,6.3
2023-04-29,S01,台北信義店,北區,C04,日用品,122,128.6,0,1,5,390,8.3
2023-04-30,S01,台北信義店,北區,C04,日用品,131,114.4,0,1,6,251,9.7
2023-05-01,S01,台北信義店,北區,C04,日用品,82,122.1,0,1,0,180,8.3
2023-05-02,S01,台北信義店,北區,C04,日用品,104,106.1,1,0,1,219,6.0
2023-05-03,S01,台北信義店,北區,C04,日用品,83,124.5,0,0,2,147,5.9
2023-05-04,S01,台北信義店,北區,C04,日用品,101,114.8,0,0,3,331,6.2
2023-05-05,S01,台北信義店,北區,C04,日用品,85,107.9,0,0,4,250,6.6
2023-05-06,S01,台北信義店,北區,C04,日用品,109,117.3,0,1,5,196,9.3
2023-05-07,S01,台北信義店,北區,C04,日用品,132,122.8,0,1,6,373,10.1
2023-05-08,S01,台北信義店,北區,C04,日用品,72,98.7,1,0,0,129,5.4
2023-05-09,S01,台北信義店,北區,C04,日用品,96,98.4,1,0,1,189,6.0
2023-05-10,S01,台北信義店,北區,C04,日用品,64,131.8,0,0,2,211,5.8
2023-05-11,S01,台北信義店,北區,C04,日用品,71,113.1,0,0,3,160,5.8
2023-05-12,S01,台北信義店,北區,C04,日用品,89,125.5,0,0,4,204,6.5
2023-05-13,S01,台北信義店,北區,C04,日用品,89,127.5,0,1,5,222,8.8
2023-05-14,S01,台北信義店,北區,C04,日用品,121,122.3,0,1,6,254,9.3
2023-05-15,S01,台北信義店,北區,C04,日用品,63,128.4,0,0,0,228,6.3
2023-05-16,S01,台北信義店,北區,C04,日用品,74,120.8,0,0,1,130,5.1
2023-05-17,S01,台北信義店,北區,C04,日用品,88,132.9,0,0,2,231,6.3
2023-05-18,S01,台北信義店,北區,C04,日用品,80,128.6,0,0,3,177,4.1
2023-05-19,S01,台北信義店,北區,C04,日用品,79,120.0,0,0,4,201,6.7
2023-05-20,S01,台北信義店,北區,C04,日用品,127,119.7,0,1,5,294,9.5
2023-05-21,S01,台北信義店,北區,C04,日用品,121,132.0,0,1,6,426,8.4
2023-05-22,S01,台北信義店,北區,C04,日用品,80,102.3,1,0,0,254,6.6
2023-05-23,S01,台北信義店,北區,C04,日用品,69,125.7,0,0,1,197,5.4
2023-05-24,S01,台北信義店,北區,C04,日用品,91,107.5,1,0,2,270,7.0
2023-05-25,S01,台北信義店,北區,C04,日用品,70,121.3,0,0,3,142,5.2
2023-05-26,S01,台北信義店,北區,C04,日用品,69,120.4,0,0,4,166,4.6
2023-05-27,S01,台北信義店,北區,C04,日用品,155,91.0,1,1,5,511,10.8
2023-05-28,S01,台北信義店,北區,C04,日用品,131,127.1,0,1,6,289,9.3
2023-05-29,S01,台北信義店,北區,C04,日用品,73,117.2,0,0,0,177,5.9
2023-05-30,S01,台北信義店,北區,C04,日用品,99,119.1,0,0,1,240,7.5
2023-05-31,S01,台北信義店,北區,C04,日用品,86,110.7,0,0,2,196,6.4
2023-06-01,S01,台北信義店,北區,C04,日用品,87,132.6,0,0,3,171,6.7
2023-06-02,S01,台北信義店,北區,C04,日用品,93,121.8,0,0,4,236,5.2
2023-06-03,S01,台北信義店,北區,C04,日用品,102,123.1,0,1,5,177,8.0
2023-06-04,S01,台北信義店,北區,C04,日用品,108,115.7,0,1,6,246,7.9
2023-06-05,S01,台北信義店,北區,C04,日用品,89,121.9,0,0,0,180,6.4
2023-06-06,S01,台北信義店,北區,C04,日用品,92,93.9,1,0,1,273,6.1
2023-06-07,S01,台北信義店,北區,C04,日用品,85,126.1,0,0,2,176,7.3
2023-06-08,S01,台北信義店,北區,C04,日用品,56,121.4,0,0,3,136,5.6
2023-06-09,S01,台北信義店,北區,C04,日用品,79,124.0,0,0,4,179,6.7
2023-06-10,S01,台北信義店,北區,C04,日用品,144,120.9,0,1,5,467,10.0
2023-06-11,S01,台北信義店,北區,C04,日用品,115,120.1,0,1,6,414,8.2
2023-06-12,S01,台北信義店,北區,C04,日用品,69,122.6,0,0,0,221,5.7
2023-06-13,S01,台北信義店,北區,C04,日用品,68,124.7,0,0,1,244,5.2
2023-06-14,S01,台北信義店,北區,C04,日用品,72,120.0,0,0,2,268,5.7
2023-06-15,S01,台北信義店,北區,C04,日用品,78,118.5,0,0,3,286,5.9
2023-06-16,S01,台北信義店,北區,C04,日用品,89,115.0,0,0,4,204,6.7
2023-06-17,S01,台北信義店,北區,C04,日用品,114,116.3,0,1,5,375,9.8
2023-06-18,S01,台北信義店,北區,C04,日用品,121,123.5,0,1,6,278,8.4
2023-06-19,S01,台北信義店,北區,C04,日用品,63,120.7,0,0,0,142,6.5
2023-06-20,S01,台北信義店,北區,C04,日用品,99,118.7,0,0,1,176,7.2
2023-06-21,S01,台北信義店,北區,C04,日用品,84,118.4,0,0,2,255,4.9
2023-06-22,S01,台北信義店,北區,C04,日用品,70,124.4,0,0,3,190,5.3
2023-06-23,S01,台北信義店,北區,C04,日用品,89,123.9,0,0,4,165,5.8
2023-06-24,S01,台北信義店,北區,C04,日用品,184,107.3,1,1,5,467,9.3
2023-06-25,S01,台北信義店,北區,C04,日用品,123,114.8,0,1,6,379,10.1
2023-06-26,S01,台北信義店,北區,C04,日用品,73,127.1,0,0,0,223,5.4
2023-06-27,S01,台北信義店,北區,C04,日用品,88,121.4,0,0,1,273,6.6
2023-06-28,S01,台北信義店,北區,C04,日用品,79,115.2,0,0,2,242,6.1
2023-06-29,S01,台北信義店,北區,C04,日用品,80,113.5,0,0,3,251,5.3
2023-06-30,S01,台北信義店,北區,C04,日用品,99,118.3,0,0,4,313,5.6
2023-07-01,S01,台北信義店,北區,C04,日用品,134,121.3,0,1,5,232,10.0
2023-07-02,S01,台北信義店,北區,C04,日用品,133,119.6,0,1,6,381,10.3
2023-07-03,S01,台北信義店,北區,C04,日用品,77,117.6,0,0,0,156,5.7
2023-07-04,S01,台北信義店,北區,C04,日用品,75,119.8,0,0,1,199,5.5
2023-07-05,S01,台北信義店,北區,C04,日用品,84,128.4,0,0,2,171,6.4
2023-07-06,S01,台北信義店,北區,C04,日用品,64,121.8,0,0,3,195,5.0
2023-07-07,S01,台北信義店,北區,C04,日用品,96,125.3,0,0,4,174,6.7
2023-07-08,S01,台北信義店,北區,C04,日用品,92,122.7,0,1,5,176,7.4
2023-07-09,S01,台北信義店,北區,C04,日用品,104,122.9,0,1,6,310,8.4
2023-07-10,S01,台北信義店,北區,C04,日用品,65,124.5,0,0,0,222,5.3
2023-07-11,S01,台北信義店,北區,C04,日用品,96,99.5,1,0,1,183,6.8
2023-07-12,S01,台北信義店,北區,C04,日用品,76,124.2,0,0,2,238,5.7
2023-07-13,S01,台北信義店,北區,C04,日用品,77,112.6,0,0,3,189,5.5
2023-07-14,S01,台北信義店,北區,C04,日用品,85,127.7,0,0,4,284,6.8
2023-07-15,S01,台北信義店,北區,C04,日用品,110,121.9,0,1,5,367,7.8
2023-07-16,S01,台北信義店,北區,C04,日用品,114,120.8,0,1,6,252,9.0
2023-07-17,S01,台北信義店,北區,C04,日用品,75,115.9,0,0,0,145,4.9
2023-07-18,S01,台北信義店,北區,C04,日用品,89,134.8,0,0,1,175,6.7
2023-07-19,S01,台北信義店,北區,C04,日用品,61,112.4,0,0,2,173,5.7
2023-07-20,S01,台北信義店,北區,C04,日用品,72,122.9,0,0,3,219,6.3
2023-07-21,S01,台北信義店,北區,C04,日用品,99,126.9,0,0,4,195,6.8
2023-07-22,S01,台北信義店,北區,C04,日用品,139,112.5,0,1,5,324,9.4
2023-07-23,S01,台北信義店,北區,C04,日用品,138,123.9,0,1,6,370,9.9
2023-07-24,S01,台北信義店,北區,C04,日用品,81,117.6,0,0,0,292,6.9
2023-07-25,S01,台北信義店,北區,C04,日用品,79,125.2,0,0,1,261,5.5
2023-07-26,S01,台北信義店,北區,C04,日用品,93,128.9,0,0,2,238,6.3
2023-07-27,S01,台北信義店,北區,C04,日用品,84,118.4,0,0,3,168,5.9
2023-07-28,S01,台北信義店,北區,C04,日用品,101,110.5,0,0,4,348,7.2
2023-07-29,S01,台北信義店,北區,C04,日用品,125,117.6,0,1,5,258,9.5
2023-07-30,S01,台北信義店,北區,C04,日用品,146,124.0,0,1,6,249,9.7
2023-07-31,S01,台北信義店,北區,C04,日用品,80,131.7,0,0,0,186,6.2
2023-08-01,S01,台北信義店,北區,C04,日用品,88,122.6,0,0,1,276,6.2
2023-08-02,S01,台北信義店,北區,C04,日用品,64,117.4,0,0,2,126,5.1
2023-08-03,S01,台北信義店,北區,C04,日用品,64,114.6,0,0,3,226,5.8
2023-08-04,S01,台北信義店,北區,C04,日用品,84,122.8,0,0,4,157,6.8
2023-08-05,S01,台北信義店,北區,C04,日用品,145,116.2,0,1,5,446,9.8
2023-08-06,S01,台北信義店,北區,C04,日用品,113,118.0,0,1,6,298,8.3
2023-08-07,S01,台北信義店,北區,C04,日用品,74,118.5,0,0,0,162,5.7
2023-08-08,S01,台北信義店,北區,C04,日用品,87,123.6,0,0,1,293,6.0
2023-08-09,S01,台北信義店,北區,C04,日用品,69,123.2,0,0,2,195,5.4
2023-08-10,S01,台北信義店,北區,C04,日用品,91,101.5,1,0,3,262,7.5
2023-08-11,S01,台北信義店,北區,C04,日用品,112,112.2,1,0,4,199,7.1
2023-08-12,S01,台北信義店,北區,C04,日用品,142,123.0,0,1,5,488,9.8
2023-08-13,S01,台北信義店,北區,C04,日用品,122,115.0,0,1,6,264,8.7
2023-08-14,S01,台北信義店,北區,C04,日用品,81,119.3,0,0,0,246,6.1
2023-08-15,S01,台北信義店,北區,C04,日用品,74,136.9,0,0,1,165,6.4
2023-08-16,S01,台北信義店,北區,C04,日用品,105,121.3,0,0,2,224,6.5
2023-08-17,S01,台北信義店,北區,C04,日用品,95,123.4,0,0,3,289,6.4
2023-08-18,S01,台北信義店,北區,C04,日用品,136,97.6,1,0,4,451,7.8
2023-08-19,S01,台北信義店,北區,C04,日用品,128,130.1,0,1,5,421,8.8
2023-08-20,S01,台北信義店,北區,C04,日用品,89,133.9,0,1,6,312,8.2
2023-08-21,S01,台北信義店,北區,C04,日用品,65,121.6,0,0,0,224,5.9
2023-08-22,S01,台北信義店,北區,C04,日用品,57,123.0,0,0,1,148,6.5
2023-08-23,S01,台北信義店,北區,C04,日用品,87,96.3,1,0,2,280,5.4
2023-08-24,S01,台北信義店,北區,C04,日用品,84,112.3,0,0,3,269,6.8
2023-08-25,S01,台北信義店,北區,C04,日用品,81,122.2,0,0,4,265,6.3
2023-08-26,S01,台北信義店,北區,C04,日用品,127,123.4,0,1,5,309,8.8
2023-08-27,S01,台北信義店,北區,C04,日用品,123,130.6,0,1,6,339,9.5
2023-08-28,S01,台北信義店,北區,C04,日用品,84,116.4,0,0,0,184,5.6
2023-08-29,S01,台北信義店,北區,C04,日用品,108,95.5,1,0,1,282,6.1
2023-08-30,S01,台北信義店,北區,C04,日用品,91,118.3,0,0,2,210,5.9
2023-08-31,S01,台北信義店,北區,C04,日用品,94,123.2,0,0,3,192,6.2
2023-09-01,S01,台北信義店,北區,C04,日用品,85,119.6,0,0,4,207,6.5
2023-09-02,S01,台北信義店,北區,C04,日用品,123,127.4,0,1,5,296,8.9
2023-09-03,S01,台北信義店,北區,C04,日用品,162,109.5,1,1,6,578,10.0
2023-09-04,S01,台北信義店,北區,C04,日用品,58,113.6,0,0,0,195,6.0
2023-09-05,S01,台北信義店,北區,C04,日用品,80,111.2,0,0,1,233,5.8
2023-09-06,S01,台北信義店,北區,C04,日用品,77,112.0,0,0,2,135,6.4
2023-09-07,S01,台北信義店,北區,C04,日用品,81,102.0,1,0,3,164,5.9
2023-09-08,S01,台北信義店,北區,C04,日用品,64,113.4,0,0,4,159,7.1
2023-09-09,S01,台北信義店,北區,C04,日用品,141,115.5,0,1,5,385,9.7
2023-09-10,S01,台北信義店,北區,C04,日用品,154,103.8,1,1,6,328,10.4
2023-09-11,S01,台北信義店,北區,C04,日用品,60,105.8,0,0,0,147,5.7
2023-09-12,S01,台北信義店,北區,C04,日用品,61,133.2,0,0,1,198,5.7
2023-09-13,S01,台北信義店,北區,C04,日用品,93,93.7,1,0,2,327,5.8
2023-09-14,S01,台北信義店,北區,C04,日用品,69,118.6,0,0,3,206,5.9
2023-09-15,S01,台北信義店,北區,C04,日用品,106,108.9,1,0,4,207,6.2
2023-09-16,S01,台北信義店,北區,C04,日用品,122,119.2,0,1,5,229,8.7
2023-09-17,S01,台北信義店,北區,C04,日用品,146,124.5,0,1,6,441,10.4
2023-09-18,S01,台北信義店,北區,C04,日用品,88,103.7,1,0,0,254,5.6
2023-09-19,S01,台北信義店,北區,C04,日用品,83,119.1,0,0,1,306,5.4
2023-09-20,S01,台北信義店,北區,C04,日用品,67,111.9,0,0,2,216,5.8
2023-09-21,S01,台北信義店,北區,C04,日用品,68,125.2,0,0,3,203,5.3
2023-09-22,S01,台北信義店,北區,C04,日用品,78,127.2,0,0,4,262,5.4
2023-09-23,S01,台北信義店,北區,C04,日用品,112,134.8,0,1,5,311,9.0
2023-09-24,S01,台北信義店,北區,C04,日用品,114,126.1,0,1,6,375,8.9
2023-09-25,S01,台北信義店,北區,C04,日用品,66,123.9,0,0,0,191,5.9
2023-09-26,S01,台北信義店,北區,C04,日用品,62,117.2,0,0,1,171,5.5
2023-09-27,S01,台北信義店,北區,C04,日用品,63,126.0,0,0,2,147,4.4
2023-09-28,S01,台北信義店,北區,C04,日用品,90,120.0,0,0,3,300,7.2
2023-09-29,S01,台北信義店,北區,C04,日用品,71,114.3,0,0,4,237,5.2
2023-09-30,S01,台北信義店,北區,C04,日用品,128,113.8,0,1,5,460,8.6
2023-10-01,S01,台北信義店,北區,C04,日用品,108,121.1,0,1,6,331,8.6
2023-10-02,S01,台北信義店,北區,C04,日用品,60,115.5,0,0,0,169,5.1
2023-10-03,S01,台北信義店,北區,C04,日用品,85,115.9,0,0,1,247,6.5
2023-10-04,S01,台北信義店,北區,C04,日用品,82,116.7,0,0,2,235,6.6
2023-10-05,S01,台北信義店,北區,C04,日用品,55,120.8,0,0,3,156,5.1
2023-10-06,S01,台北信義店,北區,C04,日用品,97,133.0,0,0,4,204,6.2
2023-10-07,S01,台北信義店,北區,C04,日用品,108,116.2,0,1,5,277,7.7
2023-10-08,S01,台北信義店,北區,C04,日用品,128,117.9,0,1,6,249,9.2
2023-10-09,S01,台北信義店,北區,C04,日用品,67,122.9,0,0,0,120,5.8
2023-10-10,S01,台北信義店,北區,C04,日用品,115,107.6,1,1,1,219,9.3
2023-10-11,S01,台北信義店,北區,C04,日用品,87,100.1,1,0,2,248,6.4
2023-10-12,S01,台北信義店,北區,C04,日用品,64,122.7,0,0,3,218,5.5
2023-10-13,S01,台北信義店,北區,C04,日用品,72,132.6,0,0,4,223,6.2
2023-10-14,S01,台北信義店,北區,C04,日用品,105,130.0,0,1,5,310,8.6
2023-10-15,S01,台北信義店,北區,C04,日用品,118,129.4,0,1,6,381,8.1
2023-10-16,S01,台北信義店,北區,C04,日用品,70,119.6,0,0,0,176,5.3
2023-10-17,S01,台北信義店,北區,C04,日用品,83,104.4,1,0,1,240,6.1
2023-10-18,S01,台北信義店,北區,C04,日用品,75,114.7,0,0,2,251,6.0
2023-10-19,S01,台北信義店,北區,C04,日用品,81,115.6,0,0,3,236,6.7
2023-10-20,S01,台北信義店,北區,C04,日用品,78,111.7,0,0,4,158,5.2
2023-10-21,S01,台北信義店,北區,C04,日用品,94,108.9,0,1,5,183,9.0
2023-10-22,S01,台北信義店,北區,C04,日用品,96,121.5,0,1,6,310,7.8
2023-10-23,S01,台北信義店,北區,C04,日用品,60,122.5,0,0,0,231,4.8
2023-10-24,S01,台北信義店,北區,C04,日用品,67,126.6,0,0,1,227,5.7
2023-10-25,S01,台北信義店,北區,C04,日用品,96,109.8,1,0,2,236,6.8
2023-10-26,S01,台北信義店,北區,C04,日用品,66,122.1,0,0,3,218,6.3
2023-10-27,S01,台北信義店,北區,C04,日用品,92,121.6,0,0,4,264,5.8
2023-10-28,S01,台北信義店,北區,C04,日用品,89,120.6,0,1,5,205,7.9
2023-10-29,S01,台北信義店,北區,C04,日用品,116,120.6,0,1,6,374,9.1
2023-10-30,S01,台北信義店,北區,C04,日用品,70,114.1,0,0,0,220,5.0
2023-10-31,S01,台北信義店,北區,C04,日用品,66,124.3,0,0,1,238,5.7
2023-11-01,S01,台北信義店,北區,C04,日用品,65,113.0,0,0,2,192,5.3
2023-11-02,S01,台北信義店,北區,C04,日用品,62,115.4,0,0,3,196,5.4
2023-11-03,S01,台北信義店,北區,C04,日用品,77,128.6,0,0,4,136,6.2
2023-11-04,S01,台北信義店,北區,C04,日用品,120,119.7,0,1,5,281,8.9
2023-11-05,S01,台北信義店,北區,C04,日用品,120,122.4,0,1,6,364,8.8
2023-11-06,S01,台北信義店,北區,C04,日用品,56,127.4,0,0,0,171,5.9
2023-11-07,S01,台北信義店,北區,C04,日用品,88,95.2,1,0,1,167,6.9
2023-11-08,S01,台北信義店,北區,C04,日用品,61,126.3,0,0,2,117,5.3
2023-11-09,S01,台北信義店,北區,C04,日用品,60,125.0,0,0,3,137,5.4
2023-11-10,S01,台北信義店,北區,C04,日用品,78,118.3,0,0,4,253,5.6
2023-11-11,S01,台北信義店,北區,C04,日用品,120,98.7,1,1,5,379,8.7
2023-11-12,S01,台北信義店,北區,C04,日用品,106,103.6,0,1,6,207,9.1
2023-11-13,S01,台北信義店,北區,C04,日用品,67,102.9,1,0,0,159,4.8
2023-11-14,S01,台北信義店,北區,C04,日用品,69,115.9,0,0,1,148,6.1
2023-11-15,S01,台北信義店,北區,C04,日用品,63,119.9,0,0,2,135,5.4
2023-11-16,S01,台北信義店,北區,C04,日用品,76,118.8,0,0,3,223,5.9
2023-11-17,S01,台北信義店,北區,C04,日用品,82,100.5,1,0,4,218,5.8
2023-11-18,S01,台北信義店,北區,C04,日用品,114,113.8,0,1,5,238,8.4
2023-11-19,S01,台北信義店,北區,C04,日用品,110,116.9,0,1,6,230,7.9
2023-11-20,S01,台北信義店,北區,C04,日用品,69,99.1,1,0,0,199,4.7
2023-11-21,S01,台北信義店,北區,C04,日用品,62,121.7,0,0,1,137,5.9
2023-11-22,S01,台北信義店,北區,C04,日用品,83,101.7,1,0,2,171,5.5
2023-11-23,S01,台北信義店,北區,C04,日用品,59,107.2,0,0,3,160,5.7
2023-11-24,S01,台北信義店,北區,C04,日用品,68,124.6,0,0,4,260,5.6
2023-11-25,S01,台北信義店,北區,C04,日用品,107,127.5,0,1,5,306,9.0
2023-11-26,S01,台北信義店,北區,C04,日用品,111,116.2,0,1,6,241,8.6
2023-11-27,S01,台北信義店,北區,C04,日用品,72,125.1,0,0,0,259,5.4
2023-11-28,S01,台北信義店,北區,C04,日用品,52,115.1,0,0,1,189,5.0
2023-11-29,S01,台北信義店,北區,C04,日用品,69,126.4,0,0,2,197,5.5
2023-11-30,S01,台北信義店,北區,C04,日用品,68,110.5,0,0,3,149,5.5
2023-12-01,S01,台北信義店,北區,C04,日用品,85,103.4,1,0,4,186,5.9
2023-12-02,S01,台北信義店,北區,C04,日用品,120,114.9,0,1,5,220,9.6
2023-12-03,S01,台北信義店,北區,C04,日用品,115,109.5,0,1,6,292,8.4
2023-12-04,S01,台北信義店,北區,C04,日用品,62,123.7,0,0,0,161,5.9
2023-12-05,S01,台北信義店,北區,C04,日用品,73,120.1,0,0,1,251,5.5
2023-12-06,S01,台北信義店,北區,C04,日用品,68,119.7,0,0,2,206,6.1
2023-12-07,S01,台北信義店,北區,C04,日用品,67,130.2,0,0,3,123,5.6
2023-12-08,S01,台北信義店,北區,C04,日用品,61,114.2,0,0,4,198,5.5
2023-12-09,S01,台北信義店,北區,C04,日用品,107,105.4,0,1,5,302,8.4
2023-12-10,S01,台北信義店,北區,C04,日用品,90,122.3,0,1,6,295,8.3
2023-12-11,S01,台北信義店,北區,C04,日用品,67,114.4,0,0,0,144,5.9
2023-12-12,S01,台北信義店,北區,C04,日用品,65,123.1,0,0,1,158,4.7
2023-12-13,S01,台北信義店,北區,C04,日用品,63,127.3,0,0,2,121,5.2
2023-12-14,S01,台北信義店,北區,C04,日用品,72,114.6,0,0,3,209,6.1
2023-12-15,S01,台北信義店,北區,C04,日用品,68,124.9,0,0,4,194,5.4
2023-12-16,S01,台北信義店,北區,C04,日用品,105,126.4,0,1,5,230,8.1
2023-12-17,S01,台北信義店,北區,C04,日用品,94,119.7,0,1,6,277,8.2
2023-12-18,S01,台北信義店,北區,C04,日用品,48,132.9,0,0,0,141,5.5
2023-12-19,S01,台北信義店,北區,C04,日用品,80,109.7,0,0,1,300,6.6
2023-12-20,S01,台北信義店,北區,C04,日用品,86,103.7,1,0,2,185,4.9
2023-12-21,S01,台北信義店,北區,C04,日用品,58,125.3,0,0,3,138,5.3
2023-12-22,S01,台北信義店,北區,C04,日用品,78,120.2,0,0,4,173,6.0
2023-12-23,S01,台北信義店,北區,C04,日用品,89,126.2,0,1,5,319,8.9
2023-12-24,S01,台北信義店,北區,C04,日用品,108,129.8,0,1,6,267,8.6
2023-12-25,S01,台北信義店,北區,C04,日用品,77,109.6,0,1,0,266,7.8
2023-12-26,S01,台北信義店,北區,C04,日用品,67,118.8,0,0,1,227,5.6
2023-12-27,S01,台北信義店,北區,C04,日用品,67,128.9,0,0,2,232,5.0
2023-12-28,S01,台北信義店,北區,C04,日用品,71,110.3,0,0,3,178,5.8
2023-12-29,S01,台北信義店,北區,C04,日用品,99,99.8,1,0,4,179,6.1
2023-12-30,S01,台北信義店,北區,C04,日用品,91,124.2,0,1,5,286,8.4
2023-12-31,S01,台北信義店,北區,C04,日用品,98,119.8,0,1,6,294,8.7
2024-01-01,S01,台北信義店,北區,C04,日用品,98,106.2,1,1,0,300,9.2
2024-01-02,S01,台北信義店,北區,C04,日用品,72,119.5,0,0,1,173,6.6
2024-01-03,S01,台北信義店,北區,C04,日用品,70,115.1,0,0,2,197,6.1
2024-01-04,S01,台北信義店,北區,C04,日用品,75,113.8,0,0,3,195,5.8
2024-01-05,S01,台北信義店,北區,C04,日用品,79,125.3,0,0,4,284,6.1
2024-01-06,S01,台北信義店,北區,C04,日用品,104,108.8,0,1,5,374,7.6
2024-01-07,S01,台北信義店,北區,C04,日用品,125,105.0,1,1,6,277,9.5
2024-01-08,S01,台北信義店,北區,C04,日用品,66,113.6,0,0,0,245,5.9
2024-01-09,S01,台北信義店,北區,C04,日用品,64,115.6,0,0,1,134,4.8
2024-01-10,S01,台北信義店,北區,C04,日用品,56,117.8,0,0,2,162,5.5
2024-01-11,S01,台北信義店,北區,C04,日用品,56,116.1,0,0,3,100,4.9
2024-01-12,S01,台北信義店,北區,C04,日用品,61,134.5,0,0,4,198,6.2
2024-01-13,S01,台北信義店,北區,C04,日用品,105,108.8,0,1,5,324,8.2
2024-01-14,S01,台北信義店,北區,C04,日用品,102,124.9,0,1,6,353,9.1
2024-01-15,S01,台北信義店,北區,C04,日用品,65,110.2,1,0,0,237,5.2
2024-01-16,S01,台北信義店,北區,C04,日用品,83,123.2,0,0,1,230,6.4
2024-01-17,S01,台北信義店,北區,C04,日用品,56,128.5,0,0,2,153,5.4
2024-01-18,S01,台北信義店,北區,C04,日用品,54,119.5,0,0,3,190,5.1
2024-01-19,S01,台北信義店,北區,C04,日用品,80,114.4,0,0,4,218,6.2
2024-01-20,S01,台北信義店,北區,C04,日用品,128,120.3,0,1,5,449,9.1
2024-01-21,S01,台北信義店,北區,C04,日用品,110,123.4,0,1,6,367,9.5
2024-01-22,S01,台北信義店,北區,C04,日用品,38,126.0,0,0,0,145,4.6
2024-01-23,S01,台北信義店,北區,C04,日用品,85,104.4,1,0,1,281,6.2
2024-01-24,S01,台北信義店,北區,C04,日用品,81,114.5,0,0,2,288,6.8
2024-01-25,S01,台北信義店,北區,C04,日用品,64,119.0,0,0,3,128,5.8
2024-01-26,S01,台北信義店,北區,C04,日用品,72,116.9,0,0,4,136,6.4
2024-01-27,S01,台北信義店,北區,C04,日用品,111,115.5,0,1,5,361,8.1
2024-01-28,S01,台北信義店,北區,C04,日用品,112,116.9,0,1,6,412,9.2
2024-01-29,S01,台北信義店,北區,C04,日用品,56,115.4,0,0,0,185,5.0
2024-01-30,S01,台北信義店,北區,C04,日用品,55,124.9,0,0,1,144,5.3
2024-01-31,S01,台北信義店,北區,C04,日用品,72,121.8,0,0,2,238,4.6
2024-02-01,S01,台北信義店,北區,C04,日用品,77,96.4,1,0,3,167,5.9
2024-02-02,S01,台北信義店,北區,C04,日用品,76,124.4,0,0,4,214,6.5
2024-02-03,S01,台北信義店,北區,C04,日用品,100,132.4,0,1,5,323,8.5
2024-02-04,S01,台北信義店,北區,C04,日用品,130,118.3,0,1,6,331,10.1
2024-02-05,S01,台北信義店,北區,C04,日用品,63,121.1,0,0,0,212,5.8
2024-02-06,S01,台北信義店,北區,C04,日用品,77,118.6,0,0,1,214,5.5
2024-02-07,S01,台北信義店,北區,C04,日用品,77,123.5,0,0,2,238,5.2
2024-02-08,S01,台北信義店,北區,C04,日用品,65,125.6,0,0,3,196,5.6
2024-02-09,S01,台北信義店,北區,C04,日用品,72,126.8,0,0,4,248,5.6
2024-02-10,S01,台北信義店,北區,C04,日用品,102,115.0,0,1,5,362,9.4
2024-02-11,S01,台北信義店,北區,C04,日用品,125,108.0,0,1,6,374,9.2
2024-02-12,S01,台北信義店,北區,C04,日用品,66,115.3,0,0,0,245,5.6
2024-02-13,S01,台北信義店,北區,C04,日用品,70,115.2,0,0,1,155,6.2
2024-02-14,S01,台北信義店,北區,C04,日用品,79,118.6,0,0,2,268,5.9
2024-02-15,S01,台北信義店,北區,C04,日用品,95,99.5,1,0,3,268,6.0
2024-02-16,S01,台北信義店,北區,C04,日用品,74,115.8,0,0,4,183,5.4
2024-02-17,S01,台北信義店,北區,C04,日用品,152,104.7,1,1,5,464,10.3
2024-02-18,S01,台北信義店,北區,C04,日用品,119,118.6,0,1,6,248,8.8
2024-02-19,S01,台北信義店,北區,C04,日用品,60,119.0,0,0,0,193,5.8
2024-02-20,S01,台北信義店,北區,C04,日用品,87,93.1,1,0,1,284,6.5
2024-02-21,S01,台北信義店,北區,C04,日用品,99,101.6,1,0,2,188,6.6
2024-02-22,S01,台北信義店,北區,C04,日用品,67,120.3,0,0,3,171,4.6
2024-02-23,S01,台北信義店,北區,C04,日用品,82,117.9,0,0,4,306,6.0
2024-02-24,S01,台北信義店,北區,C04,日用品,129,113.7,0,1,5,352,9.9
2024-02-25,S01,台北信義店,北區,C04,日用品,75,136.7,0,1,6,274,8.1
2024-02-26,S01,台北信義店,北區,C04,日用品,74,125.7,0,0,0,188,6.3
2024-02-27,S01,台北信義店,北區,C04,日用品,76,130.0,0,0,1,274,5.4
2024-02-28,S01,台北信義店,北區,C04,日用品,112,119.4,0,1,2,230,8.7
2024-02-29,S01,台北信義店,北區,C04,日用品,70,116.3,0,0,3,138,5.4
2024-03-01,S01,台北信義店,北區,C04,日用品,78,122.3,0,0,4,174,5.1
2024-03-02,S01,台北信義店,北區,C04,日用品,109,119.7,0,1,5,214,9.4
2024-03-03,S01,台北信義店,北區,C04,日用品,130,115.2,0,1,6,421,10.6
2024-03-04,S01,台北信義店,北區,C04,日用品,70,118.8,0,0,0,135,5.4
2024-03-05,S01,台北信義店,北區,C04,日用品,82,115.2,0,0,1,235,5.8
2024-03-06,S01,台北信義店,北區,C04,日用品,86,105.3,0,0,2,253,6.6
2024-03-07,S01,台北信義店,北區,C04,日用品,88,122.3,0,0,3,278,5.7
2024-03-08,S01,台北信義店,北區,C04,日用品,75,125.9,0,0,4,222,6.0
2024-03-09,S01,台北信義店,北區,C04,日用品,131,112.1,0,1,5,302,9.5
2024-03-10,S01,台北信義店,北區,C04,日用品,130,117.1,0,1,6,234,9.3
2024-03-11,S01,台北信義店,北區,C04,日用品,75,115.3,0,0,0,164,5.9
2024-03-12,S01,台北信義店,北區,C04,日用品,81,121.4,0,0,1,273,5.3
2024-03-13,S01,台北信義店,北區,C04,日用品,63,129.0,0,0,2,188,5.9
2024-03-14,S01,台北信義店,北區,C04,日用品,87,115.9,0,0,3,210,5.6
2024-03-15,S01,台北信義店,北區,C04,日用品,55,117.0,0,0,4,116,6.6
2024-03-16,S01,台北信義店,北區,C04,日用品,133,113.1,0,1,5,235,8.3
2024-03-17,S01,台北信義店,北區,C04,日用品,133,115.9,0,1,6,239,9.5
2024-03-18,S01,台北信義店,北區,C04,日用品,57,121.5,0,0,0,208,5.5
2024-03-19,S01,台北信義店,北區,C04,日用品,72,121.9,0,0,1,235,5.0
2024-03-20,S01,台北信義店,北區,C04,日用品,69,119.4,0,0,2,171,5.4
2024-03-21,S01,台北信義店,北區,C04,日用品,59,120.8,0,0,3,144,5.9
2024-03-22,S01,台北信義店,北區,C04,日用品,105,106.8,1,0,4,302,6.5
2024-03-23,S01,台北信義店,北區,C04,日用品,132,120.9,0,1,5,378,9.0
2024-03-24,S01,台北信義店,北區,C04,日用品,100,120.5,0,1,6,315,9.3
2024-03-25,S01,台北信義店,北區,C04,日用品,72,114.1,0,0,0,168,6.8
2024-03-26,S01,台北信義店,北區,C04,日用品,86,111.9,0,0,1,298,6.2
2024-03-27,S01,台北信義店,北區,C04,日用品,70,123.0,0,0,2,147,5.6
2024-03-28,S01,台北信義店,北區,C04,日用品,86,111.8,0,0,3,223,6.7
2024-03-29,S01,台北信義店,北區,C04,日用品,103,106.4,1,0,4,283,6.6
2024-03-30,S01,台北信義店,北區,C04,日用品,140,116.4,0,1,5,362,9.2
2024-03-31,S01,台北信義店,北區,C04,日用品,184,103.4,1,1,6,387,11.1
2024-04-01,S01,台北信義店,北區,C04,日用品,85,105.9,0,0,0,147,6.1
2024-04-02,S01,台北信義店,北區,C04,日用品,83,115.7,0,0,1,238,5.9
2024-04-03,S01,台北信義店,北區,C04,日用品,68,112.3,0,0,2,239,5.0
2024-04-04,S01,台北信義店,北區,C04,日用品,125,106.6,0,1,3,342,9.2
2024-04-05,S01,台北信義店,北區,C04,日用品,131,116.2,0,1,4,377,9.2
2024-04-06,S01,台北信義店,北區,C04,日用品,147,115.0,0,1,5,266,9.7
2024-04-07,S01,台北信義店,北區,C04,日用品,164,101.7,1,1,6,478,9.7
2024-04-08,S01,台北信義店,北區,C04,日用品,78,111.9,0,0,0,241,6.3
2024-04-09,S01,台北信義店,北區,C04,日用品,68,119.5,0,0,1,238,5.8
2024-04-10,S01,台北信義店,北區,C04,日用品,82,123.0,0,0,2,192,6.2
2024-04-11,S01,台北信義店,北區,C04,日用品,80,120.7,0,0,3,251,5.1
2024-04-12,S01,台北信義店,北區,C04,日用品,111,113.4,0,0,4,346,6.9
2024-04-13,S01,台北信義店,北區,C04,日用品,172,100.6,1,1,5,457,9.3
2024-04-14,S01,台北信義店,北區,C04,日用品,134,119.3,0,1,6,450,9.6
2024-04-15,S01,台北信義店,北區,C04,日用品,67,122.7,0,0,0,173,5.6
2024-04-16,S01,台北信義店,北區,C04,日用品,80,115.1,0,0,1,271,5.5
2024-04-17,S01,台北信義店,北區,C04,日用品,76,110.8,0,0,2,171,4.8
2024-04-18,S01,台北信義店,北區,C04,日用品,85,121.4,0,0,3,288,6.4
2024-04-19,S01,台北信義店,北區,C04,日用品,87,119.5,0,0,4,267,6.2
2024-04-20,S01,台北信義店,北區,C04,日用品,136,118.7,0,1,5,397,8.4
2024-04-21,S01,台北信義店,北區,C04,日用品,133,133.2,0,1,6,403,9.5
2024-04-22,S01,台北信義店,北區,C04,日用品,89,116.8,0,0,0,255,6.5
2024-04-23,S01,台北信義店,北區,C04,日用品,89,125.4,0,0,1,235,5.2
2024-04-24,S01,台北信義店,北區,C04,日用品,111,123.2,0,0,2,301,6.7
2024-04-25,S01,台北信義店,北區,C04,日用品,75,119.6,0,0,3,233,5.8
2024-04-26,S01,台北信義店,北區,C04,日用品,99,131.4,0,0,4,320,6.5
2024-04-27,S01,台北信義店,北區,C04,日用品,173,99.0,1,1,5,534,10.4
2024-04-28,S01,台北信義店,北區,C04,日用品,145,108.8,0,1,6,323,10.3
2024-04-29,S01,台北信義店,北區,C04,日用品,83,119.7,0,0,0,153,6.1
2024-04-30,S01,台北信義店,北區,C04,日用品,86,117.9,0,0,1,252,6.5
2024-05-01,S01,台北信義店,北區,C04,日用品,109,114.6,0,1,2,209,8.8
2024-05-02,S01,台北信義店,北區,C04,日用品,91,121.5,0,0,3,161,6.4
2024-05-03,S01,台北信義店,北區,C04,日用品,98,121.0,0,0,4,231,6.9
2024-05-04,S01,台北信義店,北區,C04,日用品,152,117.7,0,1,5,249,9.4
2024-05-05,S01,台北信義店,北區,C04,日用品,145,121.8,0,1,6,306,10.2
2024-05-06,S01,台北信義店,北區,C04,日用品,67,120.8,0,0,0,190,5.8
2024-05-07,S01,台北信義店,北區,C04,日用品,91,125.1,0,0,1,261,6.4
2024-05-08,S01,台北信義店,北區,C04,日用品,116,102.3,1,0,2,321,6.7
2024-05-09,S01,台北信義店,北區,C04,日用品,75,119.0,0,0,3,185,5.2
2024-05-10,S01,台北信義店,北區,C04,日用品,116,116.4,0,0,4,370,5.7
2024-05-11,S01,台北信義店,北區,C04,日用品,138,122.8,0,1,5,454,9.9
2024-05-12,S01,台北信義店,北區,C04,日用品,158,118.8,0,1,6,511,10.2
2024-05-13,S01,台北信義店,北區,C04,日用品,88,116.8,0,0,0,213,6.0
2024-05-14,S01,台北信義店,北區,C04,日用品,79,122.3,0,0,1,236,6.5
2024-05-15,S01,台北信義店,北區,C04,日用品,72,135.3,0,0,2,200,5.5
2024-05-16,S01,台北信義店,北區,C04,日用品,90,127.0,0,0,3,287,6.7
2024-05-17,S01,台北信義店,北區,C04,日用品,96,116.5,0,0,4,303,6.5
2024-05-18,S01,台北信義店,北區,C04,日用品,128,132.4,0,1,5,232,9.6
2024-05-19,S01,台北信義店,北區,C04,日用品,131,122.1,0,1,6,321,9.5
2024-05-20,S01,台北信義店,北區,C04,日用品,81,108.6,0,0,0,181,5.0
2024-05-21,S01,台北信義店,北區,C04,日用品,79,124.6,0,0,1,180,5.9
2024-05-22,S01,台北信義店,北區,C04,日用品,89,117.8,0,0,2,319,6.8
2024-05-23,S01,台北信義店,北區,C04,日用品,82,109.1,0,0,3,193,5.3
2024-05-24,S01,台北信義店,北區,C04,日用品,110,123.9,0,0,4,347,7.2
2024-05-25,S01,台北信義店,北區,C04,日用品,152,107.3,0,1,5,382,10.1
2024-05-26,S01,台北信義店,北區,C04,日用品,199,102.2,1,1,6,382,10.7
2024-05-27,S01,台北信義店,北區,C04,日用品,113,91.6,1,0,0,348,7.0
2024-05-28,S01,台北信義店,北區,C04,日用品,86,129.7,0,0,1,312,6.6
2024-05-29,S01,台北信義店,北區,C04,日用品,96,111.3,0,0,2,195,5.8
2024-05-30,S01,台北信義店,北區,C04,日用品,87,117.8,0,0,3,262,5.8
2024-05-31,S01,台北信義店,北區,C04,日用品,110,116.1,0,0,4,255,6.4
2024-06-01,S01,台北信義店,北區,C04,日用品,157,126.3,0,1,5,405,10.1
2024-06-02,S01,台北信義店,北區,C04,日用品,183,120.5,0,1,6,350,10.7
2024-06-03,S01,台北信義店,北區,C04,日用品,90,119.8,0,0,0,285,6.1
2024-06-04,S01,台北信義店,北區,C04,日用品,89,117.9,0,0,1,207,6.2
2024-06-05,S01,台北信義店,北區,C04,日用品,127,106.5,1,0,2,444,7.3
2024-06-06,S01,台北信義店,北區,C04,日用品,96,115.6,0,0,3,315,6.0
2024-06-07,S01,台北信義店,北區,C04,日用品,87,123.9,0,0,4,170,5.6
2024-06-08,S01,台北信義店,北區,C04,日用品,132,126.3,0,1,5,359,8.9
2024-06-09,S01,台北信義店,北區,C04,日用品,154,113.2,0,1,6,451,9.4
2024-06-10,S01,台北信義店,北區,C04,日用品,72,112.3,0,0,0,163,6.0
2024-06-11,S01,台北信義店,北區,C04,日用品,99,115.6,0,0,1,242,6.9
2024-06-12,S01,台北信義店,北區,C04,日用品,100,119.0,0,0,2,209,6.6
2024-06-13,S01,台北信義店,北區,C04,日用品,98,125.3,0,0,3,234,6.8
2024-06-14,S01,台北信義店,北區,C04,日用品,103,122.7,0,0,4,247,6.4
2024-06-15,S01,台北信義店,北區,C04,日用品,144,115.0,0,1,5,355,10.5
2024-06-16,S01,台北信義店,北區,C04,日用品,176,111.5,0,1,6,586,9.9
2024-06-17,S01,台北信義店,北區,C04,日用品,78,122.3,0,0,0,147,6.3
2024-06-18,S01,台北信義店,北區,C04,日用品,93,116.2,0,0,1,240,6.1
2024-06-19,S01,台北信義店,北區,C04,日用品,105,120.0,0,0,2,255,6.9
2024-06-20,S01,台北信義店,北區,C04,日用品,101,121.2,0,0,3,349,6.9
2024-06-21,S01,台北信義店,北區,C04,日用品,101,110.8,0,0,4,172,6.5
2024-06-22,S01,台北信義店,北區,C04,日用品,165,112.1,0,1,5,345,9.6
2024-06-23,S01,台北信義店,北區,C04,日用品,143,126.0,0,1,6,299,9.1
2024-06-24,S01,台北信義店,北區,C04,日用品,78,123.2,0,0,0,239,5.8
2024-06-25,S01,台北信義店,北區,C04,日用品,90,125.5,0,0,1,188,6.3
2024-06-26,S01,台北信義店,北區,C04,日用品,105,110.0,0,0,2,287,7.3
2024-06-27,S01,台北信義店,北區,C04,日用品,83,129.1,0,0,3,180,6.6
2024-06-28,S01,台北信義店,北區,C04,日用品,83,124.3,0,0,4,308,4.6
2024-06-29,S01,台北信義店,北區,C04,日用品,145,124.1,0,1,5,482,10.4
2024-06-30,S01,台北信義店,北區,C04,日用品,127,118.6,0,1,6,279,9.2
2024-07-01,S01,台北信義店,北區,C04,日用品,81,125.2,0,0,0,293,6.3
2024-07-02,S01,台北信義店,北區,C04,日用品,89,113.0,0,0,1,166,6.2
2024-07-03,S01,台北信義店,北區,C04,日用品,95,127.9,0,0,2,234,6.1
2024-07-04,S01,台北信義店,北區,C04,日用品,99,122.4,0,0,3,241,6.4
2024-07-05,S01,台北信義店,北區,C04,日用品,89,121.6,0,0,4,166,6.6
2024-07-06,S01,台北信義店,北區,C04,日用品,160,111.9,0,1,5,563,8.8
2024-07-07,S01,台北信義店,北區,C04,日用品,156,128.0,0,1,6,470,10.3
2024-07-08,S01,台北信義店,北區,C04,日用品,77,120.5,0,0,0,248,6.0
2024-07-09,S01,台北信義店,北區,C04,日用品,77,123.4,0,0,1,256,6.3
2024-07-10,S01,台北信義店,北區,C04,日用品,76,124.8,0,0,2,229,6.4
2024-07-11,S01,台北信義店,北區,C04,日用品,110,121.2,0,0,3,192,6.8
2024-07-12,S01,台北信義店,北區,C04,日用品,100,119.2,0,0,4,228,5.7
2024-07-13,S01,台北信義店,北區,C04,日用品,150,120.0,0,1,5,474,9.6
2024-07-14,S01,台北信義店,北區,C04,日用品,146,117.9,0,1,6,423,10.2
2024-07-15,S01,台北信義店,北區,C04,日用品,80,116.9,0,0,0,228,5.9
2024-07-16,S01,台北信義店,北區,C04,日用品,95,116.0,0,0,1,226,6.7
2024-07-17,S01,台北信義店,北區,C04,日用品,96,111.6,0,0,2,322,6.2
2024-07-18,S01,台北信義店,北區,C04,日用品,93,123.1,0,0,3,261,6.7
2024-07-19,S01,台北信義店,北區,C04,日用品,100,123.2,0,0,4,202,6.7
2024-07-20,S01,台北信義店,北區,C04,日用品,136,120.4,0,1,5,266,9.1
2024-07-21,S01,台北信義店,北區,C04,日用品,153,121.8,0,1,6,479,9.9
2024-07-22,S01,台北信義店,北區,C04,日用品,92,117.6,0,0,0,222,6.5
2024-07-23,S01,台北信義店,北區,C04,日用品,108,115.3,0,0,1,381,6.9
2024-07-24,S01,台北信義店,北區,C04,日用品,81,122.1,0,0,2,221,6.6
2024-07-25,S01,台北信義店,北區,C04,日用品,102,120.6,0,0,3,274,7.1
2024-07-26,S01,台北信義店,北區,C04,日用品,100,108.8,0,0,4,297,6.4
2024-07-27,S01,台北信義店,北區,C04,日用品,124,123.1,0,1,5,291,9.3
2024-07-28,S01,台北信義店,北區,C04,日用品,155,125.9,0,1,6,391,10.7
2024-07-29,S01,台北信義店,北區,C04,日用品,71,119.9,0,0,0,207,5.4
2024-07-30,S01,台北信義店,北區,C04,日用品,99,124.1,0,0,1,326,6.1
2024-07-31,S01,台北信義店,北區,C04,日用品,85,119.9,0,0,2,146,6.1
2024-08-01,S01,台北信義店,北區,C04,日用品,79,111.8,0,0,3,156,5.7
2024-08-02,S01,台北信義店,北區,C04,日用品,99,121.8,0,0,4,323,7.1
2024-08-03,S01,台北信義店,北區,C04,日用品,189,106.8,1,1,5,348,10.9
2024-08-04,S01,台北信義店,北區,C04,日用品,131,114.2,0,1,6,430,9.2
2024-08-05,S01,台北信義店,北區,C04,日用品,76,120.8,0,0,0,255,6.6
2024-08-06,S01,台北信義店,北區,C04,日用品,88,131.1,0,0,1,177,5.7
2024-08-07,S01,台北信義店,北區,C04,日用品,83,121.6,0,0,2,189,5.9
2024-08-08,S01,台北信義店,北區,C04,日用品,80,116.5,0,0,3,207,6.0
2024-08-09,S01,台北信義店,北區,C04,日用品,123,103.6,1,0,4,297,8.1
2024-08-10,S01,台北信義店,北區,C04,日用品,163,121.7,0,1,5,500,11.3
2024-08-11,S01,台北信義店,北區,C04,日用品,149,112.6,0,1,6,478,9.6
2024-08-12,S01,台北信義店,北區,C04,日用品,90,114.3,0,0,0,276,5.6
2024-08-13,S01,台北信義店,北區,C04,日用品,88,123.1,0,0,1,167,6.1
2024-08-14,S01,台北信義店,北區,C04,日用品,72,120.3,0,0,2,214,5.6
2024-08-15,S01,台北信義店,北區,C04,日用品,79,116.6,0,0,3,217,6.6
2024-08-16,S01,台北信義店,北區,C04,日用品,84,117.8,0,0,4,263,5.9
2024-08-17,S01,台北信義店,北區,C04,日用品,134,125.9,0,1,5,451,10.2
2024-08-18,S01,台北信義店,北區,C04,日用品,132,114.9,0,1,6,461,10.0
2024-08-19,S01,台北信義店,北區,C04,日用品,91,107.0,1,0,0,311,6.4
2024-08-20,S01,台北信義店,北區,C04,日用品,84,123.3,0,0,1,164,6.4
2024-08-21,S01,台北信義店,北區,C04,日用品,78,112.3,0,0,2,188,5.2
2024-08-22,S01,台北信義店,北區,C04,日用品,105,114.7,0,0,3,354,6.2
2024-08-23,S01,台北信義店,北區,C04,日用品,91,124.1,0,0,4,155,7.4
2024-08-24,S01,台北信義店,北區,C04,日用品,136,123.0,0,1,5,338,10.7
2024-08-25,S01,台北信義店,北區,C04,日用品,159,121.8,0,1,6,539,10.2
2024-08-26,S01,台北信義店,北區,C04,日用品,92,101.7,1,0,0,320,6.2
2024-08-27,S01,台北信義店,北區,C04,日用品,84,111.9,0,0,1,173,5.4
2024-08-28,S01,台北信義店,北區,C04,日用品,85,122.9,0,0,2,199,6.1
2024-08-29,S01,台北信義店,北區,C04,日用品,114,104.6,1,0,3,417,6.9
2024-08-30,S01,台北信義店,北區,C04,日用品,102,117.3,0,0,4,234,6.6
2024-08-31,S01,台北信義店,北區,C04,日用品,130,128.3,0,1,5,261,8.5
2024-09-01,S01,台北信義店,北區,C04,日用品,140,127.3,0,1,6,464,9.4
2024-09-02,S01,台北信義店,北區,C04,日用品,81,111.3,0,0,0,229,5.9
2024-09-03,S01,台北信義店,北區,C04,日用品,97,115.2,0,0,1,208,6.1
2024-09-04,S01,台北信義店,北區,C04,日用品,87,110.0,0,0,2,274,6.3
2024-09-05,S01,台北信義店,北區,C04,日用品,84,118.2,0,0,3,167,6.2
2024-09-06,S01,台北信義店,北區,C04,日用品,92,113.4,0,0,4,291,7.1
2024-09-07,S01,台北信義店,北區,C04,日用品,193,110.9,1,1,5,415,10.4
2024-09-08,S01,台北信義店,北區,C04,日用品,135,121.0,0,1,6,411,8.5
2024-09-09,S01,台北信義店,北區,C04,日用品,86,125.6,0,0,0,153,6.4
2024-09-10,S01,台北信義店,北區,C04,日用品,75,113.6,0,0,1,240,5.7
2024-09-11,S01,台北信義店,北區,C04,日用品,78,125.9,0,0,2,282,5.9
2024-09-12,S01,台北信義店,北區,C04,日用品,112,118.1,0,0,3,322,7.7
2024-09-13,S01,台北信義店,北區,C04,日用品,106,119.6,0,0,4,337,7.8
2024-09-14,S01,台北信義店,北區,C04,日用品,152,119.9,0,1,5,478,9.5
2024-09-15,S01,台北信義店,北區,C04,日用品,140,115.2,0,1,6,492,9.9
2024-09-16,S01,台北信義店,北區,C04,日用品,74,120.9,0,0,0,275,5.6
2024-09-17,S01,台北信義店,北區,C04,日用品,85,122.8,0,0,1,154,5.9
2024-09-18,S01,台北信義店,北區,C04,日用品,77,124.4,0,0,2,179,5.3
2024-09-19,S01,台北信義店,北區,C04,日用品,82,131.0,0,0,3,249,6.6
2024-09-20,S01,台北信義店,北區,C04,日用品,112,126.2,0,0,4,379,6.5
2024-09-21,S01,台北信義店,北區,C04,日用品,142,121.6,0,1,5,319,10.2
2024-09-22,S01,台北信義店,北區,C04,日用品,126,119.2,0,1,6,244,9.0
2024-09-23,S01,台北信義店,北區,C04,日用品,81,101.2,1,0,0,207,6.2
2024-09-24,S01,台北信義店,北區,C04,日用品,82,127.6,0,0,1,302,6.1
2024-09-25,S01,台北信義店,北區,C04,日用品,82,119.5,0,0,2,255,6.4
2024-09-26,S01,台北信義店,北區,C04,日用品,92,122.6,0,0,3,258,6.6
2024-09-27,S01,台北信義店,北區,C04,日用品,81,120.3,0,0,4,199,5.8
2024-09-28,S01,台北信義店,北區,C04,日用品,126,118.4,0,1,5,318,9.1
2024-09-29,S01,台北信義店,北區,C04,日用品,149,122.5,0,1,6,254,10.0
2024-09-30,S01,台北信義店,北區,C04,日用品,77,123.9,0,0,0,252,5.9
2024-10-01,S01,台北信義店,北區,C04,日用品,85,116.3,0,0,1,246,6.3
2024-10-02,S01,台北信義店,北區,C04,日用品,75,123.3,0,0,2,199,6.8
2024-10-03,S01,台北信義店,北區,C04,日用品,97,112.1,0,0,3,298,6.1
2024-10-04,S01,台北信義店,北區,C04,日用品,101,124.2,0,0,4,210,6.9
2024-10-05,S01,台北信義店,北區,C04,日用品,127,122.5,0,1,5,328,9.7
2024-10-06,S01,台北信義店,北區,C04,日用品,136,128.1,0,1,6,264,9.6
2024-10-07,S01,台北信義店,北區,C04,日用品,71,119.5,0,0,0,146,5.8
2024-10-08,S01,台北信義店,北區,C04,日用品,90,112.8,0,0,1,314,6.8
2024-10-09,S01,台北信義店,北區,C04,日用品,74,128.7,0,0,2,210,5.3
2024-10-10,S01,台北信義店,北區,C04,日用品,100,123.0,0,1,3,341,8.7
2024-10-11,S01,台北信義店,北區,C04,日用品,95,118.7,0,0,4,250,6.2
2024-10-12,S01,台北信義店,北區,C04,日用品,128,128.8,0,1,5,270,9.6
2024-10-13,S01,台北信義店,北區,C04,日用品,97,127.3,0,1,6,350,8.7
2024-10-14,S01,台北信義店,北區,C04,日用品,82,114.4,0,0,0,222,6.7
2024-10-15,S01,台北信義店,北區,C04,日用品,77,127.5,0,0,1,168,5.1
2024-10-16,S01,台北信義店,北區,C04,日用品,89,125.6,0,0,2,179,5.8
2024-10-17,S01,台北信義店,北區,C04,日用品,81,112.8,0,0,3,193,5.8
2024-10-18,S01,台北信義店,北區,C04,日用品,88,119.9,0,0,4,253,6.1
2024-10-19,S01,台北信義店,北區,C04,日用品,120,122.0,0,1,5,325,9.2
2024-10-20,S01,台北信義店,北區,C04,日用品,111,123.3,0,1,6,371,8.2
2024-10-21,S01,台北信義店,北區,C04,日用品,83,114.8,0,0,0,183,7.1
2024-10-22,S01,台北信義店,北區,C04,日用品,80,112.0,0,0,1,239,6.5
2024-10-23,S01,台北信義店,北區,C04,日用品,85,124.4,0,0,2,185,6.4
2024-10-24,S01,台北信義店,北區,C04,日用品,73,123.8,0,0,3,163,5.4
2024-10-25,S01,台北信義店,北區,C04,日用品,83,115.4,0,0,4,314,5.4
2024-10-26,S01,台北信義店,北區,C04,日用品,111,127.0,0,1,5,389,9.4
2024-10-27,S01,台北信義店,北區,C04,日用品,140,123.1,0,1,6,285,10.5
2024-10-28,S01,台北信義店,北區,C04,日用品,61,122.6,0,0,0,185,4.9
2024-10-29,S01,台北信義店,北區,C04,日用品,82,121.0,0,0,1,148,6.0
2024-10-30,S01,台北信義店,北區,C04,日用品,67,121.1,0,0,2,246,5.8
2024-10-31,S01,台北信義店,北區,C04,日用品,92,116.3,0,0,3,323,6.1
2024-11-01,S01,台北信義店,北區,C04,日用品,102,117.0,0,0,4,242,6.7
2024-11-02,S01,台北信義店,北區,C04,日用品,143,118.4,0,1,5,466,10.0
2024-11-03,S01,台北信義店,北區,C04,日用品,121,114.1,0,1,6,435,8.9
2024-11-04,S01,台北信義店,北區,C04,日用品,64,121.3,0,0,0,118,5.2
2024-11-05,S01,台北信義店,北區,C04,日用品,61,121.9,0,0,1,218,6.4
2024-11-06,S01,台北信義店,北區,C04,日用品,70,132.6,0,0,2,212,5.4
2024-11-07,S01,台北信義店,北區,C04,日用品,64,115.8,0,0,3,134,5.5
2024-11-08,S01,台北信義店,北區,C04,日用品,65,125.0,0,0,4,139,6.1
2024-11-09,S01,台北信義店,北區,C04,日用品,123,121.9,0,1,5,229,8.9
2024-11-10,S01,台北信義店,北區,C04,日用品,119,122.3,0,1,6,215,8.8
2024-11-11,S01,台北信義店,北區,C04,日用品,74,120.6,0,0,0,265,6.0
2024-11-12,S01,台北信義店,北區,C04,日用品,96,105.5,0,0,1,175,7.0
2024-11-13,S01,台北信義店,北區,C04,日用品,66,132.9,0,0,2,144,5.3
2024-11-14,S01,台北信義店,北區,C04,日用品,99,101.7,1,0,3,175,6.9
2024-11-15,S01,台北信義店,北區,C04,日用品,85,117.0,0,0,4,158,6.2
2024-11-16,S01,台北信義店,北區,C04,日用品,124,119.9,0,1,5,355,9.5
2024-11-17,S01,台北信義店,北區,C04,日用品,108,122.6,0,1,6,276,8.5
2024-11-18,S01,台北信義店,北區,C04,日用品,71,111.4,0,0,0,195,6.1
2024-11-19,S01,台北信義店,北區,C04,日用品,89,115.7,0,0,1,278,6.1
2024-11-20,S01,台北信義店,北區,C04,日用品,73,131.5,0,0,2,185,6.2
2024-11-21,S01,台北信義店,北區,C04,日用品,78,119.0,0,0,3,277,4.9
2024-11-22,S01,台北信義店,北區,C04,日用品,81,127.2,0,0,4,171,6.5
2024-11-23,S01,台北信義店,北區,C04,日用品,104,121.5,0,1,5,217,8.8
2024-11-24,S01,台北信義店,北區,C04,日用品,129,119.7,0,1,6,382,10.1
2024-11-25,S01,台北信義店,北區,C04,日用品,85,98.4,1,0,0,295,5.7
2024-11-26,S01,台北信義店,北區,C04,日用品,72,124.3,0,0,1,239,5.3
2024-11-27,S01,台北信義店,北區,C04,日用品,75,119.8,0,0,2,176,6.0
2024-11-28,S01,台北信義店,北區,C04,日用品,82,128.0,0,0,3,296,6.3
2024-11-29,S01,台北信義店,北區,C04,日用品,85,124.3,0,0,4,305,6.4
2024-11-30,S01,台北信義店,北區,C04,日用品,118,121.5,0,1,5,239,9.1
2024-12-01,S01,台北信義店,北區,C04,日用品,105,132.3,0,1,6,313,8.5
2024-12-02,S01,台北信義店,北區,C04,日用品,72,95.6,1,0,0,266,5.6
2024-12-03,S01,台北信義店,北區,C04,日用品,65,119.8,0,0,1,138,5.6
2024-12-04,S01,台北信義店,北區,C04,日用品,55,120.9,0,0,2,183,4.8
2024-12-05,S01,台北信義店,北區,C04,日用品,76,117.3,0,0,3,147,6.7
2024-12-06,S01,台北信義店,北區,C04,日用品,94,120.2,0,0,4,222,5.6
2024-12-07,S01,台北信義店,北區,C04,日用品,118,119.2,0,1,5,383,9.6
2024-12-08,S01,台北信義店,北區,C04,日用品,150,133.5,0,1,6,331,10.4
2024-12-09,S01,台北信義店,北區,C04,日用品,80,116.6,0,0,0,202,6.6
2024-12-10,S01,台北信義店,北區,C04,日用品,59,114.8,0,0,1,162,5.7
2024-12-11,S01,台北信義店,北區,C04,日用品,74,113.9,0,0,2,249,6.1
2024-12-12,S01,台北信義店,北區,C04,日用品,63,118.7,0,0,3,219,4.9
2024-12-13,S01,台北信義店,北區,C04,日用品,60,120.9,0,0,4,123,5.1
2024-12-14,S01,台北信義店,北區,C04,日用品,134,123.2,0,1,5,350,9.5
2024-12-15,S01,台北信義店,北區,C04,日用品,137,114.1,0,1,6,486,9.3
2024-12-16,S01,台北信義店,北區,C04,日用品,63,116.6,0,0,0,241,5.2
2024-12-17,S01,台北信義店,北區,C04,日用品,103,93.5,1,0,1,216,6.5
2024-12-18,S01,台北信義店,北區,C04,日用品,67,125.3,0,0,2,170,5.5
2024-12-19,S01,台北信義店,北區,C04,日用品,72,115.5,0,0,3,255,6.2
2024-12-20,S01,台北信義店,北區,C04,日用品,94,125.9,0,0,4,187,6.9
2024-12-21,S01,台北信義店,北區,C04,日用品,124,119.3,0,1,5,305,9.6
2024-12-22,S01,台北信義店,北區,C04,日用品,154,107.3,0,1,6,409,9.4
2024-12-23,S01,台北信義店,北區,C04,日用品,64,118.0,0,0,0,190,5.5
2024-12-24,S01,台北信義店,北區,C04,日用品,91,121.9,0,0,1,328,5.0
2024-12-25,S01,台北信義店,北區,C04,日用品,85,123.4,0,1,2,239,8.5
2024-12-26,S01,台北信義店,北區,C04,日用品,99,106.9,1,0,3,293,6.3
2024-12-27,S01,台北信義店,北區,C04,日用品,66,124.6,0,0,4,155,5.6
2024-12-28,S01,台北信義店,北區,C04,日用品,110,114.0,0,1,5,197,8.3
2024-12-29,S01,台北信義店,北區,C04,日用品,117,126.3,0,1,6,354,8.1
2024-12-30,S01,台北信義店,北區,C04,日用品,62,118.0,0,0,0,176,5.5
2023-01-01,S02,台中逢甲店,中區,C01,飲料,196,44.5,0,1,6,706,10.0
2023-01-02,S02,台中逢甲店,中區,C01,飲料,101,44.1,0,0,0,211,7.6
2023-01-03,S02,台中逢甲店,中區,C01,飲料,110,42.8,0,0,1,336,6.5
2023-01-04,S02,台中逢甲店,中區,C01,飲料,96,46.0,0,0,2,326,6.6
2023-01-05,S02,台中逢甲店,中區,C01,飲料,122,45.0,0,0,3,240,6.7
2023-01-06,S02,台中逢甲店,中區,C01,飲料,128,46.9,0,0,4,431,7.2
2023-01-07,S02,台中逢甲店,中區,C01,飲料,159,46.1,0,1,5,408,9.2
2023-01-08,S02,台中逢甲店,中區,C01,飲料,253,37.1,1,1,6,771,13.0
2023-01-09,S02,台中逢甲店,中區,C01,飲料,86,45.4,0,0,0,171,7.1
2023-01-10,S02,台中逢甲店,中區,C01,飲料,114,47.6,0,0,1,370,6.9
2023-01-11,S02,台中逢甲店,中區,C01,飲料,106,40.9,0,0,2,316,6.1
2023-01-12,S02,台中逢甲店,中區,C01,飲料,124,45.5,0,0,3,270,7.2
2023-01-13,S02,台中逢甲店,中區,C01,飲料,166,38.8,1,0,4,548,8.4
2023-01-14,S02,台中逢甲店,中區,C01,飲料,172,46.2,0,1,5,463,11.1
2023-01-15,S02,台中逢甲店,中區,C01,飲料,187,47.8,0,1,6,378,10.3
2023-01-16,S02,台中逢甲店,中區,C01,飲料,106,46.2,0,0,0,241,6.0
2023-01-17,S02,台中逢甲店,中區,C01,飲料,152,38.0,1,0,1,494,8.3
2023-01-18,S02,台中逢甲店,中區,C01,飲料,114,44.1,0,0,2,253,6.3
2023-01-19,S02,台中逢甲店,中區,C01,飲料,96,46.8,0,0,3,220,6.6
2023-01-20,S02,台中逢甲店,中區,C01,飲料,138,44.8,0,0,4,321,7.3
2023-01-21,S02,台中逢甲店,中區,C01,飲料,233,35.9,1,1,5,755,11.6
2023-01-22,S02,台中逢甲店,中區,C01,飲料,160,44.0,0,1,6,421,8.6
2023-01-23,S02,台中逢甲店,中區,C01,飲料,86,47.3,0,0,0,288,5.4
2023-01-24,S02,台中逢甲店,中區,C01,飲料,125,48.7,0,0,1,250,7.0
2023-01-25,S02,台中逢甲店,中區,C01,飲料,105,47.8,0,0,2,288,6.6
2023-01-26,S02,台中逢甲店,中區,C01,飲料,100,46.4,0,0,3,274,6.2
2023-01-27,S02,台中逢甲店,中區,C01,飲料,110,49.0,0,0,4,385,7.4
2023-01-28,S02,台中逢甲店,中區,C01,飲料,202,43.8,0,1,5,647,11.5
2023-01-29,S02,台中逢甲店,中區,C01,飲料,179,45.3,0,1,6,456,10.7
2023-01-30,S02,台中逢甲店,中區,C01,飲料,96,45.1,0,0,0,336,7.0
2023-01-31,S02,台中逢甲店,中區,C01,飲料,111,43.9,0,0,1,347,7.4
2023-02-01,S02,台中逢甲店,中區,C01,飲料,107,45.9,0,0,2,260,7.5
2023-02-02,S02,台中逢甲店,中區,C01,飲料,95,47.7,0,0,3,307,5.8
2023-02-03,S02,台中逢甲店,中區,C01,飲料,125,48.5,0,0,4,297,7.0
2023-02-04,S02,台中逢甲店,中區,C01,飲料,167,45.2,0,1,5,347,10.8
2023-02-05,S02,台中逢甲店,中區,C01,飲料,186,43.7,0,1,6,303,10.9
2023-02-06,S02,台中逢甲店,中區,C01,飲料,82,45.4,0,0,0,173,5.9
2023-02-07,S02,台中逢甲店,中區,C01,飲料,91,44.6,0,0,1,241,5.8
2023-02-08,S02,台中逢甲店,中區,C01,飲料,97,44.7,0,0,2,164,7.0
2023-02-09,S02,台中逢甲店,中區,C01,飲料,172,42.6,1,0,3,287,7.3
2023-02-10,S02,台中逢甲店,中區,C01,飲料,126,45.9,0,0,4,401,6.7
2023-02-11,S02,台中逢甲店,中區,C01,飲料,163,45.4,0,1,5,567,10.3
2023-02-12,S02,台中逢甲店,中區,C01,飲料,182,43.8,0,1,6,353,9.9
2023-02-13,S02,台中逢甲店,中區,C01,飲料,141,36.9,1,0,0,438,8.0
2023-02-14,S02,台中逢甲店,中區,C01,飲料,96,47.5,0,0,1,337,6.6
2023-02-15,S02,台中逢甲店,中區,C01,飲料,90,49.5,0,0,2,215,6.3
2023-02-16,S02,台中逢甲店,中區,C01,飲料,112,48.7,0,0,3,221,6.2
2023-02-17,S02,台中逢甲店,中區,C01,飲料,127,45.3,0,0,4,449,7.4
2023-02-18,S02,台中逢甲店,中區,C01,飲料,197,43.9,0,1,5,405,10.3
2023-02-19,S02,台中逢甲店,中區,C01,飲料,207,43.3,0,1,6,417,10.8
2023-02-20,S02,台中逢甲店,中區,C01,飲料,93,45.7,0,0,0,319,6.0
2023-02-21,S02,台中逢甲店,中區,C01,飲料,105,46.4,0,0,1,288,7.0
2023-02-22,S02,台中逢甲店,中區,C01,飲料,133,38.4,1,0,2,256,6.5
2023-02-23,S02,台中逢甲店,中區,C01,飲料,107,45.0,0,0,3,288,6.7
2023-02-24,S02,台中逢甲店,中區,C01,飲料,135,46.0,0,0,4,449,7.8
2023-02-25,S02,台中逢甲店,中區,C01,飲料,183,49.5,0,1,5,636,10.4
2023-02-26,S02,台中逢甲店,中區,C01,飲料,166,45.5,0,1,6,378,10.8
2023-02-27,S02,台中逢甲店,中區,C01,飲料,113,47.2,0,0,0,232,6.0
2023-02-28,S02,台中逢甲店,中區,C01,飲料,134,45.4,0,1,1,388,9.2
2023-03-01,S02,台中逢甲店,中區,C01,飲料,103,45.2,0,0,2,252,6.7
2023-03-02,S02,台中逢甲店,中區,C01,飲料,119,46.2,0,0,3,320,6.8
2023-03-03,S02,台中逢甲店,中區,C01,飲料,121,49.0,0,0,4,240,6.9
2023-03-04,S02,台中逢甲店,中區,C01,飲料,179,47.6,0,1,5,371,10.1
2023-03-05,S02,台中逢甲店,中區,C01,飲料,172,49.6,0,1,6,544,10.4
2023-03-06,S02,台中逢甲店,中區,C01,飲料,110,42.7,0,0,0,230,5.9
2023-03-07,S02,台中逢甲店,中區,C01,飲料,105,44.4,0,0,1,322,5.7
2023-03-08,S02,台中逢甲店,中區,C01,飲料,151,37.5,1,0,2,487,7.4
2023-03-09,S02,台中逢甲店,中區,C01,飲料,110,41.2,0,0,3,200,6.4
2023-03-10,S02,台中逢甲店,中區,C01,飲料,162,41.3,1,0,4,276,7.4
2023-03-11,S02,台中逢甲店,中區,C01,飲料,196,46.4,0,1,5,363,11.0
2023-03-12,S02,台中逢甲店,中區,C01,飲料,197,46.2,0,1,6,392,11.2
2023-03-13,S02,台中逢甲店,中區,C01,飲料,113,45.5,0,0,0,273,7.1
2023-03-14,S02,台中逢甲店,中區,C01,飲料,108,47.9,0,0,1,301,6.2
2023-03-15,S02,台中逢甲店,中區,C01,飲料,125,46.2,0,0,2,428,7.9
2023-03-16,S02,台中逢甲店,中區,C01,飲料,108,50.0,0,0,3,233,5.7
2023-03-17,S02,台中逢甲店,中區,C01,飲料,202,37.1,1,0,4,388,9.3
2023-03-18,S02,台中逢甲店,中區,C01,飲料,194,41.2,0,1,5,433,10.9
2023-03-19,S02,台中逢甲店,中區,C01,飲料,258,37.0,1,1,6,754,12.8
2023-03-20,S02,台中逢甲店,中區,C01,飲料,124,40.6,0,0,0,449,7.2
2023-03-21,S02,台中逢甲店,中區,C01,飲料,122,45.4,0,0,1,436,6.8
2023-03-22,S02,台中逢甲店,中區,C01,飲料,108,47.4,0,0,2,326,6.8
2023-03-23,S02,台中逢甲店,中區,C01,飲料,133,50.7,0,0,3,421,7.7
2023-03-24,S02,台中逢甲店,中區,C01,飲料,181,41.0,1,0,4,551,8.6
2023-03-25,S02,台中逢甲店,中區,C01,飲料,204,43.8,0,1,5,710,11.7
2023-03-26,S02,台中逢甲店,中區,C01,飲料,287,38.4,1,1,6,982,12.9
2023-03-27,S02,台中逢甲店,中區,C01,飲料,115,47.9,0,0,0,221,7.1
2023-03-28,S02,台中逢甲店,中區,C01,飲料,122,42.4,0,0,1,227,6.9
2023-03-29,S02,台中逢甲店,中區,C01,飲料,104,44.0,0,0,2,279,6.4
2023-03-30,S02,台中逢甲店,中區,C01,飲料,147,42.4,0,0,3,477,7.3
2023-03-31,S02,台中逢甲店,中區,C01,飲料,150,42.8,0,0,4,465,8.2
2023-04-01,S02,台中逢甲店,中區,C01,飲料,208,46.7,0,1,5,498,10.9
2023-04-02,S02,台中逢甲店,中區,C01,飲料,300,36.9,1,1,6,676,13.6
2023-04-03,S02,台中逢甲店,中區,C01,飲料,124,47.4,0,0,0,362,6.2
2023-04-04,S02,台中逢甲店,中區,C01,飲料,173,46.3,0,1,1,333,9.9
2023-04-05,S02,台中逢甲店,中區,C01,飲料,173,44.4,0,1,2,414,10.8
2023-04-06,S02,台中逢甲店,中區,C01,飲料,125,40.5,0,0,3,391,7.7
2023-04-07,S02,台中逢甲店,中區,C01,飲料,144,45.0,0,0,4,386,7.9
2023-04-08,S02,台中逢甲店,中區,C01,飲料,221,46.7,0,1,5,415,11.6
2023-04-09,S02,台中逢甲店,中區,C01,飲料,190,47.1,0,1,6,420,11.6
2023-04-10,S02,台中逢甲店,中區,C01,飲料,98,50.5,0,0,0,174,5.9
2023-04-11,S02,台中逢甲店,中區,C01,飲料,133,45.8,0,0,1,297,7.8
2023-04-12,S02,台中逢甲店,中區,C01,飲料,179,40.1,1,0,2,582,7.9
2023-04-13,S02,台中逢甲店,中區,C01,飲料,141,44.6,0,0,3,233,7.0
2023-04-14,S02,台中逢甲店,中區,C01,飲料,145,46.9,0,0,4,510,8.1
2023-04-15,S02,台中逢甲店,中區,C01,飲料,227,39.9,0,1,5,423,11.5
2023-04-16,S02,台中逢甲店,中區,C01,飲料,231,40.5,0,1,6,822,11.8
2023-04-17,S02,台中逢甲店,中區,C01,飲料,190,39.2,1,0,0,476,8.9
2023-04-18,S02,台中逢甲店,中區,C01,飲料,123,44.2,0,0,1,375,7.8
2023-04-19,S02,台中逢甲店,中區,C01,飲料,122,45.0,0,0,2,328,7.3
2023-04-20,S02,台中逢甲店,中區,C01,飲料,190,37.6,1,0,3,390,8.5
2023-04-21,S02,台中逢甲店,中區,C01,飲料,151,45.6,0,0,4,381,7.2
2023-04-22,S02,台中逢甲店,中區,C01,飲料,200,45.5,0,1,5,485,11.0
2023-04-23,S02,台中逢甲店,中區,C01,飲料,198,44.7,0,1,6,470,11.2
2023-04-24,S02,台中逢甲店,中區,C01,飲料,96,45.6,0,0,0,217,6.5
2023-04-25,S02,台中逢甲店,中區,C01,飲料,139,45.2,0,0,1,447,7.2
2023-04-26,S02,台中逢甲店,中區,C01,飲料,125,45.2,0,0,2,443,6.4
2023-04-27,S02,台中逢甲店,中區,C01,飲料,117,49.0,0,0,3,196,7.1
2023-04-28,S02,台中逢甲店,中區,C01,飲料,154,42.9,0,0,4,288,7.9
2023-04-29,S02,台中逢甲店,中區,C01,飲料,247,43.2,0,1,5,763,12.4
2023-04-30,S02,台中逢甲店,中區,C01,飲料,237,43.5,0,1,6,689,12.9
2023-05-01,S02,台中逢甲店,中區,C01,飲料,171,49.2,0,1,0,501,9.8
2023-05-02,S02,台中逢甲店,中區,C01,飲料,140,45.8,0,0,1,402,6.9
2023-05-03,S02,台中逢甲店,中區,C01,飲料,151,43.2,0,0,2,395,7.6
2023-05-04,S02,台中逢甲店,中區,C01,飲料,116,42.3,0,0,3,329,6.4
2023-05-05,S02,台中逢甲店,中區,C01,飲料,167,45.4,0,0,4,352,8.3
2023-05-06,S02,台中逢甲店,中區,C01,飲料,338,36.0,1,1,5,1049,14.8
2023-05-07,S02,台中逢甲店,中區,C01,飲料,231,43.4,0,1,6,611,12.5
2023-05-08,S02,台中逢甲店,中區,C01,飲料,175,39.8,1,0,0,525,7.9
2023-05-09,S02,台中逢甲店,中區,C01,飲料,161,44.8,0,0,1,389,8.5
2023-05-10,S02,台中逢甲店,中區,C01,飲料,150,42.1,0,0,2,508,8.2
2023-05-11,S02,台中逢甲店,中區,C01,飲料,166,43.1,0,0,3,299,8.6
2023-05-12,S02,台中逢甲店,中區,C01,飲料,138,44.4,0,0,4,398,6.8
2023-05-13,S02,台中逢甲店,中區,C01,飲料,267,44.6,0,1,5,783,12.5
2023-05-14,S02,台中逢甲店,中區,C01,飲料,380,38.1,1,1,6,879,16.5
2023-05-15,S02,台中逢甲店,中區,C01,飲料,197,40.5,1,0,0,608,8.0
2023-05-16,S02,台中逢甲店,中區,C01,飲料,235,37.6,1,0,1,464,9.7
2023-05-17,S02,台中逢甲店,中區,C01,飲料,144,42.3,0,0,2,258,7.9
2023-05-18,S02,台中逢甲店,中區,C01,飲料,120,45.4,0,0,3,393,6.5
2023-05-19,S02,台中逢甲店,中區,C01,飲料,159,41.2,0,0,4,319,7.6
2023-05-20,S02,台中逢甲店,中區,C01,飲料,248,43.9,0,1,5,777,12.5
2023-05-21,S02,台中逢甲店,中區,C01,飲料,253,48.5,0,1,6,779,12.7
2023-05-22,S02,台中逢甲店,中區,C01,飲料,181,40.3,0,0,0,645,8.6
2023-05-23,S02,台中逢甲店,中區,C01,飲料,145,46.2,0,0,1,403,7.7
2023-05-24,S02,台中逢甲店,中區,C01,飲料,220,43.6,1,0,2,529,8.5
2023-05-25,S02,台中逢甲店,中區,C01,飲料,155,43.3,0,0,3,319,7.3
2023-05-26,S02,台中逢甲店,中區,C01,飲料,185,44.2,0,0,4,541,8.7
2023-05-27,S02,台中逢甲店,中區,C01,飲料,265,43.2,0,1,5,856,12.3
2023-05-28,S02,台中逢甲店,中區,C01,飲料,284,42.5,0,1,6,873,13.1
2023-05-29,S02,台中逢甲店,中區,C01,飲料,203,38.3,1,0,0,573,8.4
2023-05-30,S02,台中逢甲店,中區,C01,飲料,195,44.0,0,0,1,690,8.8
2023-05-31,S02,台中逢甲店,中區,C01,飲料,137,46.3,0,0,2,448,7.2
2023-06-01,S02,台中逢甲店,中區,C01,飲料,149,46.7,0,0,3,280,7.5
2023-06-02,S02,台中逢甲店,中區,C01,飲料,205,42.8,0,0,4,458,8.4
2023-06-03,S02,台中逢甲店,中區,C01,飲料,230,43.9,0,1,5,575,11.7
2023-06-04,S02,台中逢甲店,中區,C01,飲料,269,44.1,0,1,6,562,13.1
2023-06-05,S02,台中逢甲店,中區,C01,飲料,167,46.8,0,0,0,584,8.4
2023-06-06,S02,台中逢甲店,中區,C01,飲料,160,45.2,0,0,1,296,7.7
2023-06-07,S02,台中逢甲店,中區,C01,飲料,166,46.1,0,0,2,385,9.1
2023-06-08,S02,台中逢甲店,中區,C01,飲料,171,50.0,0,0,3,474,8.9
2023-06-09,S02,台中逢甲店,中區,C01,飲料,202,44.9,0,0,4,723,8.6
2023-06-10,S02,台中逢甲店,中區,C01,飲料,355,39.1,1,1,5,682,14.2
2023-06-11,S02,台中逢甲店,中區,C01,飲料,238,48.1,0,1,6,624,11.2
2023-06-12,S02,台中逢甲店,中區,C01,飲料,164,45.2,0,0,0,452,8.4
2023-06-13,S02,台中逢甲店,中區,C01,飲料,166,43.6,0,0,1,482,8.2
2023-06-14,S02,台中逢甲店,中區,C01,飲料,158,44.4,0,0,2,315,7.0
2023-06-15,S02,台中逢甲店,中區,C01,飲料,254,38.2,1,0,3,505,10.7
2023-06-16,S02,台中逢甲店,中區,C01,飲料,205,46.1,0,0,4,480,8.8
2023-06-17,S02,台中逢甲店,中區,C01,飲料,241,44.3,0,1,5,434,11.9
2023-06-18,S02,台中逢甲店,中區,C01,飲料,303,46.6,0,1,6,484,14.0
2023-06-19,S02,台中逢甲店,中區,C01,飲料,150,46.4,0,0,0,515,7.4
2023-06-20,S02,台中逢甲店,中區,C01,飲料,239,36.8,1,0,1,580,10.4
2023-06-21,S02,台中逢甲店,中區,C01,飲料,177,44.2,0,0,2,447,7.8
2023-06-22,S02,台中逢甲店,中區,C01,飲料,167,47.1,0,0,3,556,8.9
2023-06-23,S02,台中逢甲店,中區,C01,飲料,209,46.8,0,0,4,466,8.9
2023-06-24,S02,台中逢甲店,中區,C01,飲料,295,45.6,0,1,5,637,14.0
2023-06-25,S02,台中逢甲店,中區,C01,飲料,248,44.0,0,1,6,550,12.8
2023-06-26,S02,台中逢甲店,中區,C01,飲料,159,46.1,0,0,0,539,8.9
2023-06-27,S02,台中逢甲店,中區,C01,飲料,178,45.0,0,0,1,360,9.0
2023-06-28,S02,台中逢甲店,中區,C01,飲料,160,45.0,0,0,2,343,9.0
2023-06-29,S02,台中逢甲店,中區,C01,飲料,208,42.4,0,0,3,415,9.5
2023-06-30,S02,台中逢甲店,中區,C01,飲料,279,36.9,1,0,4,587,11.5
2023-07-01,S02,台中逢甲店,中區,C01,飲料,266,44.0,0,1,5,661,12.5
2023-07-02,S02,台中逢甲店,中區,C01,飲料,365,41.2,1,1,6,1140,15.4
2023-07-03,S02,台中逢甲店,中區,C01,飲料,123,46.4,0,0,0,326,7.1
2023-07-04,S02,台中逢甲店,中區,C01,飲料,218,44.0,0,0,1,654,9.7
2023-07-05,S02,台中逢甲店,中區,C01,飲料,171,44.5,0,0,2,419,7.7
2023-07-06,S02,台中逢甲店,中區,C01,飲料,185,44.0,0,0,3,335,9.3
2023-07-07,S02,台中逢甲店,中區,C01,飲料,204,44.7,0,0,4,399,9.3
2023-07-08,S02,台中逢甲店,中區,C01,飲料,293,44.7,0,1,5,567,14.0
2023-07-09,S02,台中逢甲店,中區,C01,飲料,301,40.1,0,1,6,936,13.5
2023-07-10,S02,台中逢甲店,中區,C01,飲料,170,45.7,0,0,0,555,7.9
2023-07-11,S02,台中逢甲店,中區,C01,飲料,183,43.5,0,0,1,359,9.1
2023-07-12,S02,台中逢甲店,中區,C01,飲料,239,35.4,1,0,2,841,9.7
2023-07-13,S02,台中逢甲店,中區,C01,飲料,163,44.1,0,0,3,570,7.6
2023-07-14,S02,台中逢甲店,中區,C01,飲料,202,45.7,0,0,4,384,9.0
2023-07-15,S02,台中逢甲店,中區,C01,飲料,295,43.8,0,1,5,465,13.5
2023-07-16,S02,台中逢甲店,中區,C01,飲料,310,45.5,0,1,6,1100,13.8
2023-07-17,S02,台中逢甲店,中區,C01,飲料,169,46.1,0,0,0,576,8.0
2023-07-18,S02,台中逢甲店,中區,C01,飲料,176,45.0,0,0,1,289,9.0
2023-07-19,S02,台中逢甲店,中區,C01,飲料,272,37.6,1,0,2,535,10.9
2023-07-20,S02,台中逢甲店,中區,C01,飲料,202,45.1,0,0,3,498,8.8
2023-07-21,S02,台中逢甲店,中區,C01,飲料,170,44.4,0,0,4,521,8.1
2023-07-22,S02,台中逢甲店,中區,C01,飲料,313,47.4,0,1,5,957,12.9
2023-07-23,S02,台中逢甲店,中區,C01,飲料,407,37.0,1,1,6,988,17.4
2023-07-24,S02,台中逢甲店,中區,C01,飲料,160,42.6,0,0,0,379,8.0
2023-07-25,S02,台中逢甲店,中區,C01,飲料,169,45.8,0,0,1,569,8.5
2023-07-26,S02,台中逢甲店,中區,C01,飲料,169,44.0,0,0,2,560,7.5
2023-07-27,S02,台中逢甲店,中區,C01,飲料,192,46.6,0,0,3,487,9.2
2023-07-28,S02,台中逢甲店,中區,C01,飲料,206,42.7,0,0,4,395,9.2
2023-07-29,S02,台中逢甲店,中區,C01,飲料,324,46.0,0,1,5,923,13.5
2023-07-30,S02,台中逢甲店,中區,C01,飲料,324,48.5,0,1,6,972,14.1
2023-07-31,S02,台中逢甲店,中區,C01,飲料,160,44.7,0,0,0,507,8.0
2023-08-01,S02,台中逢甲店,中區,C01,飲料,192,43.8,0,0,1,633,7.7
2023-08-02,S02,台中逢甲店,中區,C01,飲料,194,43.1,0,0,2,660,8.7
2023-08-03,S02,台中逢甲店,中區,C01,飲料,157,45.6,0,0,3,282,8.0
2023-08-04,S02,台中逢甲店,中區,C01,飲料,203,49.1,0,0,4,477,9.1
2023-08-05,S02,台中逢甲店,中區,C01,飲料,292,44.3,0,1,5,990,14.0
2023-08-06,S02,台中逢甲店,中區,C01,飲料,285,46.8,0,1,6,998,12.5
2023-08-07,S02,台中逢甲店,中區,C01,飲料,185,43.4,0,0,0,461,9.1
2023-08-08,S02,台中逢甲店,中區,C01,飲料,187,46.5,0,0,1,363,8.9
2023-08-09,S02,台中逢甲店,中區,C01,飲料,182,45.4,0,0,2,338,9.0
2023-08-10,S02,台中逢甲店,中區,C01,飲料,185,45.1,0,0,3,628,8.4
2023-08-11,S02,台中逢甲店,中區,C01,飲料,215,43.8,0,0,4,635,9.3
2023-08-12,S02,台中逢甲店,中區,C01,飲料,441,34.9,1,1,5,1374,16.6
2023-08-13,S02,台中逢甲店,中區,C01,飲料,312,46.7,0,1,6,506,13.7
2023-08-14,S02,台中逢甲店,中區,C01,飲料,167,44.1,0,0,0,424,8.0
2023-08-15,S02,台中逢甲店,中區,C01,飲料,183,44.3,0,0,1,452,9.2
2023-08-16,S02,台中逢甲店,中區,C01,飲料,132,43.9,0,0,2,399,7.6
2023-08-17,S02,台中逢甲店,中區,C01,飲料,159,43.7,0,0,3,260,7.7
2023-08-18,S02,台中逢甲店,中區,C01,飲料,207,47.7,0,0,4,451,9.3
2023-08-19,S02,台中逢甲店,中區,C01,飲料,282,47.5,0,1,5,806,13.9
2023-08-20,S02,台中逢甲店,中區,C01,飲料,309,43.8,0,1,6,929,13.6
2023-08-21,S02,台中逢甲店,中區,C01,飲料,159,46.1,0,0,0,566,8.6
2023-08-22,S02,台中逢甲店,中區,C01,飲料,152,45.9,0,0,1,497,7.1
2023-08-23,S02,台中逢甲店,中區,C01,飲料,217,43.7,0,0,2,363,9.9
2023-08-24,S02,台中逢甲店,中區,C01,飲料,158,44.6,0,0,3,310,7.7
2023-08-25,S02,台中逢甲店,中區,C01,飲料,204,46.9,0,0,4,603,9.1
2023-08-26,S02,台中逢甲店,中區,C01,飲料,391,37.8,1,1,5,848,15.9
2023-08-27,S02,台中逢甲店,中區,C01,飲料,286,44.0,0,1,6,1022,12.6
2023-08-28,S02,台中逢甲店,中區,C01,飲料,198,40.1,0,0,0,360,9.0
2023-08-29,S02,台中逢甲店,中區,C01,飲料,234,38.6,1,0,1,826,10.0
2023-08-30,S02,台中逢甲店,中區,C01,飲料,177,42.2,0,0,2,557,9.2
2023-08-31,S02,台中逢甲店,中區,C01,飲料,152,47.9,0,0,3,324,8.3
2023-09-01,S02,台中逢甲店,中區,C01,飲料,214,42.8,0,0,4,757,9.8
2023-09-02,S02,台中逢甲店,中區,C01,飲料,257,44.6,0,1,5,623,12.3
2023-09-03,S02,台中逢甲店,中區,C01,飲料,407,39.4,1,1,6,1163,15.6
2023-09-04,S02,台中逢甲店,中區,C01,飲料,156,46.3,0,0,0,343,7.6
2023-09-05,S02,台中逢甲店,中區,C01,飲料,171,46.3,0,0,1,362,8.2
2023-09-06,S02,台中逢甲店,中區,C01,飲料,150,43.8,0,0,2,483,7.5
2023-09-07,S02,台中逢甲店,中區,C01,飲料,174,47.9,0,0,3,532,8.8
2023-09-08,S02,台中逢甲店,中區,C01,飲料,199,47.2,0,0,4,320,9.1
2023-09-09,S02,台中逢甲店,中區,C01,飲料,256,44.1,0,1,5,578,12.8
2023-09-10,S02,台中逢甲店,中區,C01,飲料,272,46.2,0,1,6,827,12.4
2023-09-11,S02,台中逢甲店,中區,C01,飲料,159,42.5,0,0,0,433,7.5
2023-09-12,S02,台中逢甲店,中區,C01,飲料,140,43.6,0,0,1,458,7.3
2023-09-13,S02,台中逢甲店,中區,C01,飲料,224,39.5,1,0,2,393,9.8
2023-09-14,S02,台中逢甲店,中區,C01,飲料,171,38.2,0,0,3,476,8.5
2023-09-15,S02,台中逢甲店,中區,C01,飲料,168,46.2,0,0,4,351,8.6
2023-09-16,S02,台中逢甲店,中區,C01,飲料,268,47.2,0,1,5,823,12.9
2023-09-17,S02,台中逢甲店,中區,C01,飲料,308,36.0,1,1,6,976,13.7
2023-09-18,S02,台中逢甲店,中區,C01,飲料,145,41.4,0,0,0,524,7.8
2023-09-19,S02,台中逢甲店,中區,C01,飲料,236,38.6,1,0,1,568,10.1
2023-09-20,S02,台中逢甲店,中區,C01,飲料,186,46.2,0,0,2,332,10.3
2023-09-21,S02,台中逢甲店,中區,C01,飲料,168,45.9,0,0,3,362,8.0
2023-09-22,S02,台中逢甲店,中區,C01,飲料,185,46.4,0,0,4,303,8.8
2023-09-23,S02,台中逢甲店,中區,C01,飲料,255,49.6,0,1,5,615,12.8
2023-09-24,S02,台中逢甲店,中區,C01,飲料,247,45.8,0,1,6,436,11.9
2023-09-25,S02,台中逢甲店,中區,C01,飲料,198,36.3,1,0,0,600,9.6
2023-09-26,S02,台中逢甲店,中區,C01,飲料,169,46.8,0,0,1,470,7.9
2023-09-27,S02,台中逢甲店,中區,C01,飲料,162,46.9,0,0,2,506,8.6
2023-09-28,S02,台中逢甲店,中區,C01,飲料,143,44.7,0,0,3,462,7.4
2023-09-29,S02,台中逢甲店,中區,C01,飲料,171,48.9,0,0,4,517,8.2
2023-09-30,S02,台中逢甲店,中區,C01,飲料,277,45.3,0,1,5,705,13.2
2023-10-01,S02,台中逢甲店,中區,C01,飲料,387,42.7,1,1,6,1257,15.2
2023-10-02,S02,台中逢甲店,中區,C01,飲料,170,46.9,0,0,0,347,7.8
2023-10-03,S02,台中逢甲店,中區,C01,飲料,156,47.2,0,0,1,443,7.9
2023-10-04,S02,台中逢甲店,中區,C01,飲料,178,39.1,0,0,2,333,9.0
2023-10-05,S02,台中逢甲店,中區,C01,飲料,163,47.4,0,0,3,326,8.3
2023-10-06,S02,台中逢甲店,中區,C01,飲料,174,48.2,0,0,4,442,8.4
2023-10-07,S02,台中逢甲店,中區,C01,飲料,242,46.5,0,1,5,661,12.4
2023-10-08,S02,台中逢甲店,中區,C01,飲料,251,46.3,0,1,6,596,12.6
2023-10-09,S02,台中逢甲店,中區,C01,飲料,209,36.8,1,0,0,601,9.6
2023-10-10,S02,台中逢甲店,中區,C01,飲料,206,45.2,0,1,1,436,11.4
2023-10-11,S02,台中逢甲店,中區,C01,飲料,140,46.2,0,0,2,378,7.0
2023-10-12,S02,台中逢甲店,中區,C01,飲料,134,49.9,0,0,3,421,7.1
2023-10-13,S02,台中逢甲店,中區,C01,飲料,159,47.2,0,0,4,268,7.0
2023-10-14,S02,台中逢甲店,中區,C01,飲料,259,47.5,0,1,5,759,12.0
2023-10-15,S02,台中逢甲店,中區,C01,飲料,276,43.9,0,1,6,950,12.3
2023-10-16,S02,台中逢甲店,中區,C01,飲料,148,44.1,0,0,0,426,6.9
2023-10-17,S02,台中逢甲店,中區,C01,飲料,136,48.7,0,0,1,318,6.8
2023-10-18,S02,台中逢甲店,中區,C01,飲料,157,50.0,0,0,2,481,7.4
2023-10-19,S02,台中逢甲店,中區,C01,飲料,151,46.7,0,0,3,278,7.7
2023-10-20,S02,台中逢甲店,中區,C01,飲料,184,43.6,0,0,4,639,9.2
2023-10-21,S02,台中逢甲店,中區,C01,飲料,255,42.3,0,1,5,914,12.5
2023-10-22,S02,台中逢甲店,中區,C01,飲料,256,48.1,0,1,6,581,12.1
2023-10-23,S02,台中逢甲店,中區,C01,飲料,152,45.9,0,0,0,432,6.9
2023-10-24,S02,台中逢甲店,中區,C01,飲料,161,42.0,0,0,1,444,7.2
2023-10-25,S02,台中逢甲店,中區,C01,飲料,165,45.2,0,0,2,412,8.2
2023-10-26,S02,台中逢甲店,中區,C01,飲料,158,44.8,0,0,3,488,8.5
2023-10-27,S02,台中逢甲店,中區,C01,飲料,160,47.5,0,0,4,497,7.6
2023-10-28,S02,台中逢甲店,中區,C01,飲料,272,42.7,0,1,5,571,12.8
2023-10-29,S02,台中逢甲店,中區,C01,飲料,288,44.1,0,1,6,498,13.0
2023-10-30,S02,台中逢甲店,中區,C01,飲料,191,37.3,1,0,0,688,9.8
2023-10-31,S02,台中逢甲店,中區,C01,飲料,154,41.3,0,0,1,403,6.9
2023-11-01,S02,台中逢甲店,中區,C01,飲料,134,49.9,0,0,2,232,7.3
2023-11-02,S02,台中逢甲店,中區,C01,飲料,192,38.2,1,0,3,649,8.9
2023-11-03,S02,台中逢甲店,中區,C01,飲料,146,46.7,0,0,4,242,7.4
2023-11-04,S02,台中逢甲店,中區,C01,飲料,247,43.9,0,1,5,516,11.8
2023-11-05,S02,台中逢甲店,中區,C01,飲料,206,47.1,0,1,6,527,10.8
2023-11-06,S02,台中逢甲店,中區,C01,飲料,130,45.1,0,0,0,444,7.5
2023-11-07,S02,台中逢甲店,中區,C01,飲料,142,47.4,0,0,1,365,6.7
2023-11-08,S02,台中逢甲店,中區,C01,飲料,159,41.2,0,0,2,260,7.2
2023-11-09,S02,台中逢甲店,中區,C01,飲料,130,45.7,0,0,3,258,7.1
2023-11-10,S02,台中逢甲店,中區,C01,飲料,165,45.3,0,0,4,272,8.6
2023-11-11,S02,台中逢甲店,中區,C01,飲料,227,46.9,0,1,5,678,11.9
2023-11-12,S02,台中逢甲店,中區,C01,飲料,335,36.2,1,1,6,1181,13.7
2023-11-13,S02,台中逢甲店,中區,C01,飲料,137,45.0,0,0,0,299,7.5
2023-11-14,S02,台中逢甲店,中區,C01,飲料,164,45.7,0,0,1,319,8.3
2023-11-15,S02,台中逢甲店,中區,C01,飲料,118,47.7,0,0,2,344,7.3
2023-11-16,S02,台中逢甲店,中區,C01,飲料,126,46.7,0,0,3,333,7.5
2023-11-17,S02,台中逢甲店,中區,C01,飲料,138,46.2,0,0,4,390,7.2
2023-11-18,S02,台中逢甲店,中區,C01,飲料,207,45.2,0,1,5,526,11.1
2023-11-19,S02,台中逢甲店,中區,C01,飲料,214,44.8,0,1,6,344,11.7
2023-11-20,S02,台中逢甲店,中區,C01,飲料,116,47.5,0,0,0,270,6.0
2023-11-21,S02,台中逢甲店,中區,C01,飲料,120,43.2,0,0,1,333,6.5
2023-11-22,S02,台中逢甲店,中區,C01,飲料,152,43.8,0,0,2,419,8.5
2023-11-23,S02,台中逢甲店,中區,C01,飲料,137,49.3,0,0,3,450,7.1
2023-11-24,S02,台中逢甲店,中區,C01,飲料,157,43.7,0,0,4,398,7.9
2023-11-25,S02,台中逢甲店,中區,C01,飲料,219,44.4,0,1,5,493,9.7
2023-11-26,S02,台中逢甲店,中區,C01,飲料,231,40.7,0,1,6,613,12.5
2023-11-27,S02,台中逢甲店,中區,C01,飲料,123,40.0,0,0,0,418,8.3
2023-11-28,S02,台中逢甲店,中區,C01,飲料,151,42.2,0,0,1,528,7.1
2023-11-29,S02,台中逢甲店,中區,C01,飲料,141,44.4,0,0,2,315,7.2
2023-11-30,S02,台中逢甲店,中區,C01,飲料,116,47.6,0,0,3,241,5.5
2023-12-01,S02,台中逢甲店,中區,C01,飲料,247,36.1,1,0,4,855,10.0
2023-12-02,S02,台中逢甲店,中區,C01,飲料,202,42.5,0,1,5,410,9.5
2023-12-03,S02,台中逢甲店,中區,C01,飲料,188,45.8,0,1,6,565,11.2
2023-12-04,S02,台中逢甲店,中區,C01,飲料,120,45.2,0,0,0,302,8.2
2023-12-05,S02,台中逢甲店,中區,C01,飲料,138,41.2,0,0,1,420,7.1
2023-12-06,S02,台中逢甲店,中區,C01,飲料,127,44.1,0,0,2,335,8.2
2023-12-07,S02,台中逢甲店,中區,C01,飲料,91,39.9,0,0,3,274,6.7
2023-12-08,S02,台中逢甲店,中區,C01,飲料,141,44.4,0,0,4,350,8.5
2023-12-09,S02,台中逢甲店,中區,C01,飲料,215,45.6,0,1,5,607,11.2
2023-12-10,S02,台中逢甲店,中區,C01,飲料,199,51.0,0,1,6,474,10.9
2023-12-11,S02,台中逢甲店,中區,C01,飲料,120,49.2,0,0,0,399,7.1
2023-12-12,S02,台中逢甲店,中區,C01,飲料,121,46.2,0,0,1,358,7.2
2023-12-13,S02,台中逢甲店,中區,C01,飲料,120,45.5,0,0,2,398,6.5
2023-12-14,S02,台中逢甲店,中區,C01,飲料,178,36.9,1,0,3,622,8.5
2023-12-15,S02,台中逢甲店,中區,C01,飲料,142,50.9,0,0,4,413,8.2
2023-12-16,S02,台中逢甲店,中區,C01,飲料,202,45.4,0,1,5,720,10.5
2023-12-17,S02,台中逢甲店,中區,C01,飲料,217,43.1,0,1,6,528,11.8
2023-12-18,S02,台中逢甲店,中區,C01,飲料,109,47.9,0,0,0,321,6.7
2023-12-19,S02,台中逢甲店,中區,C01,飲料,148,40.2,0,0,1,399,7.4
2023-12-20,S02,台中逢甲店,中區,C01,飲料,137,42.8,0,0,2,398,7.4
2023-12-21,S02,台中逢甲店,中區,C01,飲料,115,44.6,0,0,3,252,6.7
2023-12-22,S02,台中逢甲店,中區,C01,飲料,173,40.5,0,0,4,586,9.4
2023-12-23,S02,台中逢甲店,中區,C01,飲料,218,42.7,0,1,5,350,11.5
2023-12-24,S02,台中逢甲店,中區,C01,飲料,274,38.7,1,1,6,512,13.3
2023-12-25,S02,台中逢甲店,中區,C01,飲料,145,43.2,0,1,0,323,9.1
2023-12-26,S02,台中逢甲店,中區,C01,飲料,115,46.9,0,0,1,283,5.9
2023-12-27,S02,台中逢甲店,中區,C01,飲料,111,43.9,0,0,2,389,7.1
2023-12-28,S02,台中逢甲店,中區,C01,飲料,118,43.1,0,0,3,320,6.3
2023-12-29,S02,台中逢甲店,中區,C01,飲料,146,45.2,0,0,4,338,8.0
2023-12-30,S02,台中逢甲店,中區,C01,飲料,205,45.9,0,1,5,476,11.0
2023-12-31,S02,台中逢甲店,中區,C01,飲料,166,48.7,0,1,6,433,10.4
2024-01-01,S02,台中逢甲店,中區,C01,飲料,167,43.2,0,1,0,278,9.6
2024-01-02,S02,台中逢甲店,中區,C01,飲料,118,46.3,0,0,1,402,7.0
2024-01-03,S02,台中逢甲店,中區,C01,飲料,139,45.3,0,0,2,477,8.2
2024-01-04,S02,台中逢甲店,中區,C01,飲料,118,41.6,0,0,3,365,8.0
2024-01-05,S02,台中逢甲店,中區,C01,飲料,135,45.6,0,0,4,289,6.8
2024-01-06,S02,台中逢甲店,中區,C01,飲料,207,45.4,0,1,5,351,10.9
2024-01-07,S02,台中逢甲店,中區,C01,飲料,190,42.2,0,1,6,632,10.0
2024-01-08,S02,台中逢甲店,中區,C01,飲料,122,43.7,0,0,0,432,7.2
2024-01-09,S02,台中逢甲店,中區,C01,飲料,118,46.1,0,0,1,269,7.3
2024-01-10,S02,台中逢甲店,中區,C01,飲料,118,45.1,0,0,2,366,7.7
2024-01-11,S02,台中逢甲店,中區,C01,飲料,138,42.1,0,0,3,472,8.2
2024-01-12,S02,台中逢甲店,中區,C01,飲料,128,45.6,0,0,4,344,8.1
2024-01-13,S02,台中逢甲店,中區,C01,飲料,200,41.8,0,1,5,382,11.4
2024-01-14,S02,台中逢甲店,中區,C01,飲料,209,44.6,0,1,6,500,10.5
2024-01-15,S02,台中逢甲店,中區,C01,飲料,110,45.6,0,0,0,368,7.2
2024-01-16,S02,台中逢甲店,中區,C01,飲料,117,45.0,0,0,1,321,7.5
2024-01-17,S02,台中逢甲店,中區,C01,飲料,115,47.0,0,0,2,306,7.5
2024-01-18,S02,台中逢甲店,中區,C01,飲料,170,38.1,1,0,3,560,8.7
2024-01-19,S02,台中逢甲店,中區,C01,飲料,168,38.8,1,0,4,566,8.1
2024-01-20,S02,台中逢甲店,中區,C01,飲料,197,46.7,0,1,5,634,11.2
2024-01-21,S02,台中逢甲店,中區,C01,飲料,193,44.5,0,1,6,671,10.7
2024-01-22,S02,台中逢甲店,中區,C01,飲料,106,46.0,0,0,0,195,6.7
2024-01-23,S02,台中逢甲店,中區,C01,飲料,125,45.0,0,0,1,303,7.6
2024-01-24,S02,台中逢甲店,中區,C01,飲料,129,46.7,0,0,2,328,7.0
2024-01-25,S02,台中逢甲店,中區,C01,飲料,107,44.4,0,0,3,196,6.0
2024-01-26,S02,台中逢甲店,中區,C01,飲料,110,44.5,0,0,4,283,6.8
2024-01-27,S02,台中逢甲店,中區,C01,飲料,187,45.2,0,1,5,529,10.2
2024-01-28,S02,台中逢甲店,中區,C01,飲料,215,47.0,0,1,6,722,11.3
2024-01-29,S02,台中逢甲店,中區,C01,飲料,116,43.5,0,0,0,314,6.6
2024-01-30,S02,台中逢甲店,中區,C01,飲料,141,35.3,1,0,1,454,8.2
2024-01-31,S02,台中逢甲店,中區,C01,飲料,154,38.2,1,0,2,453,7.4
2024-02-01,S02,台中逢甲店,中區,C01,飲料,107,45.2,0,0,3,240,7.1
2024-02-02,S02,台中逢甲店,中區,C01,飲料,120,45.8,0,0,4,358,6.5
2024-02-03,S02,台中逢甲店,中區,C01,飲料,213,45.1,0,1,5,673,10.5
2024-02-04,S02,台中逢甲店,中區,C01,飲料,250,36.6,1,1,6,566,11.6
2024-02-05,S02,台中逢甲店,中區,C01,飲料,107,44.7,0,0,0,323,6.8
2024-02-06,S02,台中逢甲店,中區,C01,飲料,119,46.2,0,0,1,422,7.4
2024-02-07,S02,台中逢甲店,中區,C01,飲料,117,44.2,0,0,2,356,7.6
2024-02-08,S02,台中逢甲店,中區,C01,飲料,127,44.5,0,0,3,285,7.1
2024-02-09,S02,台中逢甲店,中區,C01,飲料,149,45.0,0,0,4,498,7.6
2024-02-10,S02,台中逢甲店,中區,C01,飲料,169,44.3,0,1,5,389,10.9
2024-02-11,S02,台中逢甲店,中區,C01,飲料,204,46.4,0,1,6,378,11.1
2024-02-12,S02,台中逢甲店,中區,C01,飲料,104,47.1,0,0,0,199,6.4
2024-02-13,S02,台中逢甲店,中區,C01,飲料,178,37.6,1,0,1,539,7.9
2024-02-14,S02,台中逢甲店,中區,C01,飲料,107,46.2,0,0,2,188,6.3
2024-02-15,S02,台中逢甲店,中區,C01,飲料,107,44.1,0,0,3,200,6.4
2024-02-16,S02,台中逢甲店,中區,C01,飲料,131,43.8,0,0,4,276,7.3
2024-02-17,S02,台中逢甲店,中區,C01,飲料,194,43.5,0,1,5,464,11.7
2024-02-18,S02,台中逢甲店,中區,C01,飲料,192,42.2,0,1,6,525,10.7
2024-02-19,S02,台中逢甲店,中區,C01,飲料,110,48.7,0,0,0,312,6.5
2024-02-20,S02,台中逢甲店,中區,C01,飲料,133,41.0,0,0,1,469,7.2
2024-02-21,S02,台中逢甲店,中區,C01,飲料,100,47.6,0,0,2,241,7.0
2024-02-22,S02,台中逢甲店,中區,C01,飲料,106,44.5,0,0,3,322,7.0
2024-02-23,S02,台中逢甲店,中區,C01,飲料,109,52.5,0,0,4,271,6.9
2024-02-24,S02,台中逢甲店,中區,C01,飲料,207,45.4,0,1,5,675,11.2
2024-02-25,S02,台中逢甲店,中區,C01,飲料,182,42.1,0,1,6,301,10.4
2024-02-26,S02,台中逢甲店,中區,C01,飲料,97,44.4,0,0,0,241,6.0
2024-02-27,S02,台中逢甲店,中區,C01,飲料,112,42.5,0,0,1,256,6.9
2024-02-28,S02,台中逢甲店,中區,C01,飲料,159,49.7,0,1,2,282,10.9
2024-02-29,S02,台中逢甲店,中區,C01,飲料,131,44.5,0,0,3,445,7.4
2024-03-01,S02,台中逢甲店,中區,C01,飲料,139,43.5,0,0,4,281,7.3
2024-03-02,S02,台中逢甲店,中區,C01,飲料,214,41.9,0,1,5,402,11.0
2024-03-03,S02,台中逢甲店,中區,C01,飲料,198,44.8,0,1,6,327,10.7
2024-03-04,S02,台中逢甲店,中區,C01,飲料,104,47.4,0,0,0,239,7.7
2024-03-05,S02,台中逢甲店,中區,C01,飲料,136,43.2,0,0,1,404,5.8
2024-03-06,S02,台中逢甲店,中區,C01,飲料,118,43.9,0,0,2,328,7.4
2024-03-07,S02,台中逢甲店,中區,C01,飲料,106,43.8,0,0,3,384,6.4
2024-03-08,S02,台中逢甲店,中區,C01,飲料,184,37.9,1,0,4,583,8.5
2024-03-09,S02,台中逢甲店,中區,C01,飲料,296,38.3,1,1,5,1039,12.7
2024-03-10,S02,台中逢甲店,中區,C01,飲料,185,44.8,0,1,6,365,10.7
2024-03-11,S02,台中逢甲店,中區,C01,飲料,101,47.3,0,0,0,303,6.4
2024-03-12,S02,台中逢甲店,中區,C01,飲料,121,43.4,0,0,1,440,7.5
2024-03-13,S02,台中逢甲店,中區,C01,飲料,184,32.4,1,0,2,541,8.4
2024-03-14,S02,台中逢甲店,中區,C01,飲料,120,43.4,0,0,3,233,7.1
2024-03-15,S02,台中逢甲店,中區,C01,飲料,122,47.7,0,0,4,353,7.2
2024-03-16,S02,台中逢甲店,中區,C01,飲料,216,44.9,0,1,5,458,11.7
2024-03-17,S02,台中逢甲店,中區,C01,飲料,284,38.6,1,1,6,826,13.0
2024-03-18,S02,台中逢甲店,中區,C01,飲料,123,45.0,0,0,0,437,7.9
2024-03-19,S02,台中逢甲店,中區,C01,飲料,134,45.1,0,0,1,402,7.7
2024-03-20,S02,台中逢甲店,中區,C01,飲料,131,41.7,0,0,2,298,6.6
2024-03-21,S02,台中逢甲店,中區,C01,飲料,146,46.2,0,0,3,240,9.2
2024-03-22,S02,台中逢甲店,中區,C01,飲料,148,43.4,0,0,4,511,8.4
2024-03-23,S02,台中逢甲店,中區,C01,飲料,211,43.6,0,1,5,524,12.0
2024-03-24,S02,台中逢甲店,中區,C01,飲料,207,43.8,0,1,6,593,11.8
2024-03-25,S02,台中逢甲店,中區,C01,飲料,120,44.3,0,0,0,364,7.2
2024-03-26,S02,台中逢甲店,中區,C01,飲料,128,46.0,0,0,1,239,7.1
2024-03-27,S02,台中逢甲店,中區,C01,飲料,121,46.2,0,0,2,394,6.9
2024-03-28,S02,台中逢甲店,中區,C01,飲料,147,40.7,0,0,3,269,7.8
2024-03-29,S02,台中逢甲店,中區,C01,飲料,197,36.0,1,0,4,649,8.5
2024-03-30,S02,台中逢甲店,中區,C01,飲料,203,47.1,0,1,5,631,10.4
2024-03-31,S02,台中逢甲店,中區,C01,飲料,232,42.9,0,1,6,761,11.6
2024-04-01,S02,台中逢甲店,中區,C01,飲料,109,46.0,0,0,0,261,7.2
2024-04-02,S02,台中逢甲店,中區,C01,飲料,125,44.8,0,0,1,427,7.8
2024-04-03,S02,台中逢甲店,中區,C01,飲料,136,45.8,0,0,2,331,7.5
2024-04-04,S02,台中逢甲店,中區,C01,飲料,211,39.1,1,1,3,749,11.7
2024-04-05,S02,台中逢甲店,中區,C01,飲料,205,46.4,0,1,4,450,11.5
2024-04-06,S02,台中逢甲店,中區,C01,飲料,264,45.4,0,1,5,449,12.0
2024-04-07,S02,台中逢甲店,中區,C01,飲料,257,42.8,0,1,6,476,11.8
2024-04-08,S02,台中逢甲店,中區,C01,飲料,118,40.0,0,0,0,319,7.4
2024-04-09,S02,台中逢甲店,中區,C01,飲料,131,41.5,0,0,1,281,7.7
2024-04-10,S02,台中逢甲店,中區,C01,飲料,129,46.2,0,0,2,292,7.6
2024-04-11,S02,台中逢甲店,中區,C01,飲料,140,43.2,0,0,3,491,7.4
2024-04-12,S02,台中逢甲店,中區,C01,飲料,151,42.7,0,0,4,298,7.8
2024-04-13,S02,台中逢甲店,中區,C01,飲料,241,45.8,0,1,5,807,12.8
2024-04-14,S02,台中逢甲店,中區,C01,飲料,202,45.4,0,1,6,684,10.8
2024-04-15,S02,台中逢甲店,中區,C01,飲料,141,42.2,0,0,0,384,7.3
2024-04-16,S02,台中逢甲店,中區,C01,飲料,144,44.3,0,0,1,441,8.0
2024-04-17,S02,台中逢甲店,中區,C01,飲料,159,47.0,0,0,2,487,7.7
2024-04-18,S02,台中逢甲店,中區,C01,飲料,144,43.6,0,0,3,238,8.2
2024-04-19,S02,台中逢甲店,中區,C01,飲料,165,44.6,0,0,4,433,7.9
2024-04-20,S02,台中逢甲店,中區,C01,飲料,243,48.2,0,1,5,468,11.0
2024-04-21,S02,台中逢甲店,中區,C01,飲料,224,42.8,0,1,6,590,11.3
2024-04-22,S02,台中逢甲店,中區,C01,飲料,148,45.0,0,0,0,335,7.8
2024-04-23,S02,台中逢甲店,中區,C01,飲料,147,43.9,0,0,1,448,8.0
2024-04-24,S02,台中逢甲店,中區,C01,飲料,136,46.0,0,0,2,335,7.3
2024-04-25,S02,台中逢甲店,中區,C01,飲料,146,46.0,0,0,3,493,8.0
2024-04-26,S02,台中逢甲店,中區,C01,飲料,170,42.9,0,0,4,350,7.1
2024-04-27,S02,台中逢甲店,中區,C01,飲料,267,42.5,0,1,5,940,12.1
2024-04-28,S02,台中逢甲店,中區,C01,飲料,269,41.0,0,1,6,780,12.7
2024-04-29,S02,台中逢甲店,中區,C01,飲料,141,46.1,0,0,0,257,6.4
2024-04-30,S02,台中逢甲店,中區,C01,飲料,166,45.0,0,0,1,333,8.0
2024-05-01,S02,台中逢甲店,中區,C01,飲料,198,43.7,0,1,2,417,11.9
2024-05-02,S02,台中逢甲店,中區,C01,飲料,148,44.6,0,0,3,451,7.3
2024-05-03,S02,台中逢甲店,中區,C01,飲料,195,48.8,0,0,4,315,8.8
2024-05-04,S02,台中逢甲店,中區,C01,飲料,268,44.1,0,1,5,833,13.0
2024-05-05,S02,台中逢甲店,中區,C01,飲料,224,48.9,0,1,6,409,12.8
2024-05-06,S02,台中逢甲店,中區,C01,飲料,190,39.1,1,0,0,442,8.7
2024-05-07,S02,台中逢甲店,中區,C01,飲料,159,43.2,0,0,1,458,7.1
2024-05-08,S02,台中逢甲店,中區,C01,飲料,188,40.4,0,0,2,327,8.8
2024-05-09,S02,台中逢甲店,中區,C01,飲料,179,50.4,0,0,3,453,8.2
2024-05-10,S02,台中逢甲店,中區,C01,飲料,206,45.2,0,0,4,595,8.9
2024-05-11,S02,台中逢甲店,中區,C01,飲料,247,46.7,0,1,5,795,12.7
2024-05-12,S02,台中逢甲店,中區,C01,飲料,242,41.5,0,1,6,595,12.8
2024-05-13,S02,台中逢甲店,中區,C01,飲料,163,45.1,0,0,0,284,7.8
2024-05-14,S02,台中逢甲店,中區,C01,飲料,150,44.2,0,0,1,418,8.0
2024-05-15,S02,台中逢甲店,中區,C01,飲料,162,44.2,0,0,2,422,8.5
2024-05-16,S02,台中逢甲店,中區,C01,飲料,151,46.1,0,0,3,469,7.9
2024-05-17,S02,台中逢甲店,中區,C01,飲料,169,43.2,0,0,4,347,8.4
2024-05-18,S02,台中逢甲店,中區,C01,飲料,253,48.5,0,1,5,409,12.7
2024-05-19,S02,台中逢甲店,中區,C01,飲料,245,46.3,0,1,6,511,12.3
2024-05-20,S02,台中逢甲店,中區,C01,飲料,154,44.6,0,0,0,507,7.2
2024-05-21,S02,台中逢甲店,中區,C01,飲料,157,45.2,0,0,1,519,7.0
2024-05-22,S02,台中逢甲店,中區,C01,飲料,189,43.2,0,0,2,469,8.7
2024-05-23,S02,台中逢甲店,中區,C01,飲料,177,44.9,0,0,3,536,9.2
2024-05-24,S02,台中逢甲店,中區,C01,飲料,266,37.1,1,0,4,700,10.8
2024-05-25,S02,台中逢甲店,中區,C01,飲料,303,41.0,0,1,5,516,13.7
2024-05-26,S02,台中逢甲店,中區,C01,飲料,239,43.2,0,1,6,770,11.6
2024-05-27,S02,台中逢甲店,中區,C01,飲料,147,47.1,0,0,0,390,8.2
2024-05-28,S02,台中逢甲店,中區,C01,飲料,274,38.8,1,0,1,929,11.1
2024-05-29,S02,台中逢甲店,中區,C01,飲料,177,43.6,0,0,2,306,7.5
2024-05-30,S02,台中逢甲店,中區,C01,飲料,176,42.2,0,0,3,521,8.0
2024-05-31,S02,台中逢甲店,中區,C01,飲料,188,45.2,0,0,4,399,9.0
2024-06-01,S02,台中逢甲店,中區,C01,飲料,308,42.5,0,1,5,1026,13.8
2024-06-02,S02,台中逢甲店,中區,C01,飲料,283,45.1,0,1,6,624,12.6
2024-06-03,S02,台中逢甲店,中區,C01,飲料,163,45.0,0,0,0,481,8.3
2024-06-04,S02,台中逢甲店,中區,C01,飲料,163,49.8,0,0,1,306,8.6
2024-06-05,S02,台中逢甲店,中區,C01,飲料,181,42.3,0,0,2,416,8.8
2024-06-06,S02,台中逢甲店,中區,C01,飲料,160,44.9,0,0,3,514,7.6
2024-06-07,S02,台中逢甲店,中區,C01,飲料,228,43.9,0,0,4,673,9.6
2024-06-08,S02,台中逢甲店,中區,C01,飲料,250,48.5,0,1,5,593,13.6
2024-06-09,S02,台中逢甲店,中區,C01,飲料,270,45.8,0,1,6,895,12.2
2024-06-10,S02,台中逢甲店,中區,C01,飲料,175,43.2,0,0,0,393,8.7
2024-06-11,S02,台中逢甲店,中區,C01,飲料,185,43.6,0,0,1,308,7.8
2024-06-12,S02,台中逢甲店,中區,C01,飲料,163,44.4,0,0,2,550,8.6
2024-06-13,S02,台中逢甲店,中區,C01,飲料,190,44.3,0,0,3,673,9.1
2024-06-14,S02,台中逢甲店,中區,C01,飲料,178,44.7,0,0,4,300,7.6
2024-06-15,S02,台中逢甲店,中區,C01,飲料,294,45.0,0,1,5,542,14.1
2024-06-16,S02,台中逢甲店,中區,C01,飲料,413,37.6,1,1,6,1268,15.7
2024-06-17,S02,台中逢甲店,中區,C01,飲料,156,46.8,0,0,0,454,7.7
2024-06-18,S02,台中逢甲店,中區,C01,飲料,208,42.3,0,0,1,741,10.2
2024-06-19,S02,台中逢甲店,中區,C01,飲料,248,38.1,1,0,2,827,10.1
2024-06-20,S02,台中逢甲店,中區,C01,飲料,174,44.7,0,0,3,584,8.8
2024-06-21,S02,台中逢甲店,中區,C01,飲料,214,42.9,0,0,4,489,8.7
2024-06-22,S02,台中逢甲店,中區,C01,飲料,308,47.4,0,1,5,870,13.9
2024-06-23,S02,台中逢甲店,中區,C01,飲料,384,41.2,1,1,6,681,15.7
2024-06-24,S02,台中逢甲店,中區,C01,飲料,203,45.4,0,0,0,493,8.2
2024-06-25,S02,台中逢甲店,中區,C01,飲料,169,47.9,0,0,1,505,7.9
2024-06-26,S02,台中逢甲店,中區,C01,飲料,228,40.3,1,0,2,451,10.1
2024-06-27,S02,台中逢甲店,中區,C01,飲料,203,43.8,0,0,3,581,8.8
2024-06-28,S02,台中逢甲店,中區,C01,飲料,297,37.5,1,0,4,854,12.1
2024-06-29,S02,台中逢甲店,中區,C01,飲料,285,47.5,0,1,5,722,13.2
2024-06-30,S02,台中逢甲店,中區,C01,飲料,292,46.7,0,1,6,518,13.6
2024-07-01,S02,台中逢甲店,中區,C01,飲料,149,46.6,0,0,0,264,7.7
2024-07-02,S02,台中逢甲店,中區,C01,飲料,245,43.6,0,0,1,794,9.6
2024-07-03,S02,台中逢甲店,中區,C01,飲料,146,47.3,0,0,2,289,7.8
2024-07-04,S02,台中逢甲店,中區,C01,飲料,197,41.2,0,0,3,635,8.6
2024-07-05,S02,台中逢甲店,中區,C01,飲料,167,45.2,0,0,4,354,8.3
2024-07-06,S02,台中逢甲店,中區,C01,飲料,271,40.9,0,1,5,901,13.5
2024-07-07,S02,台中逢甲店,中區,C01,飲料,329,42.2,0,1,6,553,14.7
2024-07-08,S02,台中逢甲店,中區,C01,飲料,161,47.8,0,0,0,316,7.2
2024-07-09,S02,台中逢甲店,中區,C01,飲料,208,43.3,0,0,1,432,8.4
2024-07-10,S02,台中逢甲店,中區,C01,飲料,254,38.0,1,0,2,412,10.1
2024-07-11,S02,台中逢甲店,中區,C01,飲料,177,44.4,0,0,3,422,8.9
2024-07-12,S02,台中逢甲店,中區,C01,飲料,189,46.2,0,0,4,377,8.3
2024-07-13,S02,台中逢甲店,中區,C01,飲料,315,46.7,0,1,5,719,13.2
2024-07-14,S02,台中逢甲店,中區,C01,飲料,305,46.6,0,1,6,499,13.5
2024-07-15,S02,台中逢甲店,中區,C01,飲料,161,45.0,0,0,0,415,7.7
2024-07-16,S02,台中逢甲店,中區,C01,飲料,168,49.1,0,0,1,359,8.0
2024-07-17,S02,台中逢甲店,中區,C01,飲料,220,46.3,0,0,2,514,10.0
2024-07-18,S02,台中逢甲店,中區,C01,飲料,260,39.9,1,0,3,739,10.0
2024-07-19,S02,台中逢甲店,中區,C01,飲料,221,45.0,0,0,4,763,9.1
2024-07-20,S02,台中逢甲店,中區,C01,飲料,311,41.6,0,1,5,758,13.7
2024-07-21,S02,台中逢甲店,中區,C01,飲料,292,48.4,0,1,6,1022,13.1
2024-07-22,S02,台中逢甲店,中區,C01,飲料,190,46.1,0,0,0,477,8.8
2024-07-23,S02,台中逢甲店,中區,C01,飲料,183,43.9,0,0,1,587,8.6
2024-07-24,S02,台中逢甲店,中區,C01,飲料,199,42.5,0,0,2,678,8.6
2024-07-25,S02,台中逢甲店,中區,C01,飲料,170,48.0,0,0,3,453,7.6
2024-07-26,S02,台中逢甲店,中區,C01,飲料,219,41.1,0,0,4,616,9.6
2024-07-27,S02,台中逢甲店,中區,C01,飲料,322,45.8,0,1,5,1108,13.9
2024-07-28,S02,台中逢甲店,中區,C01,飲料,432,40.8,1,1,6,942,16.1
2024-07-29,S02,台中逢甲店,中區,C01,飲料,153,46.5,0,0,0,444,8.1
2024-07-30,S02,台中逢甲店,中區,C01,飲料,173,41.0,0,0,1,428,8.6
2024-07-31,S02,台中逢甲店,中區,C01,飲料,309,40.1,1,0,2,971,12.4
2024-08-01,S02,台中逢甲店,中區,C01,飲料,198,44.4,0,0,3,555,9.2
2024-08-02,S02,台中逢甲店,中區,C01,飲料,187,42.7,0,0,4,358,8.9
2024-08-03,S02,台中逢甲店,中區,C01,飲料,307,47.6,0,1,5,736,13.5
2024-08-04,S02,台中逢甲店,中區,C01,飲料,339,44.3,0,1,6,565,15.0
2024-08-05,S02,台中逢甲店,中區,C01,飲料,289,38.4,1,0,0,969,11.0
2024-08-06,S02,台中逢甲店,中區,C01,飲料,205,41.3,0,0,1,689,9.5
2024-08-07,S02,台中逢甲店,中區,C01,飲料,166,46.7,0,0,2,331,7.8
2024-08-08,S02,台中逢甲店,中區,C01,飲料,192,42.2,0,0,3,350,9.4
2024-08-09,S02,台中逢甲店,中區,C01,飲料,320,38.2,1,0,4,1061,11.8
2024-08-10,S02,台中逢甲店,中區,C01,飲料,313,45.9,0,1,5,537,13.3
2024-08-11,S02,台中逢甲店,中區,C01,飲料,328,48.4,0,1,6,613,13.7
2024-08-12,S02,台中逢甲店,中區,C01,飲料,217,42.5,0,0,0,435,9.1
2024-08-13,S02,台中逢甲店,中區,C01,飲料,196,42.5,0,0,1,531,9.2
2024-08-14,S02,台中逢甲店,中區,C01,飲料,222,47.6,0,0,2,721,9.5
2024-08-15,S02,台中逢甲店,中區,C01,飲料,191,43.2,0,0,3,437,8.5
2024-08-16,S02,台中逢甲店,中區,C01,飲料,310,37.8,1,0,4,693,12.4
2024-08-17,S02,台中逢甲店,中區,C01,飲料,270,45.4,0,1,5,423,13.8
2024-08-18,S02,台中逢甲店,中區,C01,飲料,310,45.1,0,1,6,1012,13.8
2024-08-19,S02,台中逢甲店,中區,C01,飲料,166,46.9,0,0,0,425,8.2
2024-08-20,S02,台中逢甲店,中區,C01,飲料,189,42.4,0,0,1,686,8.3
2024-08-21,S02,台中逢甲店,中區,C01,飲料,255,37.7,1,0,2,518,10.3
2024-08-22,S02,台中逢甲店,中區,C01,飲料,189,43.0,0,0,3,504,8.7
2024-08-23,S02,台中逢甲店,中區,C01,飲料,226,45.1,0,0,4,783,9.4
2024-08-24,S02,台中逢甲店,中區,C01,飲料,325,45.3,0,1,5,922,14.3
2024-08-25,S02,台中逢甲店,中區,C01,飲料,298,41.4,0,1,6,557,13.8
2024-08-26,S02,台中逢甲店,中區,C01,飲料,156,43.8,0,0,0,334,7.9
2024-08-27,S02,台中逢甲店,中區,C01,飲料,191,42.7,0,0,1,443,9.8
2024-08-28,S02,台中逢甲店,中區,C01,飲料,198,46.3,0,0,2,477,9.1
2024-08-29,S02,台中逢甲店,中區,C01,飲料,206,44.3,0,0,3,523,9.1
2024-08-30,S02,台中逢甲店,中區,C01,飲料,326,34.4,1,0,4,674,12.3
2024-08-31,S02,台中逢甲店,中區,C01,飲料,481,37.8,1,1,5,1176,18.5
2024-09-01,S02,台中逢甲店,中區,C01,飲料,275,47.9,0,1,6,499,13.6
2024-09-02,S02,台中逢甲店,中區,C01,飲料,183,43.4,0,0,0,510,8.5
2024-09-03,S02,台中逢甲店,中區,C01,飲料,163,48.8,0,0,1,292,8.8
2024-09-04,S02,台中逢甲店,中區,C01,飲料,174,44.9,0,0,2,314,8.7
2024-09-05,S02,台中逢甲店,中區,C01,飲料,207,48.2,0,0,3,331,8.7
2024-09-06,S02,台中逢甲店,中區,C01,飲料,219,44.0,0,0,4,664,9.3
2024-09-07,S02,台中逢甲店,中區,C01,飲料,310,46.8,0,1,5,1093,13.1
2024-09-08,S02,台中逢甲店,中區,C01,飲料,284,47.5,0,1,6,831,13.2
2024-09-09,S02,台中逢甲店,中區,C01,飲料,157,47.7,0,0,0,352,8.1
2024-09-10,S02,台中逢甲店,中區,C01,飲料,176,45.9,0,0,1,575,8.9
2024-09-11,S02,台中逢甲店,中區,C01,飲料,193,44.9,0,0,2,332,8.4
2024-09-12,S02,台中逢甲店,中區,C01,飲料,181,46.1,0,0,3,602,8.4
2024-09-13,S02,台中逢甲店,中區,C01,飲料,246,41.7,0,0,4,586,10.1
2024-09-14,S02,台中逢甲店,中區,C01,飲料,259,46.1,0,1,5,518,13.1
2024-09-15,S02,台中逢甲店,中區,C01,飲料,274,41.1,0,1,6,758,12.6
2024-09-16,S02,台中逢甲店,中區,C01,飲料,180,46.6,0,0,0,613,8.3
2024-09-17,S02,台中逢甲店,中區,C01,飲料,153,44.4,0,0,1,317,7.0
2024-09-18,S02,台中逢甲店,中區,C01,飲料,207,44.6,0,0,2,625,9.2
2024-09-19,S02,台中逢甲店,中區,C01,飲料,185,44.4,0,0,3,570,7.7
2024-09-20,S02,台中逢甲店,中區,C01,飲料,211,45.4,0,0,4,620,8.8
2024-09-21,S02,台中逢甲店,中區,C01,飲料,290,44.4,0,1,5,585,13.5
2024-09-22,S02,台中逢甲店,中區,C01,飲料,422,40.7,1,1,6,1132,16.5
2024-09-23,S02,台中逢甲店,中區,C01,飲料,166,41.0,0,0,0,540,7.6
2024-09-24,S02,台中逢甲店,中區,C01,飲料,189,48.6,0,0,1,380,9.4
2024-09-25,S02,台中逢甲店,中區,C01,飲料,192,43.9,0,0,2,686,9.2
2024-09-26,S02,台中逢甲店,中區,C01,飲料,289,39.6,1,0,3,858,11.1
2024-09-27,S02,台中逢甲店,中區,C01,飲料,186,46.7,0,0,4,576,8.4
2024-09-28,S02,台中逢甲店,中區,C01,飲料,276,45.4,0,1,5,872,12.2
2024-09-29,S02,台中逢甲店,中區,C01,飲料,284,44.4,0,1,6,644,12.7
2024-09-30,S02,台中逢甲店,中區,C01,飲料,178,43.8,0,0,0,448,8.9
2024-10-01,S02,台中逢甲店,中區,C01,飲料,152,43.0,0,0,1,543,7.9
2024-10-02,S02,台中逢甲店,中區,C01,飲料,184,42.7,0,0,2,461,9.2
2024-10-03,S02,台中逢甲店,中區,C01,飲料,164,41.2,0,0,3,436,8.7
2024-10-04,S02,台中逢甲店,中區,C01,飲料,222,41.6,0,0,4,735,8.8
2024-10-05,S02,台中逢甲店,中區,C01,飲料,288,47.2,0,1,5,823,12.9
2024-10-06,S02,台中逢甲店,中區,C01,飲料,371,40.6,1,1,6,1194,15.2
2024-10-07,S02,台中逢甲店,中區,C01,飲料,195,45.7,0,0,0,429,8.9
2024-10-08,S02,台中逢甲店,中區,C01,飲料,190,44.1,0,0,1,621,9.2
2024-10-09,S02,台中逢甲店,中區,C01,飲料,184,38.9,1,0,2,622,7.8
2024-10-10,S02,台中逢甲店,中區,C01,飲料,210,47.1,0,1,3,643,11.5
2024-10-11,S02,台中逢甲店,中區,C01,飲料,175,45.1,0,0,4,523,9.1
2024-10-12,S02,台中逢甲店,中區,C01,飲料,288,44.0,0,1,5,868,12.9
2024-10-13,S02,台中逢甲店,中區,C01,飲料,307,45.0,0,1,6,1040,13.1
2024-10-14,S02,台中逢甲店,中區,C01,飲料,118,47.8,0,0,0,191,7.4
2024-10-15,S02,台中逢甲店,中區,C01,飲料,262,40.1,1,0,1,858,10.9
2024-10-16,S02,台中逢甲店,中區,C01,飲料,146,48.3,0,0,2,353,7.9
2024-10-17,S02,台中逢甲店,中區,C01,飲料,155,44.3,0,0,3,555,8.0
2024-10-18,S02,台中逢甲店,中區,C01,飲料,167,47.2,0,0,4,343,9.6
2024-10-19,S02,台中逢甲店,中區,C01,飲料,250,44.1,0,1,5,839,11.8
2024-10-20,S02,台中逢甲店,中區,C01,飲料,350,39.8,1,1,6,575,14.6
2024-10-21,S02,台中逢甲店,中區,C01,飲料,155,44.4,0,0,0,348,7.3
2024-10-22,S02,台中逢甲店,中區,C01,飲料,162,47.5,0,0,1,576,8.6
2024-10-23,S02,台中逢甲店,中區,C01,飲料,238,40.9,1,0,2,773,10.5
2024-10-24,S02,台中逢甲店,中區,C01,飲料,162,44.3,0,0,3,411,8.0
2024-10-25,S02,台中逢甲店,中區,C01,飲料,175,42.9,0,0,4,543,7.9
2024-10-26,S02,台中逢甲店,中區,C01,飲料,254,43.8,0,1,5,412,12.9
2024-10-27,S02,台中逢甲店,中區,C01,飲料,278,43.2,0,1,6,774,12.4
2024-10-28,S02,台中逢甲店,中區,C01,飲料,136,42.6,0,0,0,242,8.0
2024-10-29,S02,台中逢甲店,中區,C01,飲料,159,41.7,0,0,1,314,8.0
2024-10-30,S02,台中逢甲店,中區,C01,飲料,176,46.8,0,0,2,515,8.1
2024-10-31,S02,台中逢甲店,中區,C01,飲料,157,38.5,0,0,3,400,8.4
2024-11-01,S02,台中逢甲店,中區,C01,飲料,168,49.9,0,0,4,468,8.5
2024-11-02,S02,台中逢甲店,中區,C01,飲料,231,44.5,0,1,5,523,11.6
2024-11-03,S02,台中逢甲店,中區,C01,飲料,274,45.7,0,1,6,521,13.2
2024-11-04,S02,台中逢甲店,中區,C01,飲料,138,45.4,0,0,0,352,6.7
2024-11-05,S02,台中逢甲店,中區,C01,飲料,158,45.1,0,0,1,480,8.1
2024-11-06,S02,台中逢甲店,中區,C01,飲料,174,44.0,0,0,2,322,8.4
2024-11-07,S02,台中逢甲店,中區,C01,飲料,165,45.3,0,0,3,573,8.2
2024-11-08,S02,台中逢甲店,中區,C01,飲料,142,47.5,0,0,4,433,7.8
2024-11-09,S02,台中逢甲店,中區,C01,飲料,218,46.8,0,1,5,564,11.2
2024-11-10,S02,台中逢甲店,中區,C01,飲料,234,44.1,0,1,6,551,12.1
2024-11-11,S02,台中逢甲店,中區,C01,飲料,121,46.0,0,0,0,361,8.0
2024-11-12,S02,台中逢甲店,中區,C01,飲料,160,44.1,0,0,1,401,8.0
2024-11-13,S02,台中逢甲店,中區,C01,飲料,159,44.0,0,0,2,469,8.1
2024-11-14,S02,台中逢甲店,中區,C01,飲料,138,45.9,0,0,3,238,8.0
2024-11-15,S02,台中逢甲店,中區,C01,飲料,156,45.3,0,0,4,320,7.9
2024-11-16,S02,台中逢甲店,中區,C01,飲料,195,49.5,0,1,5,370,10.6
2024-11-17,S02,台中逢甲店,中區,C01,飲料,245,45.5,0,1,6,421,12.8
2024-11-18,S02,台中逢甲店,中區,C01,飲料,118,46.6,0,0,0,374,7.1
2024-11-19,S02,台中逢甲店,中區,C01,飲料,135,41.2,0,0,1,425,6.9
2024-11-20,S02,台中逢甲店,中區,C01,飲料,148,47.3,0,0,2,420,7.7
2024-11-21,S02,台中逢甲店,中區,C01,飲料,141,46.9,0,0,3,442,7.2
2024-11-22,S02,台中逢甲店,中區,C01,飲料,169,41.9,0,0,4,342,8.4
2024-11-23,S02,台中逢甲店,中區,C01,飲料,215,45.0,0,1,5,671,11.2
2024-11-24,S02,台中逢甲店,中區,C01,飲料,259,40.6,0,1,6,560,11.8
2024-11-25,S02,台中逢甲店,中區,C01,飲料,114,45.3,0,0,0,275,6.7
2024-11-26,S02,台中逢甲店,中區,C01,飲料,128,44.7,0,0,1,284,7.2
2024-11-27,S02,台中逢甲店,中區,C01,飲料,146,47.1,0,0,2,490,8.4
2024-11-28,S02,台中逢甲店,中區,C01,飲料,140,43.0,0,0,3,379,7.8
2024-11-29,S02,台中逢甲店,中區,C01,飲料,126,47.1,0,0,4,391,6.8
2024-11-30,S02,台中逢甲店,中區,C01,飲料,251,44.5,0,1,5,799,12.6
2024-12-01,S02,台中逢甲店,中區,C01,飲料,233,44.2,0,1,6,432,13.1
2024-12-02,S02,台中逢甲店,中區,C01,飲料,145,39.0,0,0,0,316,7.6
2024-12-03,S02,台中逢甲店,中區,C01,飲料,133,44.3,0,0,1,341,7.2
2024-12-04,S02,台中逢甲店,中區,C01,飲料,140,46.7,0,0,2,477,6.3
2024-12-05,S02,台中逢甲店,中區,C01,飲料,132,44.6,0,0,3,277,7.3
2024-12-06,S02,台中逢甲店,中區,C01,飲料,161,42.5,0,0,4,509,8.2
2024-12-07,S02,台中逢甲店,中區,C01,飲料,234,43.2,0,1,5,471,11.6
2024-12-08,S02,台中逢甲店,中區,C01,飲料,206,45.2,0,1,6,418,11.0
2024-12-09,S02,台中逢甲店,中區,C01,飲料,108,41.7,0,0,0,288,6.5
2024-12-10,S02,台中逢甲店,中區,C01,飲料,140,48.0,0,0,1,474,7.7
2024-12-11,S02,台中逢甲店,中區,C01,飲料,135,43.3,0,0,2,486,7.7
2024-12-12,S02,台中逢甲店,中區,C01,飲料,113,45.4,0,0,3,397,5.5
2024-12-13,S02,台中逢甲店,中區,C01,飲料,145,44.6,0,0,4,400,8.0
2024-12-14,S02,台中逢甲店,中區,C01,飲料,232,43.6,0,1,5,813,11.4
2024-12-15,S02,台中逢甲店,中區,C01,飲料,224,42.9,0,1,6,655,10.9
2024-12-16,S02,台中逢甲店,中區,C01,飲料,101,48.3,0,0,0,260,7.0
2024-12-17,S02,台中逢甲店,中區,C01,飲料,190,36.5,1,0,1,594,9.7
2024-12-18,S02,台中逢甲店,中區,C01,飲料,150,43.2,0,0,2,261,7.5
2024-12-19,S02,台中逢甲店,中區,C01,飲料,125,43.3,0,0,3,304,8.1
2024-12-20,S02,台中逢甲店,中區,C01,飲料,125,44.9,0,0,4,455,6.1
2024-12-21,S02,台中逢甲店,中區,C01,飲料,240,45.8,0,1,5,420,11.8
2024-12-22,S02,台中逢甲店,中區,C01,飲料,226,42.9,0,1,6,650,10.7
2024-12-23,S02,台中逢甲店,中區,C01,飲料,109,48.6,0,0,0,204,5.8
2024-12-24,S02,台中逢甲店,中區,C01,飲料,120,49.0,0,0,1,300,6.7
2024-12-25,S02,台中逢甲店,中區,C01,飲料,235,37.3,1,1,2,692,10.8
2024-12-26,S02,台中逢甲店,中區,C01,飲料,143,48.0,0,0,3,342,7.9
2024-12-27,S02,台中逢甲店,中區,C01,飲料,139,46.7,0,0,4,357,7.5
2024-12-28,S02,台中逢甲店,中區,C01,飲料,230,47.2,0,1,5,726,11.8
2024-12-29,S02,台中逢甲店,中區,C01,飲料,217,49.3,0,1,6,437,11.6
2024-12-30,S02,台中逢甲店,中區,C01,飲料,158,38.2,1,0,0,508,8.1
2023-01-01,S02,台中逢甲店,中區,C02,零食,153,55.5,0,1,6,526,10.5
2023-01-02,S02,台中逢甲店,中區,C02,零食,84,52.5,0,0,0,241,6.6
2023-01-03,S02,台中逢甲店,中區,C02,零食,84,58.5,0,0,1,238,5.7
2023-01-04,S02,台中逢甲店,中區,C02,零食,97,54.2,0,0,2,357,6.4
2023-01-05,S02,台中逢甲店,中區,C02,零食,95,49.4,0,0,3,222,6.5
2023-01-06,S02,台中逢甲店,中區,C02,零食,89,50.7,0,0,4,294,6.8
2023-01-07,S02,台中逢甲店,中區,C02,零食,175,48.8,1,1,5,548,10.7
2023-01-08,S02,台中逢甲店,中區,C02,零食,134,55.2,0,1,6,357,9.3
2023-01-09,S02,台中逢甲店,中區,C02,零食,69,55.5,0,0,0,168,5.1
2023-01-10,S02,台中逢甲店,中區,C02,零食,93,53.2,0,0,1,263,7.2
2023-01-11,S02,台中逢甲店,中區,C02,零食,90,55.4,0,0,2,223,5.6
2023-01-12,S02,台中逢甲店,中區,C02,零食,86,57.1,0,0,3,302,6.3
2023-01-13,S02,台中逢甲店,中區,C02,零食,82,55.9,0,0,4,282,6.5
2023-01-14,S02,台中逢甲店,中區,C02,零食,151,54.1,0,1,5,293,9.6
2023-01-15,S02,台中逢甲店,中區,C02,零食,143,54.4,0,1,6,528,9.7
2023-01-16,S02,台中逢甲店,中區,C02,零食,95,49.8,0,0,0,350,6.8
2023-01-17,S02,台中逢甲店,中區,C02,零食,96,57.5,0,0,1,239,6.2
2023-01-18,S02,台中逢甲店,中區,C02,零食,85,59.3,0,0,2,234,5.5
2023-01-19,S02,台中逢甲店,中區,C02,零食,73,58.6,0,0,3,219,6.2
2023-01-20,S02,台中逢甲店,中區,C02,零食,104,55.4,0,0,4,321,6.4
2023-01-21,S02,台中逢甲店,中區,C02,零食,123,60.6,0,1,5,403,8.9
2023-01-22,S02,台中逢甲店,中區,C02,零食,208,46.5,1,1,6,694,11.1
2023-01-23,S02,台中逢甲店,中區,C02,零食,59,59.0,0,0,0,117,5.6
2023-01-24,S02,台中逢甲店,中區,C02,零食,119,49.0,1,0,1,323,7.0
2023-01-25,S02,台中逢甲店,中區,C02,零食,89,53.2,0,0,2,182,5.4
2023-01-26,S02,台中逢甲店,中區,C02,零食,91,51.0,0,0,3,286,5.9
2023-01-27,S02,台中逢甲店,中區,C02,零食,97,56.1,0,0,4,181,6.8
2023-01-28,S02,台中逢甲店,中區,C02,零食,221,46.1,1,1,5,603,11.4
2023-01-29,S02,台中逢甲店,中區,C02,零食,135,55.0,0,1,6,458,9.4
2023-01-30,S02,台中逢甲店,中區,C02,零食,72,50.6,0,0,0,152,5.0
2023-01-31,S02,台中逢甲店,中區,C02,零食,91,54.8,0,0,1,326,6.1
2023-02-01,S02,台中逢甲店,中區,C02,零食,84,51.6,0,0,2,179,5.4
2023-02-02,S02,台中逢甲店,中區,C02,零食,70,52.5,0,0,3,155,5.6
2023-02-03,S02,台中逢甲店,中區,C02,零食,92,53.6,0,0,4,239,6.4
2023-02-04,S02,台中逢甲店,中區,C02,零食,115,58.0,0,1,5,363,8.8
2023-02-05,S02,台中逢甲店,中區,C02,零食,127,53.3,0,1,6,388,9.2
2023-02-06,S02,台中逢甲店,中區,C02,零食,57,56.4,0,0,0,170,5.7
2023-02-07,S02,台中逢甲店,中區,C02,零食,88,56.1,0,0,1,158,7.1
2023-02-08,S02,台中逢甲店,中區,C02,零食,93,53.3,0,0,2,169,7.2
2023-02-09,S02,台中逢甲店,中區,C02,零食,126,49.6,1,0,3,454,6.5
2023-02-10,S02,台中逢甲店,中區,C02,零食,142,42.6,1,0,4,315,7.8
2023-02-11,S02,台中逢甲店,中區,C02,零食,119,53.4,0,1,5,289,8.4
2023-02-12,S02,台中逢甲店,中區,C02,零食,118,56.8,0,1,6,202,8.5
2023-02-13,S02,台中逢甲店,中區,C02,零食,76,57.5,0,0,0,189,5.5
2023-02-14,S02,台中逢甲店,中區,C02,零食,124,43.4,1,0,1,359,7.1
2023-02-15,S02,台中逢甲店,中區,C02,零食,81,55.4,0,0,2,300,5.8
2023-02-16,S02,台中逢甲店,中區,C02,零食,98,53.6,0,0,3,174,7.4
2023-02-17,S02,台中逢甲店,中區,C02,零食,79,58.9,0,0,4,192,5.5
2023-02-18,S02,台中逢甲店,中區,C02,零食,142,54.4,0,1,5,492,8.8
2023-02-19,S02,台中逢甲店,中區,C02,零食,185,49.4,1,1,6,655,9.9
2023-02-20,S02,台中逢甲店,中區,C02,零食,92,51.7,0,0,0,318,7.1
2023-02-21,S02,台中逢甲店,中區,C02,零食,76,55.1,0,0,1,175,5.6
2023-02-22,S02,台中逢甲店,中區,C02,零食,97,54.9,0,0,2,268,6.9
2023-02-23,S02,台中逢甲店,中區,C02,零食,75,57.8,0,0,3,137,6.2
2023-02-24,S02,台中逢甲店,中區,C02,零食,90,51.7,0,0,4,192,6.6
2023-02-25,S02,台中逢甲店,中區,C02,零食,116,56.9,0,1,5,281,8.0
2023-02-26,S02,台中逢甲店,中區,C02,零食,126,53.5,0,1,6,312,9.6
2023-02-27,S02,台中逢甲店,中區,C02,零食,75,51.3,0,0,0,180,6.3
2023-02-28,S02,台中逢甲店,中區,C02,零食,112,53.7,0,1,1,385,8.9
2023-03-01,S02,台中逢甲店,中區,C02,零食,100,51.1,0,0,2,245,6.2
2023-03-02,S02,台中逢甲店,中區,C02,零食,141,47.0,1,0,3,242,7.5
2023-03-03,S02,台中逢甲店,中區,C02,零食,97,56.0,0,0,4,203,6.5
2023-03-04,S02,台中逢甲店,中區,C02,零食,143,53.9,0,1,5,475,10.0
2023-03-05,S02,台中逢甲店,中區,C02,零食,135,54.5,0,1,6,306,8.6
2023-03-06,S02,台中逢甲店,中區,C02,零食,75,56.0,0,0,0,226,5.6
2023-03-07,S02,台中逢甲店,中區,C02,零食,84,57.6,0,0,1,232,6.5
2023-03-08,S02,台中逢甲店,中區,C02,零食,135,46.0,1,0,2,247,6.8
2023-03-09,S02,台中逢甲店,中區,C02,零食,86,52.1,0,0,3,176,6.7
2023-03-10,S02,台中逢甲店,中區,C02,零食,93,53.4,0,0,4,188,6.5
2023-03-11,S02,台中逢甲店,中區,C02,零食,133,57.0,0,1,5,387,9.1
2023-03-12,S02,台中逢甲店,中區,C02,零食,121,53.6,0,1,6,372,10.2
2023-03-13,S02,台中逢甲店,中區,C02,零食,88,56.6,0,0,0,238,6.0
2023-03-14,S02,台中逢甲店,中區,C02,零食,93,56.2,0,0,1,172,6.5
2023-03-15,S02,台中逢甲店,中區,C02,零食,88,55.0,0,0,2,194,6.5
2023-03-16,S02,台中逢甲店,中區,C02,零食,93,51.8,0,0,3,236,6.0
2023-03-17,S02,台中逢甲店,中區,C02,零食,102,57.9,0,0,4,203,7.2
2023-03-18,S02,台中逢甲店,中區,C02,零食,128,50.1,0,1,5,218,10.2
2023-03-19,S02,台中逢甲店,中區,C02,零食,136,52.5,0,1,6,282,9.7
2023-03-20,S02,台中逢甲店,中區,C02,零食,76,60.2,0,0,0,223,6.9
2023-03-21,S02,台中逢甲店,中區,C02,零食,72,54.5,0,0,1,145,6.4
2023-03-22,S02,台中逢甲店,中區,C02,零食,84,56.9,0,0,2,283,5.7
2023-03-23,S02,台中逢甲店,中區,C02,零食,124,49.8,1,0,3,378,7.4
2023-03-24,S02,台中逢甲店,中區,C02,零食,123,53.0,0,0,4,285,6.6
2023-03-25,S02,台中逢甲店,中區,C02,零食,184,53.8,0,1,5,524,10.8
2023-03-26,S02,台中逢甲店,中區,C02,零食,138,60.1,0,1,6,387,9.4
2023-03-27,S02,台中逢甲店,中區,C02,零食,91,53.2,0,0,0,199,6.4
2023-03-28,S02,台中逢甲店,中區,C02,零食,83,58.8,0,0,1,236,5.5
2023-03-29,S02,台中逢甲店,中區,C02,零食,95,54.3,0,0,2,307,7.3
2023-03-30,S02,台中逢甲店,中區,C02,零食,89,56.9,0,0,3,202,7.2
2023-03-31,S02,台中逢甲店,中區,C02,零食,101,61.3,0,0,4,369,7.3
2023-04-01,S02,台中逢甲店,中區,C02,零食,133,56.1,0,1,5,264,9.1
2023-04-02,S02,台中逢甲店,中區,C02,零食,147,57.8,0,1,6,283,10.1
2023-04-03,S02,台中逢甲店,中區,C02,零食,67,54.8,0,0,0,245,5.7
2023-04-04,S02,台中逢甲店,中區,C02,零食,133,55.0,0,1,1,261,9.5
2023-04-05,S02,台中逢甲店,中區,C02,零食,101,58.0,0,1,2,240,8.8
2023-04-06,S02,台中逢甲店,中區,C02,零食,82,50.0,0,0,3,288,5.2
2023-04-07,S02,台中逢甲店,中區,C02,零食,143,50.3,1,0,4,290,6.7
2023-04-08,S02,台中逢甲店,中區,C02,零食,235,49.3,1,1,5,719,11.9
2023-04-09,S02,台中逢甲店,中區,C02,零食,129,51.6,0,1,6,400,8.7
2023-04-10,S02,台中逢甲店,中區,C02,零食,84,56.0,0,0,0,200,5.6
2023-04-11,S02,台中逢甲店,中區,C02,零食,79,58.7,0,0,1,227,5.1
2023-04-12,S02,台中逢甲店,中區,C02,零食,72,55.0,0,0,2,134,4.8
2023-04-13,S02,台中逢甲店,中區,C02,零食,90,57.8,0,0,3,294,6.1
2023-04-14,S02,台中逢甲店,中區,C02,零食,72,56.7,0,0,4,174,5.9
2023-04-15,S02,台中逢甲店,中區,C02,零食,155,54.6,0,1,5,422,10.0
2023-04-16,S02,台中逢甲店,中區,C02,零食,181,49.3,1,1,6,372,11.0
2023-04-17,S02,台中逢甲店,中區,C02,零食,93,56.8,0,0,0,330,6.7
2023-04-18,S02,台中逢甲店,中區,C02,零食,79,54.6,0,0,1,167,6.5
2023-04-19,S02,台中逢甲店,中區,C02,零食,88,57.0,0,0,2,227,5.5
2023-04-20,S02,台中逢甲店,中區,C02,零食,112,50.4,0,0,3,196,7.5
2023-04-21,S02,台中逢甲店,中區,C02,零食,68,59.0,0,0,4,157,5.5
2023-04-22,S02,台中逢甲店,中區,C02,零食,159,53.4,0,1,5,449,9.6
2023-04-23,S02,台中逢甲店,中區,C02,零食,150,56.4,0,1,6,501,9.6
2023-04-24,S02,台中逢甲店,中區,C02,零食,103,51.6,0,0,0,297,6.0
2023-04-25,S02,台中逢甲店,中區,C02,零食,97,52.7,0,0,1,177,6.4
2023-04-26,S02,台中逢甲店,中區,C02,零食,102,55.4,0,0,2,257,6.4
2023-04-27,S02,台中逢甲店,中區,C02,零食,93,54.8,0,0,3,292,5.6
2023-04-28,S02,台中逢甲店,中區,C02,零食,96,57.9,0,0,4,239,6.0
2023-04-29,S02,台中逢甲店,中區,C02,零食,166,56.1,0,1,5,392,10.4
2023-04-30,S02,台中逢甲店,中區,C02,零食,252,45.4,1,1,6,834,11.8
2023-05-01,S02,台中逢甲店,中區,C02,零食,169,45.2,1,1,0,351,10.3
2023-05-02,S02,台中逢甲店,中區,C02,零食,81,57.7,0,0,1,281,6.1
2023-05-03,S02,台中逢甲店,中區,C02,零食,149,42.4,1,0,2,263,8.2
2023-05-04,S02,台中逢甲店,中區,C02,零食,103,55.4,0,0,3,284,6.9
2023-05-05,S02,台中逢甲店,中區,C02,零食,91,57.7,0,0,4,276,6.0
2023-05-06,S02,台中逢甲店,中區,C02,零食,163,54.1,0,1,5,296,8.9
2023-05-07,S02,台中逢甲店,中區,C02,零食,149,55.4,0,1,6,437,9.1
2023-05-08,S02,台中逢甲店,中區,C02,零食,90,50.7,0,0,0,195,6.3
2023-05-09,S02,台中逢甲店,中區,C02,零食,92,55.7,0,0,1,182,6.9
2023-05-10,S02,台中逢甲店,中區,C02,零食,94,54.4,0,0,2,289,5.2
2023-05-11,S02,台中逢甲店,中區,C02,零食,103,53.3,0,0,3,258,7.2
2023-05-12,S02,台中逢甲店,中區,C02,零食,107,54.0,0,0,4,246,6.4
2023-05-13,S02,台中逢甲店,中區,C02,零食,137,54.0,0,1,5,292,9.7
2023-05-14,S02,台中逢甲店,中區,C02,零食,160,57.4,0,1,6,371,9.8
2023-05-15,S02,台中逢甲店,中區,C02,零食,82,61.2,0,0,0,234,6.1
2023-05-16,S02,台中逢甲店,中區,C02,零食,99,55.9,0,0,1,254,7.0
2023-05-17,S02,台中逢甲店,中區,C02,零食,121,50.5,0,0,2,218,6.1
2023-05-18,S02,台中逢甲店,中區,C02,零食,91,54.9,0,0,3,182,6.4
2023-05-19,S02,台中逢甲店,中區,C02,零食,84,48.5,0,0,4,197,6.3
2023-05-20,S02,台中逢甲店,中區,C02,零食,155,56.1,0,1,5,469,10.5
2023-05-21,S02,台中逢甲店,中區,C02,零食,249,42.4,1,1,6,487,12.1
2023-05-22,S02,台中逢甲店,中區,C02,零食,90,59.1,0,0,0,260,5.9
2023-05-23,S02,台中逢甲店,中區,C02,零食,92,55.0,0,0,1,322,5.4
2023-05-24,S02,台中逢甲店,中區,C02,零食,120,57.0,0,0,2,240,6.3
2023-05-25,S02,台中逢甲店,中區,C02,零食,102,54.8,0,0,3,284,6.2
2023-05-26,S02,台中逢甲店,中區,C02,零食,116,54.1,0,0,4,424,6.4
2023-05-27,S02,台中逢甲店,中區,C02,零食,182,54.1,0,1,5,364,10.6
2023-05-28,S02,台中逢甲店,中區,C02,零食,165,52.2,0,1,6,467,11.0
2023-05-29,S02,台中逢甲店,中區,C02,零食,113,53.2,0,0,0,389,7.3
2023-05-30,S02,台中逢甲店,中區,C02,零食,80,52.4,0,0,1,296,6.1
2023-05-31,S02,台中逢甲店,中區,C02,零食,69,55.7,0,0,2,195,6.2
2023-06-01,S02,台中逢甲店,中區,C02,零食,94,53.9,0,0,3,310,6.1
2023-06-02,S02,台中逢甲店,中區,C02,零食,97,55.7,0,0,4,309,6.2
2023-06-03,S02,台中逢甲店,中區,C02,零食,175,54.6,0,1,5,560,10.3
2023-06-04,S02,台中逢甲店,中區,C02,零食,177,54.4,0,1,6,382,10.4
2023-06-05,S02,台中逢甲店,中區,C02,零食,84,53.0,0,0,0,280,5.6
2023-06-06,S02,台中逢甲店,中區,C02,零食,88,55.0,0,0,1,170,6.4
2023-06-07,S02,台中逢甲店,中區,C02,零食,113,55.0,0,0,2,367,6.8
2023-06-08,S02,台中逢甲店,中區,C02,零食,103,55.4,0,0,3,200,7.6
2023-06-09,S02,台中逢甲店,中區,C02,零食,186,45.5,1,0,4,580,9.2
2023-06-10,S02,台中逢甲店,中區,C02,零食,171,52.1,0,1,5,569,10.2
2023-06-11,S02,台中逢甲店,中區,C02,零食,178,52.4,0,1,6,544,9.9
2023-06-12,S02,台中逢甲店,中區,C02,零食,84,51.4,0,0,0,250,6.5
2023-06-13,S02,台中逢甲店,中區,C02,零食,99,49.8,0,0,1,360,6.8
2023-06-14,S02,台中逢甲店,中區,C02,零食,94,54.3,0,0,2,255,6.6
2023-06-15,S02,台中逢甲店,中區,C02,零食,90,57.6,0,0,3,301,7.4
2023-06-16,S02,台中逢甲店,中區,C02,零食,113,56.5,0,0,4,232,6.8
2023-06-17,S02,台中逢甲店,中區,C02,零食,166,53.8,0,1,5,584,9.8
2023-06-18,S02,台中逢甲店,中區,C02,零食,267,44.4,1,1,6,782,13.4
2023-06-19,S02,台中逢甲店,中區,C02,零食,118,58.4,0,0,0,384,6.5
2023-06-20,S02,台中逢甲店,中區,C02,零食,88,54.8,0,0,1,250,5.7
2023-06-21,S02,台中逢甲店,中區,C02,零食,74,58.5,0,0,2,209,5.5
2023-06-22,S02,台中逢甲店,中區,C02,零食,114,54.0,0,0,3,328,6.9
2023-06-23,S02,台中逢甲店,中區,C02,零食,107,59.1,0,0,4,370,6.3
2023-06-24,S02,台中逢甲店,中區,C02,零食,144,56.8,0,1,5,257,10.0
2023-06-25,S02,台中逢甲店,中區,C02,零食,165,52.9,0,1,6,521,10.8
2023-06-26,S02,台中逢甲店,中區,C02,零食,90,56.2,0,0,0,171,6.6
2023-06-27,S02,台中逢甲店,中區,C02,零食,92,56.1,0,0,1,209,6.6
2023-06-28,S02,台中逢甲店,中區,C02,零食,103,55.2,0,0,2,175,6.5
2023-06-29,S02,台中逢甲店,中區,C02,零食,120,51.5,0,0,3,409,7.3
2023-06-30,S02,台中逢甲店,中區,C02,零食,107,56.1,0,0,4,275,6.7
2023-07-01,S02,台中逢甲店,中區,C02,零食,176,54.6,0,1,5,483,10.9
2023-07-02,S02,台中逢甲店,中區,C02,零食,162,52.2,0,1,6,266,10.1
2023-07-03,S02,台中逢甲店,中區,C02,零食,89,55.1,0,0,0,302,6.6
2023-07-04,S02,台中逢甲店,中區,C02,零食,115,53.2,0,0,1,232,7.2
2023-07-05,S02,台中逢甲店,中區,C02,零食,103,51.2,0,0,2,245,5.8
2023-07-06,S02,台中逢甲店,中區,C02,零食,171,48.7,1,0,3,313,8.4
2023-07-07,S02,台中逢甲店,中區,C02,零食,87,55.7,0,0,4,235,5.5
2023-07-08,S02,台中逢甲店,中區,C02,零食,177,57.8,0,1,5,420,10.0
2023-07-09,S02,台中逢甲店,中區,C02,零食,172,54.2,0,1,6,589,10.9
2023-07-10,S02,台中逢甲店,中區,C02,零食,83,53.8,0,0,0,277,5.8
2023-07-11,S02,台中逢甲店,中區,C02,零食,89,52.9,0,0,1,328,6.0
2023-07-12,S02,台中逢甲店,中區,C02,零食,109,58.7,0,0,2,340,6.7
2023-07-13,S02,台中逢甲店,中區,C02,零食,85,58.0,0,0,3,257,5.0
2023-07-14,S02,台中逢甲店,中區,C02,零食,133,54.9,0,0,4,226,7.5
2023-07-15,S02,台中逢甲店,中區,C02,零食,155,54.3,0,1,5,275,9.5
2023-07-16,S02,台中逢甲店,中區,C02,零食,265,46.2,1,1,6,817,13.5
2023-07-17,S02,台中逢甲店,中區,C02,零食,91,54.7,0,0,0,224,6.5
2023-07-18,S02,台中逢甲店,中區,C02,零食,79,57.3,0,0,1,263,5.0
2023-07-19,S02,台中逢甲店,中區,C02,零食,111,53.4,0,0,2,213,7.1
2023-07-20,S02,台中逢甲店,中區,C02,零食,96,53.4,0,0,3,300,5.8
2023-07-21,S02,台中逢甲店,中區,C02,零食,100,50.2,0,0,4,268,6.6
2023-07-22,S02,台中逢甲店,中區,C02,零食,294,43.9,1,1,5,973,12.6
2023-07-23,S02,台中逢甲店,中區,C02,零食,183,52.3,0,1,6,574,10.0
2023-07-24,S02,台中逢甲店,中區,C02,零食,86,55.6,0,0,0,256,7.0
2023-07-25,S02,台中逢甲店,中區,C02,零食,104,50.2,0,0,1,185,7.2
2023-07-26,S02,台中逢甲店,中區,C02,零食,75,56.7,0,0,2,142,5.9
2023-07-27,S02,台中逢甲店,中區,C02,零食,78,52.8,0,0,3,239,5.5
2023-07-28,S02,台中逢甲店,中區,C02,零食,127,54.7,0,0,4,294,7.1
2023-07-29,S02,台中逢甲店,中區,C02,零食,130,54.9,0,1,5,261,7.7
2023-07-30,S02,台中逢甲店,中區,C02,零食,135,56.5,0,1,6,268,9.5
2023-07-31,S02,台中逢甲店,中區,C02,零食,109,55.1,0,0,0,219,6.7
2023-08-01,S02,台中逢甲店,中區,C02,零食,100,52.1,0,0,1,207,7.3
2023-08-02,S02,台中逢甲店,中區,C02,零食,101,55.0,0,0,2,375,6.1
2023-08-03,S02,台中逢甲店,中區,C02,零食,97,56.4,0,0,3,353,6.8
2023-08-04,S02,台中逢甲店,中區,C02,零食,110,52.4,0,0,4,205,7.3
2023-08-05,S02,台中逢甲店,中區,C02,零食,166,55.2,0,1,5,416,9.9
2023-08-06,S02,台中逢甲店,中區,C02,零食,159,58.6,0,1,6,515,9.9
2023-08-07,S02,台中逢甲店,中區,C02,零食,96,55.6,0,0,0,331,6.5
2023-08-08,S02,台中逢甲店,中區,C02,零食,114,54.5,0,0,1,206,7.8
2023-08-09,S02,台中逢甲店,中區,C02,零食,99,54.0,0,0,2,244,7.0
2023-08-10,S02,台中逢甲店,中區,C02,零食,166,43.2,1,0,3,482,8.3
2023-08-11,S02,台中逢甲店,中區,C02,零食,126,55.9,0,0,4,219,6.9
2023-08-12,S02,台中逢甲店,中區,C02,零食,172,48.9,0,1,5,453,10.7
2023-08-13,S02,台中逢甲店,中區,C02,零食,190,57.4,0,1,6,377,10.8
2023-08-14,S02,台中逢甲店,中區,C02,零食,91,50.9,0,0,0,182,6.3
2023-08-15,S02,台中逢甲店,中區,C02,零食,101,57.9,0,0,1,247,7.8
2023-08-16,S02,台中逢甲店,中區,C02,零食,107,52.5,0,0,2,380,6.9
2023-08-17,S02,台中逢甲店,中區,C02,零食,88,58.3,0,0,3,310,6.2
2023-08-18,S02,台中逢甲店,中區,C02,零食,91,57.8,0,0,4,211,7.5
2023-08-19,S02,台中逢甲店,中區,C02,零食,182,53.1,0,1,5,468,10.0
2023-08-20,S02,台中逢甲店,中區,C02,零食,163,53.3,0,1,6,289,10.5
2023-08-21,S02,台中逢甲店,中區,C02,零食,88,54.8,0,0,0,304,6.1
2023-08-22,S02,台中逢甲店,中區,C02,零食,92,53.4,0,0,1,275,6.6
2023-08-23,S02,台中逢甲店,中區,C02,零食,105,52.0,0,0,2,248,6.7
2023-08-24,S02,台中逢甲店,中區,C02,零食,91,51.4,0,0,3,271,6.7
2023-08-25,S02,台中逢甲店,中區,C02,零食,104,56.1,0,0,4,310,6.5
2023-08-26,S02,台中逢甲店,中區,C02,零食,162,56.7,0,1,5,521,10.8
2023-08-27,S02,台中逢甲店,中區,C02,零食,226,51.8,1,1,6,705,11.2
2023-08-28,S02,台中逢甲店,中區,C02,零食,88,53.0,0,0,0,232,6.0
2023-08-29,S02,台中逢甲店,中區,C02,零食,105,57.6,0,0,1,215,6.4
2023-08-30,S02,台中逢甲店,中區,C02,零食,82,58.2,0,0,2,241,5.9
2023-08-31,S02,台中逢甲店,中區,C02,零食,95,54.8,0,0,3,240,5.5
2023-09-01,S02,台中逢甲店,中區,C02,零食,119,53.3,0,0,4,258,6.0
2023-09-02,S02,台中逢甲店,中區,C02,零食,155,60.4,0,1,5,296,9.4
2023-09-03,S02,台中逢甲店,中區,C02,零食,231,46.6,1,1,6,643,11.5
2023-09-04,S02,台中逢甲店,中區,C02,零食,96,55.5,0,0,0,334,6.3
2023-09-05,S02,台中逢甲店,中區,C02,零食,102,53.7,0,0,1,250,6.9
2023-09-06,S02,台中逢甲店,中區,C02,零食,79,59.6,0,0,2,265,6.2
2023-09-07,S02,台中逢甲店,中區,C02,零食,86,57.7,0,0,3,240,6.4
2023-09-08,S02,台中逢甲店,中區,C02,零食,119,53.7,0,0,4,335,8.0
2023-09-09,S02,台中逢甲店,中區,C02,零食,130,57.8,0,1,5,376,8.7
2023-09-10,S02,台中逢甲店,中區,C02,零食,142,62.1,0,1,6,395,10.0
2023-09-11,S02,台中逢甲店,中區,C02,零食,85,56.9,0,0,0,272,6.8
2023-09-12,S02,台中逢甲店,中區,C02,零食,93,56.9,0,0,1,250,5.9
2023-09-13,S02,台中逢甲店,中區,C02,零食,113,56.7,0,0,2,244,6.8
2023-09-14,S02,台中逢甲店,中區,C02,零食,106,53.8,0,0,3,331,7.2
2023-09-15,S02,台中逢甲店,中區,C02,零食,121,60.3,0,0,4,353,5.8
2023-09-16,S02,台中逢甲店,中區,C02,零食,155,54.4,0,1,5,304,9.7
2023-09-17,S02,台中逢甲店,中區,C02,零食,126,57.5,0,1,6,250,10.1
2023-09-18,S02,台中逢甲店,中區,C02,零食,78,54.1,0,0,0,258,6.0
2023-09-19,S02,台中逢甲店,中區,C02,零食,89,52.5,0,0,1,160,6.9
2023-09-20,S02,台中逢甲店,中區,C02,零食,89,56.3,0,0,2,282,7.3
2023-09-21,S02,台中逢甲店,中區,C02,零食,87,59.1,0,0,3,319,4.9
2023-09-22,S02,台中逢甲店,中區,C02,零食,117,56.4,0,0,4,285,6.6
2023-09-23,S02,台中逢甲店,中區,C02,零食,147,56.0,0,1,5,256,9.5
2023-09-24,S02,台中逢甲店,中區,C02,零食,163,58.7,0,1,6,582,9.6
2023-09-25,S02,台中逢甲店,中區,C02,零食,71,51.9,0,0,0,155,5.7
2023-09-26,S02,台中逢甲店,中區,C02,零食,67,53.2,0,0,1,228,5.8
2023-09-27,S02,台中逢甲店,中區,C02,零食,84,54.6,0,0,2,155,6.1
2023-09-28,S02,台中逢甲店,中區,C02,零食,74,57.2,0,0,3,207,5.4
2023-09-29,S02,台中逢甲店,中區,C02,零食,108,54.3,0,0,4,215,6.1
2023-09-30,S02,台中逢甲店,中區,C02,零食,144,60.6,0,1,5,279,9.6
2023-10-01,S02,台中逢甲店,中區,C02,零食,121,58.2,0,1,6,346,8.7
2023-10-02,S02,台中逢甲店,中區,C02,零食,84,54.8,0,0,0,165,5.8
2023-10-03,S02,台中逢甲店,中區,C02,零食,76,56.3,0,0,1,176,5.9
2023-10-04,S02,台中逢甲店,中區,C02,零食,98,51.3,0,0,2,268,6.6
2023-10-05,S02,台中逢甲店,中區,C02,零食,82,61.2,0,0,3,188,5.6
2023-10-06,S02,台中逢甲店,中區,C02,零食,77,57.4,0,0,4,275,5.1
2023-10-07,S02,台中逢甲店,中區,C02,零食,146,51.0,0,1,5,358,10.3
2023-10-08,S02,台中逢甲店,中區,C02,零食,148,59.9,0,1,6,315,9.2
2023-10-09,S02,台中逢甲店,中區,C02,零食,80,54.8,0,0,0,172,5.8
2023-10-10,S02,台中逢甲店,中區,C02,零食,118,50.4,0,1,1,275,8.9
2023-10-11,S02,台中逢甲店,中區,C02,零食,83,53.3,0,0,2,150,6.0
2023-10-12,S02,台中逢甲店,中區,C02,零食,90,58.7,0,0,3,189,6.0
2023-10-13,S02,台中逢甲店,中區,C02,零食,87,62.0,0,0,4,313,6.2
2023-10-14,S02,台中逢甲店,中區,C02,零食,137,58.1,0,1,5,394,9.3
2023-10-15,S02,台中逢甲店,中區,C02,零食,138,55.7,0,1,6,429,9.3
2023-10-16,S02,台中逢甲店,中區,C02,零食,61,57.1,0,0,0,151,6.1
2023-10-17,S02,台中逢甲店,中區,C02,零食,89,57.8,0,0,1,321,6.4
2023-10-18,S02,台中逢甲店,中區,C02,零食,98,60.2,0,0,2,184,6.1
2023-10-19,S02,台中逢甲店,中區,C02,零食,84,55.5,0,0,3,242,5.9
2023-10-20,S02,台中逢甲店,中區,C02,零食,96,56.3,0,0,4,313,6.8
2023-10-21,S02,台中逢甲店,中區,C02,零食,230,49.7,1,1,5,503,12.1
2023-10-22,S02,台中逢甲店,中區,C02,零食,145,58.9,0,1,6,252,9.6
2023-10-23,S02,台中逢甲店,中區,C02,零食,118,47.8,1,0,0,374,6.7
2023-10-24,S02,台中逢甲店,中區,C02,零食,79,55.6,0,0,1,202,5.8
2023-10-25,S02,台中逢甲店,中區,C02,零食,87,52.0,0,0,2,201,5.7
2023-10-26,S02,台中逢甲店,中區,C02,零食,147,42.6,1,0,3,296,8.8
2023-10-27,S02,台中逢甲店,中區,C02,零食,73,53.3,0,0,4,274,4.9
2023-10-28,S02,台中逢甲店,中區,C02,零食,163,56.5,0,1,5,546,10.0
2023-10-29,S02,台中逢甲店,中區,C02,零食,139,53.5,0,1,6,259,9.9
2023-10-30,S02,台中逢甲店,中區,C02,零食,76,58.8,0,0,0,229,6.5
2023-10-31,S02,台中逢甲店,中區,C02,零食,83,53.8,0,0,1,147,6.6
2023-11-01,S02,台中逢甲店,中區,C02,零食,91,50.8,0,0,2,164,6.0
2023-11-02,S02,台中逢甲店,中區,C02,零食,129,51.0,1,0,3,334,6.9
2023-11-03,S02,台中逢甲店,中區,C02,零食,96,55.4,0,0,4,177,5.7
2023-11-04,S02,台中逢甲店,中區,C02,零食,115,52.8,0,1,5,321,8.9
2023-11-05,S02,台中逢甲店,中區,C02,零食,186,46.9,1,1,6,511,10.8
2023-11-06,S02,台中逢甲店,中區,C02,零食,70,53.2,0,0,0,186,6.4
2023-11-07,S02,台中逢甲店,中區,C02,零食,75,58.1,0,0,1,230,5.9
2023-11-08,S02,台中逢甲店,中區,C02,零食,139,47.8,1,0,2,480,7.3
2023-11-09,S02,台中逢甲店,中區,C02,零食,100,53.7,0,0,3,295,6.5
2023-11-10,S02,台中逢甲店,中區,C02,零食,85,55.3,0,0,4,296,6.5
2023-11-11,S02,台中逢甲店,中區,C02,零食,215,44.9,1,1,5,585,11.6
2023-11-12,S02,台中逢甲店,中區,C02,零食,138,53.3,0,1,6,284,9.2
2023-11-13,S02,台中逢甲店,中區,C02,零食,79,59.4,0,0,0,163,5.9
2023-11-14,S02,台中逢甲店,中區,C02,零食,138,47.6,1,0,1,293,7.1
2023-11-15,S02,台中逢甲店,中區,C02,零食,91,53.9,0,0,2,263,7.3
2023-11-16,S02,台中逢甲店,中區,C02,零食,75,56.5,0,0,3,243,6.4
2023-11-17,S02,台中逢甲店,中區,C02,零食,78,59.2,0,0,4,178,6.5
2023-11-18,S02,台中逢甲店,中區,C02,零食,132,56.5,0,1,5,411,9.2
2023-11-19,S02,台中逢甲店,中區,C02,零食,151,59.5,0,1,6,446,9.1
2023-11-20,S02,台中逢甲店,中區,C02,零食,66,55.0,0,0,0,175,5.3
2023-11-21,S02,台中逢甲店,中區,C02,零食,91,57.5,0,0,1,194,7.7
2023-11-22,S02,台中逢甲店,中區,C02,零食,85,56.5,0,0,2,163,6.2
2023-11-23,S02,台中逢甲店,中區,C02,零食,82,60.2,0,0,3,152,5.7
2023-11-24,S02,台中逢甲店,中區,C02,零食,92,59.9,0,0,4,240,5.7
2023-11-25,S02,台中逢甲店,中區,C02,零食,142,52.5,0,1,5,379,10.1
2023-11-26,S02,台中逢甲店,中區,C02,零食,147,55.8,0,1,6,396,10.1
2023-11-27,S02,台中逢甲店,中區,C02,零食,63,54.3,0,0,0,210,5.0
2023-11-28,S02,台中逢甲店,中區,C02,零食,66,50.7,0,0,1,143,5.6
2023-11-29,S02,台中逢甲店,中區,C02,零食,77,55.4,0,0,2,220,5.3
2023-11-30,S02,台中逢甲店,中區,C02,零食,96,48.7,1,0,3,311,5.8
2023-12-01,S02,台中逢甲店,中區,C02,零食,107,57.9,0,0,4,292,7.0
2023-12-02,S02,台中逢甲店,中區,C02,零食,170,54.2,0,1,5,593,9.4
2023-12-03,S02,台中逢甲店,中區,C02,零食,147,56.7,0,1,6,451,8.7
2023-12-04,S02,台中逢甲店,中區,C02,零食,133,46.9,1,0,0,233,7.0
2023-12-05,S02,台中逢甲店,中區,C02,零食,85,56.9,0,0,1,237,6.9
2023-12-06,S02,台中逢甲店,中區,C02,零食,93,50.2,0,0,2,292,5.4
2023-12-07,S02,台中逢甲店,中區,C02,零食,151,48.5,1,0,3,296,7.4
2023-12-08,S02,台中逢甲店,中區,C02,零食,111,55.0,0,0,4,338,6.4
2023-12-09,S02,台中逢甲店,中區,C02,零食,161,56.5,0,1,5,565,9.3
2023-12-10,S02,台中逢甲店,中區,C02,零食,177,54.0,0,1,6,305,10.0
2023-12-11,S02,台中逢甲店,中區,C02,零食,154,44.1,1,0,0,489,7.0
2023-12-12,S02,台中逢甲店,中區,C02,零食,91,53.7,0,0,1,303,5.8
2023-12-13,S02,台中逢甲店,中區,C02,零食,95,52.7,0,0,2,164,6.6
2023-12-14,S02,台中逢甲店,中區,C02,零食,113,48.1,1,0,3,222,6.2
2023-12-15,S02,台中逢甲店,中區,C02,零食,119,54.6,0,0,4,288,6.5
2023-12-16,S02,台中逢甲店,中區,C02,零食,171,59.2,0,1,5,595,10.3
2023-12-17,S02,台中逢甲店,中區,C02,零食,134,53.7,0,1,6,422,9.2
2023-12-18,S02,台中逢甲店,中區,C02,零食,136,43.6,1,0,0,318,6.2
2023-12-19,S02,台中逢甲店,中區,C02,零食,104,52.7,0,0,1,316,6.9
2023-12-20,S02,台中逢甲店,中區,C02,零食,85,60.1,0,0,2,285,5.0
2023-12-21,S02,台中逢甲店,中區,C02,零食,107,59.4,0,0,3,330,7.4
2023-12-22,S02,台中逢甲店,中區,C02,零食,167,49.6,1,0,4,264,8.7
2023-12-23,S02,台中逢甲店,中區,C02,零食,141,53.2,0,1,5,507,9.1
2023-12-24,S02,台中逢甲店,中區,C02,零食,162,54.9,0,1,6,352,9.4
2023-12-25,S02,台中逢甲店,中區,C02,零食,174,49.4,1,1,0,444,10.6
2023-12-26,S02,台中逢甲店,中區,C02,零食,89,54.2,0,0,1,270,6.2
2023-12-27,S02,台中逢甲店,中區,C02,零食,146,44.3,1,0,2,254,7.2
2023-12-28,S02,台中逢甲店,中區,C02,零食,92,54.9,0,0,3,267,6.8
2023-12-29,S02,台中逢甲店,中區,C02,零食,107,55.5,0,0,4,324,6.2
2023-12-30,S02,台中逢甲店,中區,C02,零食,160,59.7,0,1,5,268,10.7
2023-12-31,S02,台中逢甲店,中區,C02,零食,258,48.9,1,1,6,479,12.3
2024-01-01,S02,台中逢甲店,中區,C02,零食,178,50.3,1,1,0,336,10.5
2024-01-02,S02,台中逢甲店,中區,C02,零食,91,58.0,0,0,1,313,6.0
2024-01-03,S02,台中逢甲店,中區,C02,零食,141,47.6,1,0,2,420,7.3
2024-01-04,S02,台中逢甲店,中區,C02,零食,113,57.3,0,0,3,323,6.8
2024-01-05,S02,台中逢甲店,中區,C02,零食,108,52.9,0,0,4,215,6.8
2024-01-06,S02,台中逢甲店,中區,C02,零食,169,52.9,0,1,5,542,9.7
2024-01-07,S02,台中逢甲店,中區,C02,零食,150,61.3,0,1,6,388,9.7
2024-01-08,S02,台中逢甲店,中區,C02,零食,88,54.3,0,0,0,236,7.0
2024-01-09,S02,台中逢甲店,中區,C02,零食,96,52.8,0,0,1,295,6.7
2024-01-10,S02,台中逢甲店,中區,C02,零食,106,57.6,0,0,2,369,5.8
2024-01-11,S02,台中逢甲店,中區,C02,零食,105,54.8,0,0,3,185,6.7
2024-01-12,S02,台中逢甲店,中區,C02,零食,102,54.0,0,0,4,273,6.8
2024-01-13,S02,台中逢甲店,中區,C02,零食,167,56.0,0,1,5,529,10.2
2024-01-14,S02,台中逢甲店,中區,C02,零食,168,53.1,0,1,6,533,9.6
2024-01-15,S02,台中逢甲店,中區,C02,零食,80,57.3,0,0,0,169,5.6
2024-01-16,S02,台中逢甲店,中區,C02,零食,80,55.3,0,0,1,176,5.5
2024-01-17,S02,台中逢甲店,中區,C02,零食,87,55.3,0,0,2,174,6.0
2024-01-18,S02,台中逢甲店,中區,C02,零食,127,48.2,1,0,3,288,7.4
2024-01-19,S02,台中逢甲店,中區,C02,零食,106,53.4,0,0,4,374,6.1
2024-01-20,S02,台中逢甲店,中區,C02,零食,194,47.1,1,1,5,520,10.3
2024-01-21,S02,台中逢甲店,中區,C02,零食,170,54.4,0,1,6,526,10.4
2024-01-22,S02,台中逢甲店,中區,C02,零食,99,54.1,0,0,0,185,6.0
2024-01-23,S02,台中逢甲店,中區,C02,零食,84,53.8,0,0,1,294,5.8
2024-01-24,S02,台中逢甲店,中區,C02,零食,143,47.3,1,0,2,386,6.8
2024-01-25,S02,台中逢甲店,中區,C02,零食,96,56.0,0,0,3,201,5.8
2024-01-26,S02,台中逢甲店,中區,C02,零食,99,55.4,0,0,4,316,6.0
2024-01-27,S02,台中逢甲店,中區,C02,零食,158,58.9,0,1,5,441,9.9
2024-01-28,S02,台中逢甲店,中區,C02,零食,153,56.0,0,1,6,532,8.5
2024-01-29,S02,台中逢甲店,中區,C02,零食,77,54.9,0,0,0,222,5.8
2024-01-30,S02,台中逢甲店,中區,C02,零食,92,50.7,0,0,1,223,6.8
2024-01-31,S02,台中逢甲店,中區,C02,零食,109,55.4,0,0,2,303,6.7
2024-02-01,S02,台中逢甲店,中區,C02,零食,129,49.2,1,0,3,362,7.0
2024-02-02,S02,台中逢甲店,中區,C02,零食,86,50.4,0,0,4,248,6.0
2024-02-03,S02,台中逢甲店,中區,C02,零食,144,54.6,0,1,5,302,9.9
2024-02-04,S02,台中逢甲店,中區,C02,零食,146,60.0,0,1,6,355,10.4
2024-02-05,S02,台中逢甲店,中區,C02,零食,86,58.9,0,0,0,245,6.5
2024-02-06,S02,台中逢甲店,中區,C02,零食,151,44.3,1,0,1,309,8.1
2024-02-07,S02,台中逢甲店,中區,C02,零食,86,52.8,0,0,2,182,6.0
2024-02-08,S02,台中逢甲店,中區,C02,零食,79,58.4,0,0,3,295,6.1
2024-02-09,S02,台中逢甲店,中區,C02,零食,82,57.8,0,0,4,276,6.1
2024-02-10,S02,台中逢甲店,中區,C02,零食,147,57.8,0,1,5,247,9.0
2024-02-11,S02,台中逢甲店,中區,C02,零食,159,52.9,0,1,6,338,9.7
2024-02-12,S02,台中逢甲店,中區,C02,零食,98,53.5,0,0,0,174,7.4
2024-02-13,S02,台中逢甲店,中區,C02,零食,108,54.6,0,0,1,255,6.6
2024-02-14,S02,台中逢甲店,中區,C02,零食,116,54.3,0,0,2,381,8.0
2024-02-15,S02,台中逢甲店,中區,C02,零食,78,56.7,0,0,3,168,6.0
2024-02-16,S02,台中逢甲店,中區,C02,零食,150,46.8,1,0,4,420,7.4
2024-02-17,S02,台中逢甲店,中區,C02,零食,126,53.5,0,1,5,376,9.3
2024-02-18,S02,台中逢甲店,中區,C02,零食,137,55.8,0,1,6,375,9.6
2024-02-19,S02,台中逢甲店,中區,C02,零食,78,53.5,0,0,0,273,6.1
2024-02-20,S02,台中逢甲店,中區,C02,零食,89,49.5,0,0,1,162,5.8
2024-02-21,S02,台中逢甲店,中區,C02,零食,71,52.7,0,0,2,253,5.8
2024-02-22,S02,台中逢甲店,中區,C02,零食,79,49.5,0,0,3,166,4.8
2024-02-23,S02,台中逢甲店,中區,C02,零食,85,58.4,0,0,4,169,6.6
2024-02-24,S02,台中逢甲店,中區,C02,零食,139,55.7,0,1,5,471,8.4
2024-02-25,S02,台中逢甲店,中區,C02,零食,161,56.0,0,1,6,537,10.5
2024-02-26,S02,台中逢甲店,中區,C02,零食,73,55.1,0,0,0,236,6.6
2024-02-27,S02,台中逢甲店,中區,C02,零食,79,55.7,0,0,1,256,6.8
2024-02-28,S02,台中逢甲店,中區,C02,零食,127,51.5,0,1,2,266,9.2
2024-02-29,S02,台中逢甲店,中區,C02,零食,105,58.3,0,0,3,341,6.8
2024-03-01,S02,台中逢甲店,中區,C02,零食,98,51.3,0,0,4,184,6.9
2024-03-02,S02,台中逢甲店,中區,C02,零食,205,47.5,1,1,5,691,10.5
2024-03-03,S02,台中逢甲店,中區,C02,零食,165,54.2,0,1,6,464,10.6
2024-03-04,S02,台中逢甲店,中區,C02,零食,96,53.6,0,0,0,211,6.7
2024-03-05,S02,台中逢甲店,中區,C02,零食,110,53.9,0,0,1,235,6.3
2024-03-06,S02,台中逢甲店,中區,C02,零食,88,59.6,0,0,2,265,5.9
2024-03-07,S02,台中逢甲店,中區,C02,零食,87,52.5,0,0,3,252,5.6
2024-03-08,S02,台中逢甲店,中區,C02,零食,100,52.6,0,0,4,268,6.1
2024-03-09,S02,台中逢甲店,中區,C02,零食,162,55.4,0,1,5,498,9.9
2024-03-10,S02,台中逢甲店,中區,C02,零食,153,55.0,0,1,6,405,10.6
2024-03-11,S02,台中逢甲店,中區,C02,零食,86,50.3,0,0,0,262,6.4
2024-03-12,S02,台中逢甲店,中區,C02,零食,106,50.8,0,0,1,378,6.7
2024-03-13,S02,台中逢甲店,中區,C02,零食,85,54.7,0,0,2,223,5.8
2024-03-14,S02,台中逢甲店,中區,C02,零食,102,50.3,0,0,3,374,6.8
2024-03-15,S02,台中逢甲店,中區,C02,零食,103,54.7,0,0,4,258,6.8
2024-03-16,S02,台中逢甲店,中區,C02,零食,130,55.3,0,1,5,240,9.7
2024-03-17,S02,台中逢甲店,中區,C02,零食,169,53.7,0,1,6,441,9.3
2024-03-18,S02,台中逢甲店,中區,C02,零食,84,55.6,0,0,0,164,5.8
2024-03-19,S02,台中逢甲店,中區,C02,零食,103,55.5,0,0,1,359,6.4
2024-03-20,S02,台中逢甲店,中區,C02,零食,94,52.6,0,0,2,175,6.8
2024-03-21,S02,台中逢甲店,中區,C02,零食,106,58.8,0,0,3,344,6.5
2024-03-22,S02,台中逢甲店,中區,C02,零食,138,56.9,0,0,4,236,7.6
2024-03-23,S02,台中逢甲店,中區,C02,零食,181,54.2,0,1,5,312,10.8
2024-03-24,S02,台中逢甲店,中區,C02,零食,152,57.1,0,1,6,335,10.0
2024-03-25,S02,台中逢甲店,中區,C02,零食,84,54.9,0,0,0,249,6.3
2024-03-26,S02,台中逢甲店,中區,C02,零食,91,53.9,0,0,1,187,6.3
2024-03-27,S02,台中逢甲店,中區,C02,零食,102,56.0,0,0,2,274,6.5
2024-03-28,S02,台中逢甲店,中區,C02,零食,89,51.5,0,0,3,184,6.0
2024-03-29,S02,台中逢甲店,中區,C02,零食,189,46.1,1,0,4,367,8.2
2024-03-30,S02,台中逢甲店,中區,C02,零食,237,44.8,1,1,5,643,12.2
2024-03-31,S02,台中逢甲店,中區,C02,零食,169,59.5,0,1,6,359,9.4
2024-04-01,S02,台中逢甲店,中區,C02,零食,91,51.4,0,0,0,158,6.2
2024-04-02,S02,台中逢甲店,中區,C02,零食,80,61.5,0,0,1,271,6.7
2024-04-03,S02,台中逢甲店,中區,C02,零食,122,53.2,0,0,2,259,7.1
2024-04-04,S02,台中逢甲店,中區,C02,零食,115,53.6,0,1,3,351,8.9
2024-04-05,S02,台中逢甲店,中區,C02,零食,123,55.3,0,1,4,351,9.2
2024-04-06,S02,台中逢甲店,中區,C02,零食,133,54.8,0,1,5,338,9.6
2024-04-07,S02,台中逢甲店,中區,C02,零食,175,51.7,0,1,6,370,10.2
2024-04-08,S02,台中逢甲店,中區,C02,零食,85,52.1,0,0,0,258,6.1
2024-04-09,S02,台中逢甲店,中區,C02,零食,110,56.1,0,0,1,259,6.7
2024-04-10,S02,台中逢甲店,中區,C02,零食,95,52.9,0,0,2,263,6.8
2024-04-11,S02,台中逢甲店,中區,C02,零食,87,54.8,0,0,3,214,6.4
2024-04-12,S02,台中逢甲店,中區,C02,零食,98,56.6,0,0,4,259,5.8
2024-04-13,S02,台中逢甲店,中區,C02,零食,174,54.3,0,1,5,437,10.2
2024-04-14,S02,台中逢甲店,中區,C02,零食,172,53.4,0,1,6,393,11.5
2024-04-15,S02,台中逢甲店,中區,C02,零食,112,57.9,0,0,0,240,5.2
2024-04-16,S02,台中逢甲店,中區,C02,零食,97,53.4,0,0,1,363,6.1
2024-04-17,S02,台中逢甲店,中區,C02,零食,100,60.9,0,0,2,361,6.3
2024-04-18,S02,台中逢甲店,中區,C02,零食,100,55.4,0,0,3,277,7.1
2024-04-19,S02,台中逢甲店,中區,C02,零食,137,57.7,0,0,4,345,7.8
2024-04-20,S02,台中逢甲店,中區,C02,零食,174,55.7,0,1,5,584,10.9
2024-04-21,S02,台中逢甲店,中區,C02,零食,168,55.6,0,1,6,488,9.8
2024-04-22,S02,台中逢甲店,中區,C02,零食,89,57.4,0,0,0,245,5.6
2024-04-23,S02,台中逢甲店,中區,C02,零食,103,60.3,0,0,1,183,7.3
2024-04-24,S02,台中逢甲店,中區,C02,零食,136,53.6,0,0,2,303,8.0
2024-04-25,S02,台中逢甲店,中區,C02,零食,148,49.3,1,0,3,468,8.1
2024-04-26,S02,台中逢甲店,中區,C02,零食,108,57.0,0,0,4,242,7.1
2024-04-27,S02,台中逢甲店,中區,C02,零食,281,43.1,1,1,5,950,13.7
2024-04-28,S02,台中逢甲店,中區,C02,零食,187,56.3,0,1,6,376,10.4
2024-04-29,S02,台中逢甲店,中區,C02,零食,90,56.0,0,0,0,276,6.0
2024-04-30,S02,台中逢甲店,中區,C02,零食,99,54.9,0,0,1,325,6.6
2024-05-01,S02,台中逢甲店,中區,C02,零食,115,56.4,0,1,2,260,8.2
2024-05-02,S02,台中逢甲店,中區,C02,零食,94,58.5,0,0,3,241,6.3
2024-05-03,S02,台中逢甲店,中區,C02,零食,192,48.0,1,0,4,361,7.8
2024-05-04,S02,台中逢甲店,中區,C02,零食,146,52.4,0,1,5,351,10.1
2024-05-05,S02,台中逢甲店,中區,C02,零食,246,49.3,1,1,6,440,12.0
2024-05-06,S02,台中逢甲店,中區,C02,零食,97,59.2,0,0,0,297,6.7
2024-05-07,S02,台中逢甲店,中區,C02,零食,113,55.5,0,0,1,233,6.4
2024-05-08,S02,台中逢甲店,中區,C02,零食,103,59.1,0,0,2,305,6.1
2024-05-09,S02,台中逢甲店,中區,C02,零食,110,52.9,0,0,3,222,6.2
2024-05-10,S02,台中逢甲店,中區,C02,零食,138,51.2,0,0,4,356,8.2
2024-05-11,S02,台中逢甲店,中區,C02,零食,170,52.2,0,1,5,529,9.7
2024-05-12,S02,台中逢甲店,中區,C02,零食,155,59.4,0,1,6,326,9.2
2024-05-13,S02,台中逢甲店,中區,C02,零食,101,55.2,0,0,0,229,6.5
2024-05-14,S02,台中逢甲店,中區,C02,零食,105,51.8,0,0,1,203,6.7
2024-05-15,S02,台中逢甲店,中區,C02,零食,128,51.1,0,0,2,229,7.1
2024-05-16,S02,台中逢甲店,中區,C02,零食,163,47.8,1,0,3,520,7.1
2024-05-17,S02,台中逢甲店,中區,C02,零食,119,50.5,0,0,4,388,6.3
2024-05-18,S02,台中逢甲店,中區,C02,零食,154,60.9,0,1,5,485,10.2
2024-05-19,S02,台中逢甲店,中區,C02,零食,180,53.6,0,1,6,509,10.9
2024-05-20,S02,台中逢甲店,中區,C02,零食,97,58.5,0,0,0,216,6.7
2024-05-21,S02,台中逢甲店,中區,C02,零食,160,40.5,1,0,1,350,8.0
2024-05-22,S02,台中逢甲店,中區,C02,零食,126,57.2,0,0,2,311,7.9
2024-05-23,S02,台中逢甲店,中區,C02,零食,128,55.1,0,0,3,322,7.5
2024-05-24,S02,台中逢甲店,中區,C02,零食,134,53.0,0,0,4,414,7.2
2024-05-25,S02,台中逢甲店,中區,C02,零食,170,57.0,0,1,5,532,10.8
2024-05-26,S02,台中逢甲店,中區,C02,零食,168,49.9,0,1,6,297,10.3
2024-05-27,S02,台中逢甲店,中區,C02,零食,103,55.5,0,0,0,311,6.9
2024-05-28,S02,台中逢甲店,中區,C02,零食,150,43.5,1,0,1,271,8.0
2024-05-29,S02,台中逢甲店,中區,C02,零食,111,49.7,0,0,2,210,6.6
2024-05-30,S02,台中逢甲店,中區,C02,零食,102,53.0,0,0,3,250,5.8
2024-05-31,S02,台中逢甲店,中區,C02,零食,138,51.6,0,0,4,447,6.8
2024-06-01,S02,台中逢甲店,中區,C02,零食,191,55.6,0,1,5,512,10.9
2024-06-02,S02,台中逢甲店,中區,C02,零食,159,55.4,0,1,6,280,10.6
2024-06-03,S02,台中逢甲店,中區,C02,零食,102,55.3,0,0,0,343,6.8
2024-06-04,S02,台中逢甲店,中區,C02,零食,146,50.5,1,0,1,518,8.0
2024-06-05,S02,台中逢甲店,中區,C02,零食,93,57.6,0,0,2,275,6.4
2024-06-06,S02,台中逢甲店,中區,C02,零食,132,55.3,0,0,3,488,8.3
2024-06-07,S02,台中逢甲店,中區,C02,零食,102,55.7,0,0,4,232,6.3
2024-06-08,S02,台中逢甲店,中區,C02,零食,181,53.1,0,1,5,397,10.5
2024-06-09,S02,台中逢甲店,中區,C02,零食,177,51.8,0,1,6,490,10.0
2024-06-10,S02,台中逢甲店,中區,C02,零食,99,54.4,0,0,0,340,7.0
2024-06-11,S02,台中逢甲店,中區,C02,零食,106,53.9,0,0,1,245,6.9
2024-06-12,S02,台中逢甲店,中區,C02,零食,100,48.6,0,0,2,211,5.7
2024-06-13,S02,台中逢甲店,中區,C02,零食,112,53.1,0,0,3,390,7.1
2024-06-14,S02,台中逢甲店,中區,C02,零食,106,56.7,0,0,4,218,7.2
2024-06-15,S02,台中逢甲店,中區,C02,零食,178,56.1,0,1,5,382,9.7
2024-06-16,S02,台中逢甲店,中區,C02,零食,193,52.0,0,1,6,339,10.2
2024-06-17,S02,台中逢甲店,中區,C02,零食,105,57.3,0,0,0,251,6.9
2024-06-18,S02,台中逢甲店,中區,C02,零食,136,53.9,0,0,1,381,6.7
2024-06-19,S02,台中逢甲店,中區,C02,零食,139,49.2,1,0,2,446,7.7
2024-06-20,S02,台中逢甲店,中區,C02,零食,114,58.6,0,0,3,303,6.5
2024-06-21,S02,台中逢甲店,中區,C02,零食,152,52.3,0,0,4,366,7.8
2024-06-22,S02,台中逢甲店,中區,C02,零食,167,53.4,0,1,5,598,10.7
2024-06-23,S02,台中逢甲店,中區,C02,零食,159,54.2,0,1,6,307,9.2
2024-06-24,S02,台中逢甲店,中區,C02,零食,118,55.8,0,0,0,269,6.9
2024-06-25,S02,台中逢甲店,中區,C02,零食,108,57.9,0,0,1,366,7.2
2024-06-26,S02,台中逢甲店,中區,C02,零食,110,57.4,0,0,2,197,6.1
2024-06-27,S02,台中逢甲店,中區,C02,零食,104,49.7,0,0,3,292,6.5
2024-06-28,S02,台中逢甲店,中區,C02,零食,108,53.5,0,0,4,228,6.3
2024-06-29,S02,台中逢甲店,中區,C02,零食,165,51.6,0,1,5,327,10.3
2024-06-30,S02,台中逢甲店,中區,C02,零食,178,56.1,0,1,6,309,9.7
2024-07-01,S02,台中逢甲店,中區,C02,零食,104,55.9,0,0,0,320,6.3
2024-07-02,S02,台中逢甲店,中區,C02,零食,114,53.1,0,0,1,202,6.5
2024-07-03,S02,台中逢甲店,中區,C02,零食,104,58.4,0,0,2,248,6.5
2024-07-04,S02,台中逢甲店,中區,C02,零食,133,52.8,0,0,3,313,6.5
2024-07-05,S02,台中逢甲店,中區,C02,零食,133,60.2,0,0,4,462,7.3
2024-07-06,S02,台中逢甲店,中區,C02,零食,289,46.9,1,1,5,879,13.3
2024-07-07,S02,台中逢甲店,中區,C02,零食,217,53.5,0,1,6,496,10.7
2024-07-08,S02,台中逢甲店,中區,C02,零食,107,51.1,0,0,0,344,7.1
2024-07-09,S02,台中逢甲店,中區,C02,零食,121,57.1,0,0,1,287,7.2
2024-07-10,S02,台中逢甲店,中區,C02,零食,109,55.7,0,0,2,264,6.7
2024-07-11,S02,台中逢甲店,中區,C02,零食,110,54.4,0,0,3,304,7.9
2024-07-12,S02,台中逢甲店,中區,C02,零食,134,55.3,0,0,4,446,7.7
2024-07-13,S02,台中逢甲店,中區,C02,零食,162,58.3,0,1,5,548,9.2
2024-07-14,S02,台中逢甲店,中區,C02,零食,300,46.3,1,1,6,588,13.9
2024-07-15,S02,台中逢甲店,中區,C02,零食,167,51.1,1,0,0,520,8.4
2024-07-16,S02,台中逢甲店,中區,C02,零食,187,41.4,1,0,1,499,9.3
2024-07-17,S02,台中逢甲店,中區,C02,零食,108,58.0,0,0,2,314,5.5
2024-07-18,S02,台中逢甲店,中區,C02,零食,122,53.8,0,0,3,302,7.4
2024-07-19,S02,台中逢甲店,中區,C02,零食,119,58.1,0,0,4,323,6.8
2024-07-20,S02,台中逢甲店,中區,C02,零食,170,52.3,0,1,5,491,9.7
2024-07-21,S02,台中逢甲店,中區,C02,零食,186,55.0,0,1,6,565,10.7
2024-07-22,S02,台中逢甲店,中區,C02,零食,114,56.2,0,0,0,261,6.6
2024-07-23,S02,台中逢甲店,中區,C02,零食,119,52.1,0,0,1,307,7.0
2024-07-24,S02,台中逢甲店,中區,C02,零食,210,47.3,1,0,2,553,9.9
2024-07-25,S02,台中逢甲店,中區,C02,零食,134,51.2,0,0,3,221,7.0
2024-07-26,S02,台中逢甲店,中區,C02,零食,117,51.1,0,0,4,235,7.2
2024-07-27,S02,台中逢甲店,中區,C02,零食,215,50.9,0,1,5,611,11.2
2024-07-28,S02,台中逢甲店,中區,C02,零食,208,56.2,0,1,6,721,10.9
2024-07-29,S02,台中逢甲店,中區,C02,零食,102,58.5,0,0,0,256,6.4
2024-07-30,S02,台中逢甲店,中區,C02,零食,110,56.5,0,0,1,380,7.0
2024-07-31,S02,台中逢甲店,中區,C02,零食,113,55.1,0,0,2,336,6.3
2024-08-01,S02,台中逢甲店,中區,C02,零食,106,53.7,0,0,3,199,7.1
2024-08-02,S02,台中逢甲店,中區,C02,零食,130,56.1,0,0,4,265,8.8
2024-08-03,S02,台中逢甲店,中區,C02,零食,160,55.6,0,1,5,548,10.9
2024-08-04,S02,台中逢甲店,中區,C02,零食,165,54.6,0,1,6,415,9.7
2024-08-05,S02,台中逢甲店,中區,C02,零食,94,55.8,0,0,0,163,6.4
2024-08-06,S02,台中逢甲店,中區,C02,零食,193,42.8,1,0,1,427,9.4
2024-08-07,S02,台中逢甲店,中區,C02,零食,103,53.1,0,0,2,251,6.9
2024-08-08,S02,台中逢甲店,中區,C02,零食,116,56.5,0,0,3,361,5.6
2024-08-09,S02,台中逢甲店,中區,C02,零食,139,50.0,0,0,4,328,8.1
2024-08-10,S02,台中逢甲店,中區,C02,零食,188,55.2,0,1,5,425,10.2
2024-08-11,S02,台中逢甲店,中區,C02,零食,172,50.7,0,1,6,591,9.6
2024-08-12,S02,台中逢甲店,中區,C02,零食,98,52.7,0,0,0,337,6.6
2024-08-13,S02,台中逢甲店,中區,C02,零食,102,54.0,0,0,1,273,7.0
2024-08-14,S02,台中逢甲店,中區,C02,零食,155,43.3,1,0,2,527,8.0
2024-08-15,S02,台中逢甲店,中區,C02,零食,112,59.1,0,0,3,406,6.3
2024-08-16,S02,台中逢甲店,中區,C02,零食,122,52.6,0,0,4,274,7.0
2024-08-17,S02,台中逢甲店,中區,C02,零食,163,55.9,0,1,5,422,10.4
2024-08-18,S02,台中逢甲店,中區,C02,零食,267,44.7,1,1,6,419,13.4
2024-08-19,S02,台中逢甲店,中區,C02,零食,102,54.2,0,0,0,377,6.2
2024-08-20,S02,台中逢甲店,中區,C02,零食,117,51.9,0,0,1,242,7.1
2024-08-21,S02,台中逢甲店,中區,C02,零食,127,51.6,0,0,2,421,7.6
2024-08-22,S02,台中逢甲店,中區,C02,零食,141,48.4,0,0,3,375,7.2
2024-08-23,S02,台中逢甲店,中區,C02,零食,158,50.3,1,0,4,548,7.6
2024-08-24,S02,台中逢甲店,中區,C02,零食,167,51.6,0,1,5,485,10.4
2024-08-25,S02,台中逢甲店,中區,C02,零食,167,58.1,0,1,6,393,9.7
2024-08-26,S02,台中逢甲店,中區,C02,零食,114,54.4,0,0,0,232,7.0
2024-08-27,S02,台中逢甲店,中區,C02,零食,185,48.6,1,0,1,364,7.8
2024-08-28,S02,台中逢甲店,中區,C02,零食,122,56.4,0,0,2,256,5.9
2024-08-29,S02,台中逢甲店,中區,C02,零食,126,54.6,0,0,3,415,6.0
2024-08-30,S02,台中逢甲店,中區,C02,零食,108,57.9,0,0,4,315,6.1
2024-08-31,S02,台中逢甲店,中區,C02,零食,185,51.9,0,1,5,430,10.6
2024-09-01,S02,台中逢甲店,中區,C02,零食,273,48.0,1,1,6,929,13.7
2024-09-02,S02,台中逢甲店,中區,C02,零食,146,46.0,1,0,0,416,7.6
2024-09-03,S02,台中逢甲店,中區,C02,零食,99,59.1,0,0,1,329,6.5
2024-09-04,S02,台中逢甲店,中區,C02,零食,93,53.4,0,0,2,204,6.3
2024-09-05,S02,台中逢甲店,中區,C02,零食,99,57.5,0,0,3,317,5.9
2024-09-06,S02,台中逢甲店,中區,C02,零食,102,57.7,0,0,4,173,6.3
2024-09-07,S02,台中逢甲店,中區,C02,零食,181,57.3,0,1,5,323,10.8
2024-09-08,S02,台中逢甲店,中區,C02,零食,182,52.1,0,1,6,617,10.9
2024-09-09,S02,台中逢甲店,中區,C02,零食,77,53.0,0,0,0,140,5.2
2024-09-10,S02,台中逢甲店,中區,C02,零食,111,51.8,0,0,1,392,7.0
2024-09-11,S02,台中逢甲店,中區,C02,零食,86,52.8,0,0,2,301,6.5
2024-09-12,S02,台中逢甲店,中區,C02,零食,95,54.5,0,0,3,226,6.3
2024-09-13,S02,台中逢甲店,中區,C02,零食,101,57.1,0,0,4,202,6.5
2024-09-14,S02,台中逢甲店,中區,C02,零食,161,55.5,0,1,5,288,10.5
2024-09-15,S02,台中逢甲店,中區,C02,零食,179,59.4,0,1,6,546,9.8
2024-09-16,S02,台中逢甲店,中區,C02,零食,106,52.7,0,0,0,270,7.2
2024-09-17,S02,台中逢甲店,中區,C02,零食,99,59.5,0,0,1,191,6.9
2024-09-18,S02,台中逢甲店,中區,C02,零食,87,54.3,0,0,2,165,6.4
2024-09-19,S02,台中逢甲店,中區,C02,零食,111,55.6,0,0,3,346,7.1
2024-09-20,S02,台中逢甲店,中區,C02,零食,113,58.9,0,0,4,212,7.1
2024-09-21,S02,台中逢甲店,中區,C02,零食,157,59.0,0,1,5,569,10.1
2024-09-22,S02,台中逢甲店,中區,C02,零食,166,54.4,0,1,6,402,10.6
2024-09-23,S02,台中逢甲店,中區,C02,零食,86,54.0,0,0,0,294,6.3
2024-09-24,S02,台中逢甲店,中區,C02,零食,104,57.9,0,0,1,179,6.8
2024-09-25,S02,台中逢甲店,中區,C02,零食,108,57.1,0,0,2,260,5.7
2024-09-26,S02,台中逢甲店,中區,C02,零食,86,52.0,0,0,3,265,7.5
2024-09-27,S02,台中逢甲店,中區,C02,零食,120,52.2,0,0,4,407,6.9
2024-09-28,S02,台中逢甲店,中區,C02,零食,167,57.5,0,1,5,350,9.6
2024-09-29,S02,台中逢甲店,中區,C02,零食,153,56.2,0,1,6,527,8.8
2024-09-30,S02,台中逢甲店,中區,C02,零食,103,50.4,0,0,0,215,5.6
2024-10-01,S02,台中逢甲店,中區,C02,零食,141,47.4,1,0,1,262,7.5
2024-10-02,S02,台中逢甲店,中區,C02,零食,118,50.8,1,0,2,407,7.2
2024-10-03,S02,台中逢甲店,中區,C02,零食,116,60.7,0,0,3,330,6.4
2024-10-04,S02,台中逢甲店,中區,C02,零食,111,58.9,0,0,4,382,6.9
2024-10-05,S02,台中逢甲店,中區,C02,零食,174,52.7,0,1,5,321,9.7
2024-10-06,S02,台中逢甲店,中區,C02,零食,175,49.5,0,1,6,320,10.2
2024-10-07,S02,台中逢甲店,中區,C02,零食,90,55.8,0,0,0,321,6.4
2024-10-08,S02,台中逢甲店,中區,C02,零食,152,46.7,1,0,1,531,7.4
2024-10-09,S02,台中逢甲店,中區,C02,零食,86,56.2,0,0,2,222,6.7
2024-10-10,S02,台中逢甲店,中區,C02,零食,192,51.2,1,1,3,372,11.1
2024-10-11,S02,台中逢甲店,中區,C02,零食,95,55.6,0,0,4,187,6.9
2024-10-12,S02,台中逢甲店,中區,C02,零食,164,61.0,0,1,5,323,9.3
2024-10-13,S02,台中逢甲店,中區,C02,零食,161,60.5,0,1,6,323,10.5
2024-10-14,S02,台中逢甲店,中區,C02,零食,101,56.2,0,0,0,320,6.3
2024-10-15,S02,台中逢甲店,中區,C02,零食,92,55.6,0,0,1,283,5.8
2024-10-16,S02,台中逢甲店,中區,C02,零食,101,56.5,0,0,2,296,6.8
2024-10-17,S02,台中逢甲店,中區,C02,零食,86,54.3,0,0,3,304,5.8
2024-10-18,S02,台中逢甲店,中區,C02,零食,115,53.8,0,0,4,393,7.6
2024-10-19,S02,台中逢甲店,中區,C02,零食,174,52.8,0,1,5,316,11.1
2024-10-20,S02,台中逢甲店,中區,C02,零食,243,47.7,1,1,6,589,12.9
2024-10-21,S02,台中逢甲店,中區,C02,零食,111,53.7,0,0,0,251,6.6
2024-10-22,S02,台中逢甲店,中區,C02,零食,90,57.6,0,0,1,312,6.8
2024-10-23,S02,台中逢甲店,中區,C02,零食,96,59.3,0,0,2,201,5.8
2024-10-24,S02,台中逢甲店,中區,C02,零食,112,52.4,0,0,3,263,6.6
2024-10-25,S02,台中逢甲店,中區,C02,零食,99,53.6,0,0,4,301,6.4
2024-10-26,S02,台中逢甲店,中區,C02,零食,182,50.4,0,1,5,428,9.9
2024-10-27,S02,台中逢甲店,中區,C02,零食,140,53.2,0,1,6,428,9.6
2024-10-28,S02,台中逢甲店,中區,C02,零食,68,55.4,0,0,0,182,5.6
2024-10-29,S02,台中逢甲店,中區,C02,零食,103,51.0,0,0,1,257,6.5
2024-10-30,S02,台中逢甲店,中區,C02,零食,102,57.2,0,0,2,214,6.9
2024-10-31,S02,台中逢甲店,中區,C02,零食,85,54.5,0,0,3,286,6.2
2024-11-01,S02,台中逢甲店,中區,C02,零食,92,49.9,0,0,4,274,6.7
2024-11-02,S02,台中逢甲店,中區,C02,零食,155,54.7,0,1,5,374,10.0
2024-11-03,S02,台中逢甲店,中區,C02,零食,146,56.1,0,1,6,385,9.4
2024-11-04,S02,台中逢甲店,中區,C02,零食,81,58.2,0,0,0,158,6.0
2024-11-05,S02,台中逢甲店,中區,C02,零食,112,52.0,0,0,1,226,6.8
2024-11-06,S02,台中逢甲店,中區,C02,零食,117,44.4,1,0,2,392,6.4
2024-11-07,S02,台中逢甲店,中區,C02,零食,141,46.0,1,0,3,377,6.8
2024-11-08,S02,台中逢甲店,中區,C02,零食,76,58.7,0,0,4,208,5.6
2024-11-09,S02,台中逢甲店,中區,C02,零食,166,50.8,0,1,5,289,10.5
2024-11-10,S02,台中逢甲店,中區,C02,零食,135,53.4,0,1,6,367,9.3
2024-11-11,S02,台中逢甲店,中區,C02,零食,82,56.6,0,0,0,262,5.3
2024-11-12,S02,台中逢甲店,中區,C02,零食,90,56.9,0,0,1,277,6.3
2024-11-13,S02,台中逢甲店,中區,C02,零食,86,52.8,0,0,2,319,6.3
2024-11-14,S02,台中逢甲店,中區,C02,零食,98,59.5,0,0,3,352,6.6
2024-11-15,S02,台中逢甲店,中區,C02,零食,85,60.4,0,0,4,287,5.3
2024-11-16,S02,台中逢甲店,中區,C02,零食,157,58.7,0,1,5,470,9.1
2024-11-17,S02,台中逢甲店,中區,C02,零食,140,56.5,0,1,6,254,9.8
2024-11-18,S02,台中逢甲店,中區,C02,零食,89,55.4,0,0,0,192,5.3
2024-11-19,S02,台中逢甲店,中區,C02,零食,85,61.9,0,0,1,271,7.2
2024-11-20,S02,台中逢甲店,中區,C02,零食,85,49.4,0,0,2,165,6.8
2024-11-21,S02,台中逢甲店,中區,C02,零食,92,56.0,0,0,3,229,6.5
2024-11-22,S02,台中逢甲店,中區,C02,零食,107,54.7,0,0,4,308,7.5
2024-11-23,S02,台中逢甲店,中區,C02,零食,126,56.9,0,1,5,444,9.8
2024-11-24,S02,台中逢甲店,中區,C02,零食,142,56.0,0,1,6,359,9.5
2024-11-25,S02,台中逢甲店,中區,C02,零食,85,58.4,0,0,0,202,5.6
2024-11-26,S02,台中逢甲店,中區,C02,零食,92,50.6,0,0,1,314,7.0
2024-11-27,S02,台中逢甲店,中區,C02,零食,77,57.2,0,0,2,221,5.9
2024-11-28,S02,台中逢甲店,中區,C02,零食,96,54.6,0,0,3,217,5.9
2024-11-29,S02,台中逢甲店,中區,C02,零食,106,54.1,0,0,4,379,6.7
2024-11-30,S02,台中逢甲店,中區,C02,零食,130,56.9,0,1,5,461,9.1
2024-12-01,S02,台中逢甲店,中區,C02,零食,177,58.6,0,1,6,397,10.1
2024-12-02,S02,台中逢甲店,中區,C02,零食,92,53.9,0,0,0,333,6.2
2024-12-03,S02,台中逢甲店,中區,C02,零食,117,50.3,0,0,1,419,7.3
2024-12-04,S02,台中逢甲店,中區,C02,零食,119,52.8,0,0,2,369,5.8
2024-12-05,S02,台中逢甲店,中區,C02,零食,100,54.2,0,0,3,285,5.6
2024-12-06,S02,台中逢甲店,中區,C02,零食,123,59.2,0,0,4,257,6.2
2024-12-07,S02,台中逢甲店,中區,C02,零食,186,52.8,0,1,5,521,10.5
2024-12-08,S02,台中逢甲店,中區,C02,零食,269,44.5,1,1,6,482,12.9
2024-12-09,S02,台中逢甲店,中區,C02,零食,92,49.7,0,0,0,259,6.7
2024-12-10,S02,台中逢甲店,中區,C02,零食,95,50.9,0,0,1,331,7.4
2024-12-11,S02,台中逢甲店,中區,C02,零食,155,44.9,1,0,2,337,8.1
2024-12-12,S02,台中逢甲店,中區,C02,零食,95,56.5,0,0,3,312,6.7
2024-12-13,S02,台中逢甲店,中區,C02,零食,125,57.7,0,0,4,336,7.1
2024-12-14,S02,台中逢甲店,中區,C02,零食,156,55.1,0,1,5,294,9.6
2024-12-15,S02,台中逢甲店,中區,C02,零食,160,55.2,0,1,6,440,10.0
2024-12-16,S02,台中逢甲店,中區,C02,零食,110,54.6,0,0,0,276,6.4
2024-12-17,S02,台中逢甲店,中區,C02,零食,166,44.4,1,0,1,549,7.9
2024-12-18,S02,台中逢甲店,中區,C02,零食,109,52.3,0,0,2,266,6.3
2024-12-19,S02,台中逢甲店,中區,C02,零食,117,56.5,0,0,3,235,6.8
2024-12-20,S02,台中逢甲店,中區,C02,零食,127,56.7,0,0,4,351,7.7
2024-12-21,S02,台中逢甲店,中區,C02,零食,189,53.2,0,1,5,543,11.3
2024-12-22,S02,台中逢甲店,中區,C02,零食,165,54.9,0,1,6,276,10.0
2024-12-23,S02,台中逢甲店,中區,C02,零食,132,46.3,1,0,0,427,7.4
2024-12-24,S02,台中逢甲店,中區,C02,零食,101,54.4,0,0,1,341,7.3
2024-12-25,S02,台中逢甲店,中區,C02,零食,118,55.4,0,1,2,359,8.8
2024-12-26,S02,台中逢甲店,中區,C02,零食,158,51.8,1,0,3,522,7.6
2024-12-27,S02,台中逢甲店,中區,C02,零食,139,51.5,0,0,4,350,7.7
2024-12-28,S02,台中逢甲店,中區,C02,零食,168,58.7,0,1,5,565,11.1
2024-12-29,S02,台中逢甲店,中區,C02,零食,179,51.9,0,1,6,505,10.3
2024-12-30,S02,台中逢甲店,中區,C02,零食,148,41.8,1,0,0,407,7.6
2023-01-01,S02,台中逢甲店,中區,C03,鮮食,104,84.6,0,1,6,329,8.5
2023-01-02,S02,台中逢甲店,中區,C03,鮮食,60,76.8,0,0,0,134,4.5
2023-01-03,S02,台中逢甲店,中區,C03,鮮食,59,85.9,0,0,1,215,6.6
2023-01-04,S02,台中逢甲店,中區,C03,鮮食,61,80.8,0,0,2,198,5.8
2023-01-05,S02,台中逢甲店,中區,C03,鮮食,50,77.9,0,0,3,185,4.9
2023-01-06,S02,台中逢甲店,中區,C03,鮮食,59,82.1,0,0,4,176,6.1
2023-01-07,S02,台中逢甲店,中區,C03,鮮食,107,89.7,0,1,5,208,8.9
2023-01-08,S02,台中逢甲店,中區,C03,鮮食,89,74.6,0,1,6,274,9.0
2023-01-09,S02,台中逢甲店,中區,C03,鮮食,50,78.9,0,0,0,122,4.5
2023-01-10,S02,台中逢甲店,中區,C03,鮮食,71,81.8,0,0,1,266,4.9
2023-01-11,S02,台中逢甲店,中區,C03,鮮食,65,83.9,0,0,2,174,6.1
2023-01-12,S02,台中逢甲店,中區,C03,鮮食,65,80.8,0,0,3,159,6.2
2023-01-13,S02,台中逢甲店,中區,C03,鮮食,97,68.1,1,0,4,333,6.2
2023-01-14,S02,台中逢甲店,中區,C03,鮮食,132,64.8,1,1,5,490,9.4
2023-01-15,S02,台中逢甲店,中區,C03,鮮食,103,84.1,0,1,6,307,9.4
2023-01-16,S02,台中逢甲店,中區,C03,鮮食,74,88.7,0,0,0,136,5.7
2023-01-17,S02,台中逢甲店,中區,C03,鮮食,60,77.0,0,0,1,137,6.1
2023-01-18,S02,台中逢甲店,中區,C03,鮮食,80,68.5,1,0,2,159,5.9
2023-01-19,S02,台中逢甲店,中區,C03,鮮食,79,77.5,0,0,3,229,6.9
2023-01-20,S02,台中逢甲店,中區,C03,鮮食,80,82.7,0,0,4,146,6.2
2023-01-21,S02,台中逢甲店,中區,C03,鮮食,113,72.9,0,1,5,362,9.6
2023-01-22,S02,台中逢甲店,中區,C03,鮮食,111,84.7,0,1,6,389,9.3
2023-01-23,S02,台中逢甲店,中區,C03,鮮食,52,79.0,0,0,0,112,4.7
2023-01-24,S02,台中逢甲店,中區,C03,鮮食,69,68.5,1,0,1,184,6.1
2023-01-25,S02,台中逢甲店,中區,C03,鮮食,77,81.5,0,0,2,211,6.5
2023-01-26,S02,台中逢甲店,中區,C03,鮮食,64,84.6,0,0,3,233,5.8
2023-01-27,S02,台中逢甲店,中區,C03,鮮食,47,82.5,0,0,4,160,5.4
2023-01-28,S02,台中逢甲店,中區,C03,鮮食,118,85.5,0,1,5,278,7.8
2023-01-29,S02,台中逢甲店,中區,C03,鮮食,99,78.9,0,1,6,217,8.7
2023-01-30,S02,台中逢甲店,中區,C03,鮮食,66,73.3,0,0,0,243,5.2
2023-01-31,S02,台中逢甲店,中區,C03,鮮食,56,81.8,0,0,1,151,5.6
2023-02-01,S02,台中逢甲店,中區,C03,鮮食,71,79.4,0,0,2,263,5.4
2023-02-02,S02,台中逢甲店,中區,C03,鮮食,50,83.0,0,0,3,127,5.1
2023-02-03,S02,台中逢甲店,中區,C03,鮮食,69,87.8,0,0,4,230,5.7
2023-02-04,S02,台中逢甲店,中區,C03,鮮食,134,87.3,0,1,5,230,9.1
2023-02-05,S02,台中逢甲店,中區,C03,鮮食,98,83.9,0,1,6,282,8.4
2023-02-06,S02,台中逢甲店,中區,C03,鮮食,51,76.1,0,0,0,173,5.6
2023-02-07,S02,台中逢甲店,中區,C03,鮮食,78,74.8,0,0,1,207,6.6
2023-02-08,S02,台中逢甲店,中區,C03,鮮食,51,78.8,0,0,2,120,5.5
2023-02-09,S02,台中逢甲店,中區,C03,鮮食,78,65.8,1,0,3,263,5.3
2023-02-10,S02,台中逢甲店,中區,C03,鮮食,79,76.5,0,0,4,275,6.4
2023-02-11,S02,台中逢甲店,中區,C03,鮮食,137,76.6,0,1,5,409,8.8
2023-02-12,S02,台中逢甲店,中區,C03,鮮食,120,77.7,0,1,6,332,8.1
2023-02-13,S02,台中逢甲店,中區,C03,鮮食,71,79.8,0,0,0,208,6.0
2023-02-14,S02,台中逢甲店,中區,C03,鮮食,67,79.1,0,0,1,203,6.1
2023-02-15,S02,台中逢甲店,中區,C03,鮮食,78,72.5,0,0,2,220,6.0
2023-02-16,S02,台中逢甲店,中區,C03,鮮食,52,86.0,0,0,3,112,4.7
2023-02-17,S02,台中逢甲店,中區,C03,鮮食,70,79.0,0,0,4,238,6.1
2023-02-18,S02,台中逢甲店,中區,C03,鮮食,104,76.8,0,1,5,273,9.3
2023-02-19,S02,台中逢甲店,中區,C03,鮮食,107,73.2,1,1,6,216,9.5
2023-02-20,S02,台中逢甲店,中區,C03,鮮食,64,76.9,0,0,0,201,5.1
2023-02-21,S02,台中逢甲店,中區,C03,鮮食,82,75.4,0,0,1,283,6.1
2023-02-22,S02,台中逢甲店,中區,C03,鮮食,80,81.7,0,0,2,240,6.0
2023-02-23,S02,台中逢甲店,中區,C03,鮮食,70,75.9,0,0,3,219,6.4
2023-02-24,S02,台中逢甲店,中區,C03,鮮食,103,67.2,1,0,4,269,6.7
2023-02-25,S02,台中逢甲店,中區,C03,鮮食,124,75.5,0,1,5,363,9.9
2023-02-26,S02,台中逢甲店,中區,C03,鮮食,127,74.2,0,1,6,418,8.7
2023-02-27,S02,台中逢甲店,中區,C03,鮮食,73,77.4,0,0,0,174,5.8
2023-02-28,S02,台中逢甲店,中區,C03,鮮食,80,79.3,0,1,1,170,7.9
2023-03-01,S02,台中逢甲店,中區,C03,鮮食,80,81.0,0,0,2,227,6.1
2023-03-02,S02,台中逢甲店,中區,C03,鮮食,77,74.2,0,0,3,201,6.2
2023-03-03,S02,台中逢甲店,中區,C03,鮮食,82,83.2,0,0,4,292,6.0
2023-03-04,S02,台中逢甲店,中區,C03,鮮食,81,83.8,0,1,5,183,7.0
2023-03-05,S02,台中逢甲店,中區,C03,鮮食,119,75.6,0,1,6,268,9.5
2023-03-06,S02,台中逢甲店,中區,C03,鮮食,62,88.8,0,0,0,220,5.6
2023-03-07,S02,台中逢甲店,中區,C03,鮮食,80,71.6,0,0,1,190,5.8
2023-03-08,S02,台中逢甲店,中區,C03,鮮食,75,81.0,0,0,2,227,6.1
2023-03-09,S02,台中逢甲店,中區,C03,鮮食,69,74.1,0,0,3,255,6.1
2023-03-10,S02,台中逢甲店,中區,C03,鮮食,78,81.8,0,0,4,199,6.6
2023-03-11,S02,台中逢甲店,中區,C03,鮮食,109,81.0,0,1,5,317,8.3
2023-03-12,S02,台中逢甲店,中區,C03,鮮食,121,81.0,0,1,6,291,9.3
2023-03-13,S02,台中逢甲店,中區,C03,鮮食,81,79.4,0,0,0,210,6.9
2023-03-14,S02,台中逢甲店,中區,C03,鮮食,65,79.3,0,0,1,206,6.6
2023-03-15,S02,台中逢甲店,中區,C03,鮮食,71,82.3,0,0,2,130,5.9
2023-03-16,S02,台中逢甲店,中區,C03,鮮食,75,84.0,0,0,3,165,6.2
2023-03-17,S02,台中逢甲店,中區,C03,鮮食,85,79.0,0,0,4,273,6.3
2023-03-18,S02,台中逢甲店,中區,C03,鮮食,178,64.5,1,1,5,572,10.1
2023-03-19,S02,台中逢甲店,中區,C03,鮮食,126,84.1,0,1,6,432,8.6
2023-03-20,S02,台中逢甲店,中區,C03,鮮食,64,76.6,0,0,0,137,6.2
2023-03-21,S02,台中逢甲店,中區,C03,鮮食,69,78.4,0,0,1,170,5.4
2023-03-22,S02,台中逢甲店,中區,C03,鮮食,73,79.9,0,0,2,233,5.8
2023-03-23,S02,台中逢甲店,中區,C03,鮮食,75,81.7,0,0,3,197,6.4
2023-03-24,S02,台中逢甲店,中區,C03,鮮食,97,75.9,0,0,4,236,5.8
2023-03-25,S02,台中逢甲店,中區,C03,鮮食,139,77.1,0,1,5,260,10.3
2023-03-26,S02,台中逢甲店,中區,C03,鮮食,127,86.7,0,1,6,353,8.9
2023-03-27,S02,台中逢甲店,中區,C03,鮮食,93,63.5,1,0,0,256,6.4
2023-03-28,S02,台中逢甲店,中區,C03,鮮食,67,72.9,0,0,1,188,5.0
2023-03-29,S02,台中逢甲店,中區,C03,鮮食,99,73.5,1,0,2,310,6.0
2023-03-30,S02,台中逢甲店,中區,C03,鮮食,63,79.6,0,0,3,186,6.0
2023-03-31,S02,台中逢甲店,中區,C03,鮮食,71,87.4,0,0,4,253,5.7
2023-04-01,S02,台中逢甲店,中區,C03,鮮食,128,86.0,0,1,5,306,8.9
2023-04-02,S02,台中逢甲店,中區,C03,鮮食,119,85.4,0,1,6,407,8.5
2023-04-03,S02,台中逢甲店,中區,C03,鮮食,86,64.0,1,0,0,273,6.0
2023-04-04,S02,台中逢甲店,中區,C03,鮮食,128,67.2,1,1,1,406,9.1
2023-04-05,S02,台中逢甲店,中區,C03,鮮食,111,71.2,0,1,2,260,8.4
2023-04-06,S02,台中逢甲店,中區,C03,鮮食,87,80.3,0,0,3,189,5.9
2023-04-07,S02,台中逢甲店,中區,C03,鮮食,95,84.7,0,0,4,291,7.0
2023-04-08,S02,台中逢甲店,中區,C03,鮮食,123,70.7,0,1,5,370,9.2
2023-04-09,S02,台中逢甲店,中區,C03,鮮食,164,67.1,1,1,6,510,9.1
2023-04-10,S02,台中逢甲店,中區,C03,鮮食,88,75.5,0,0,0,186,5.7
2023-04-11,S02,台中逢甲店,中區,C03,鮮食,63,85.1,0,0,1,187,5.9
2023-04-12,S02,台中逢甲店,中區,C03,鮮食,65,84.6,0,0,2,197,5.8
2023-04-13,S02,台中逢甲店,中區,C03,鮮食,66,82.8,0,0,3,169,5.3
2023-04-14,S02,台中逢甲店,中區,C03,鮮食,108,69.2,1,0,4,314,7.2
2023-04-15,S02,台中逢甲店,中區,C03,鮮食,117,80.3,0,1,5,409,8.5
2023-04-16,S02,台中逢甲店,中區,C03,鮮食,139,84.0,0,1,6,374,9.4
2023-04-17,S02,台中逢甲店,中區,C03,鮮食,56,80.7,0,0,0,129,5.4
2023-04-18,S02,台中逢甲店,中區,C03,鮮食,86,83.7,0,0,1,190,5.9
2023-04-19,S02,台中逢甲店,中區,C03,鮮食,94,84.0,0,0,2,283,6.7
2023-04-20,S02,台中逢甲店,中區,C03,鮮食,95,81.7,0,0,3,311,6.7
2023-04-21,S02,台中逢甲店,中區,C03,鮮食,91,81.8,0,0,4,178,5.9
2023-04-22,S02,台中逢甲店,中區,C03,鮮食,119,77.0,0,1,5,252,9.1
2023-04-23,S02,台中逢甲店,中區,C03,鮮食,133,82.0,0,1,6,233,8.9
2023-04-24,S02,台中逢甲店,中區,C03,鮮食,83,76.1,1,0,0,155,6.4
2023-04-25,S02,台中逢甲店,中區,C03,鮮食,92,80.7,0,0,1,197,6.1
2023-04-26,S02,台中逢甲店,中區,C03,鮮食,86,83.1,0,0,2,207,6.9
2023-04-27,S02,台中逢甲店,中區,C03,鮮食,95,73.3,1,0,3,299,6.5
2023-04-28,S02,台中逢甲店,中區,C03,鮮食,97,76.5,0,0,4,323,5.4
2023-04-29,S02,台中逢甲店,中區,C03,鮮食,172,67.4,1,1,5,575,9.4
2023-04-30,S02,台中逢甲店,中區,C03,鮮食,142,79.3,0,1,6,288,10.2
2023-05-01,S02,台中逢甲店,中區,C03,鮮食,99,83.4,0,1,0,338,7.5
2023-05-02,S02,台中逢甲店,中區,C03,鮮食,78,82.7,0,0,1,221,5.8
2023-05-03,S02,台中逢甲店,中區,C03,鮮食,103,68.4,1,0,2,258,6.1
2023-05-04,S02,台中逢甲店,中區,C03,鮮食,78,70.9,0,0,3,257,5.9
2023-05-05,S02,台中逢甲店,中區,C03,鮮食,92,75.9,0,0,4,326,6.4
2023-05-06,S02,台中逢甲店,中區,C03,鮮食,154,80.9,0,1,5,391,9.6
2023-05-07,S02,台中逢甲店,中區,C03,鮮食,140,73.3,0,1,6,244,9.5
2023-05-08,S02,台中逢甲店,中區,C03,鮮食,82,74.9,0,0,0,180,6.2
2023-05-09,S02,台中逢甲店,中區,C03,鮮食,80,74.7,0,0,1,251,5.6
2023-05-10,S02,台中逢甲店,中區,C03,鮮食,93,90.4,0,0,2,317,6.6
2023-05-11,S02,台中逢甲店,中區,C03,鮮食,90,85.9,0,0,3,181,6.6
2023-05-12,S02,台中逢甲店,中區,C03,鮮食,96,84.0,0,0,4,275,6.0
2023-05-13,S02,台中逢甲店,中區,C03,鮮食,132,83.5,0,1,5,404,8.9
2023-05-14,S02,台中逢甲店,中區,C03,鮮食,126,82.1,0,1,6,295,9.5
2023-05-15,S02,台中逢甲店,中區,C03,鮮食,81,84.4,0,0,0,259,5.6
2023-05-16,S02,台中逢甲店,中區,C03,鮮食,91,85.9,0,0,1,318,6.3
2023-05-17,S02,台中逢甲店,中區,C03,鮮食,92,77.8,0,0,2,176,6.2
2023-05-18,S02,台中逢甲店,中區,C03,鮮食,80,72.7,0,0,3,161,5.9
2023-05-19,S02,台中逢甲店,中區,C03,鮮食,104,79.3,0,0,4,202,6.8
2023-05-20,S02,台中逢甲店,中區,C03,鮮食,143,79.2,0,1,5,278,9.6
2023-05-21,S02,台中逢甲店,中區,C03,鮮食,151,81.6,0,1,6,449,9.1
2023-05-22,S02,台中逢甲店,中區,C03,鮮食,79,76.0,0,0,0,220,6.3
2023-05-23,S02,台中逢甲店,中區,C03,鮮食,77,79.6,0,0,1,198,5.5
2023-05-24,S02,台中逢甲店,中區,C03,鮮食,96,77.4,0,0,2,327,6.7
2023-05-25,S02,台中逢甲店,中區,C03,鮮食,80,77.8,0,0,3,274,5.9
2023-05-26,S02,台中逢甲店,中區,C03,鮮食,90,80.2,0,0,4,201,5.3
2023-05-27,S02,台中逢甲店,中區,C03,鮮食,128,80.5,0,1,5,389,7.9
2023-05-28,S02,台中逢甲店,中區,C03,鮮食,123,83.2,0,1,6,400,9.0
2023-05-29,S02,台中逢甲店,中區,C03,鮮食,68,79.7,0,0,0,238,5.6
2023-05-30,S02,台中逢甲店,中區,C03,鮮食,73,81.9,0,0,1,195,6.8
2023-05-31,S02,台中逢甲店,中區,C03,鮮食,103,80.8,0,0,2,281,7.0
2023-06-01,S02,台中逢甲店,中區,C03,鮮食,85,79.4,0,0,3,244,5.3
2023-06-02,S02,台中逢甲店,中區,C03,鮮食,99,79.0,0,0,4,288,7.0
2023-06-03,S02,台中逢甲店,中區,C03,鮮食,136,82.4,0,1,5,360,9.3
2023-06-04,S02,台中逢甲店,中區,C03,鮮食,205,67.0,1,1,6,589,11.2
2023-06-05,S02,台中逢甲店,中區,C03,鮮食,78,82.3,0,0,0,158,6.0
2023-06-06,S02,台中逢甲店,中區,C03,鮮食,94,81.9,0,0,1,178,6.3
2023-06-07,S02,台中逢甲店,中區,C03,鮮食,112,67.7,1,0,2,314,6.7
2023-06-08,S02,台中逢甲店,中區,C03,鮮食,93,78.4,0,0,3,261,5.9
2023-06-09,S02,台中逢甲店,中區,C03,鮮食,89,80.6,0,0,4,197,6.2
2023-06-10,S02,台中逢甲店,中區,C03,鮮食,163,75.8,0,1,5,429,10.1
2023-06-11,S02,台中逢甲店,中區,C03,鮮食,131,81.4,0,1,6,463,8.4
2023-06-12,S02,台中逢甲店,中區,C03,鮮食,68,85.1,0,0,0,116,5.7
2023-06-13,S02,台中逢甲店,中區,C03,鮮食,78,70.9,0,0,1,273,6.2
2023-06-14,S02,台中逢甲店,中區,C03,鮮食,74,81.5,0,0,2,245,6.0
2023-06-15,S02,台中逢甲店,中區,C03,鮮食,86,81.5,0,0,3,149,6.1
2023-06-16,S02,台中逢甲店,中區,C03,鮮食,104,78.7,0,0,4,344,6.9
2023-06-17,S02,台中逢甲店,中區,C03,鮮食,147,82.6,0,1,5,476,9.6
2023-06-18,S02,台中逢甲店,中區,C03,鮮食,216,75.3,1,1,6,352,10.8
2023-06-19,S02,台中逢甲店,中區,C03,鮮食,81,79.8,0,0,0,144,5.1
2023-06-20,S02,台中逢甲店,中區,C03,鮮食,86,78.1,0,0,1,244,6.6
2023-06-21,S02,台中逢甲店,中區,C03,鮮食,95,81.1,0,0,2,337,6.4
2023-06-22,S02,台中逢甲店,中區,C03,鮮食,75,74.8,0,0,3,215,5.7
2023-06-23,S02,台中逢甲店,中區,C03,鮮食,83,75.3,0,0,4,251,6.9
2023-06-24,S02,台中逢甲店,中區,C03,鮮食,136,87.3,0,1,5,412,9.9
2023-06-25,S02,台中逢甲店,中區,C03,鮮食,158,81.2,0,1,6,375,10.4
2023-06-26,S02,台中逢甲店,中區,C03,鮮食,91,75.5,0,0,0,229,5.9
2023-06-27,S02,台中逢甲店,中區,C03,鮮食,106,76.0,0,0,1,200,5.9
2023-06-28,S02,台中逢甲店,中區,C03,鮮食,90,77.9,0,0,2,252,6.1
2023-06-29,S02,台中逢甲店,中區,C03,鮮食,70,86.5,0,0,3,197,5.4
2023-06-30,S02,台中逢甲店,中區,C03,鮮食,95,78.5,0,0,4,178,5.3
2023-07-01,S02,台中逢甲店,中區,C03,鮮食,165,80.0,0,1,5,366,11.0
2023-07-02,S02,台中逢甲店,中區,C03,鮮食,161,73.0,0,1,6,422,9.0
2023-07-03,S02,台中逢甲店,中區,C03,鮮食,89,82.5,0,0,0,179,5.9
2023-07-04,S02,台中逢甲店,中區,C03,鮮食,76,78.2,0,0,1,216,5.7
2023-07-05,S02,台中逢甲店,中區,C03,鮮食,81,87.6,0,0,2,295,6.6
2023-07-06,S02,台中逢甲店,中區,C03,鮮食,94,80.7,0,0,3,354,6.3
2023-07-07,S02,台中逢甲店,中區,C03,鮮食,97,80.5,0,0,4,165,6.0
2023-07-08,S02,台中逢甲店,中區,C03,鮮食,144,77.4,0,1,5,518,9.0
2023-07-09,S02,台中逢甲店,中區,C03,鮮食,139,87.3,0,1,6,257,8.9
2023-07-10,S02,台中逢甲店,中區,C03,鮮食,87,78.3,0,0,0,293,5.9
2023-07-11,S02,台中逢甲店,中區,C03,鮮食,89,82.2,0,0,1,186,6.6
2023-07-12,S02,台中逢甲店,中區,C03,鮮食,122,77.5,0,0,2,389,7.3
2023-07-13,S02,台中逢甲店,中區,C03,鮮食,76,83.3,0,0,3,234,5.0
2023-07-14,S02,台中逢甲店,中區,C03,鮮食,89,77.2,0,0,4,269,6.5
2023-07-15,S02,台中逢甲店,中區,C03,鮮食,189,73.4,1,1,5,288,11.3
2023-07-16,S02,台中逢甲店,中區,C03,鮮食,153,75.4,0,1,6,483,9.9
2023-07-17,S02,台中逢甲店,中區,C03,鮮食,79,82.3,0,0,0,242,6.8
2023-07-18,S02,台中逢甲店,中區,C03,鮮食,83,87.3,0,0,1,240,5.4
2023-07-19,S02,台中逢甲店,中區,C03,鮮食,102,76.1,0,0,2,237,6.7
2023-07-20,S02,台中逢甲店,中區,C03,鮮食,92,79.3,0,0,3,261,6.4
2023-07-21,S02,台中逢甲店,中區,C03,鮮食,89,79.0,0,0,4,192,5.9
2023-07-22,S02,台中逢甲店,中區,C03,鮮食,148,87.2,0,1,5,384,9.4
2023-07-23,S02,台中逢甲店,中區,C03,鮮食,137,78.8,0,1,6,296,9.3
2023-07-24,S02,台中逢甲店,中區,C03,鮮食,90,77.3,0,0,0,149,5.7
2023-07-25,S02,台中逢甲店,中區,C03,鮮食,102,82.5,0,0,1,196,6.6
2023-07-26,S02,台中逢甲店,中區,C03,鮮食,91,75.8,0,0,2,214,6.3
2023-07-27,S02,台中逢甲店,中區,C03,鮮食,76,83.8,0,0,3,154,5.8
2023-07-28,S02,台中逢甲店,中區,C03,鮮食,133,70.9,1,0,4,309,7.2
2023-07-29,S02,台中逢甲店,中區,C03,鮮食,167,80.5,0,1,5,300,10.7
2023-07-30,S02,台中逢甲店,中區,C03,鮮食,128,79.5,0,1,6,304,8.9
2023-07-31,S02,台中逢甲店,中區,C03,鮮食,90,78.4,0,0,0,212,6.1
2023-08-01,S02,台中逢甲店,中區,C03,鮮食,104,67.7,1,0,1,185,7.6
2023-08-02,S02,台中逢甲店,中區,C03,鮮食,103,71.4,0,0,2,377,6.5
2023-08-03,S02,台中逢甲店,中區,C03,鮮食,98,81.3,0,0,3,332,6.1
2023-08-04,S02,台中逢甲店,中區,C03,鮮食,111,68.2,1,0,4,241,7.1
2023-08-05,S02,台中逢甲店,中區,C03,鮮食,157,77.4,0,1,5,271,9.1
2023-08-06,S02,台中逢甲店,中區,C03,鮮食,179,78.9,0,1,6,624,11.0
2023-08-07,S02,台中逢甲店,中區,C03,鮮食,100,64.0,1,0,0,281,6.3
2023-08-08,S02,台中逢甲店,中區,C03,鮮食,88,83.2,0,0,1,186,5.7
2023-08-09,S02,台中逢甲店,中區,C03,鮮食,94,71.2,0,0,2,255,5.5
2023-08-10,S02,台中逢甲店,中區,C03,鮮食,85,84.0,0,0,3,210,6.1
2023-08-11,S02,台中逢甲店,中區,C03,鮮食,104,80.0,0,0,4,261,6.4
2023-08-12,S02,台中逢甲店,中區,C03,鮮食,145,85.0,0,1,5,489,9.4
2023-08-13,S02,台中逢甲店,中區,C03,鮮食,160,85.8,0,1,6,478,10.2
2023-08-14,S02,台中逢甲店,中區,C03,鮮食,111,66.0,1,0,0,229,5.6
2023-08-15,S02,台中逢甲店,中區,C03,鮮食,96,79.5,0,0,1,256,6.7
2023-08-16,S02,台中逢甲店,中區,C03,鮮食,117,67.0,1,0,2,373,7.6
2023-08-17,S02,台中逢甲店,中區,C03,鮮食,102,81.8,0,0,3,372,5.5
2023-08-18,S02,台中逢甲店,中區,C03,鮮食,135,65.0,1,0,4,467,6.7
2023-08-19,S02,台中逢甲店,中區,C03,鮮食,160,76.7,0,1,5,475,10.7
2023-08-20,S02,台中逢甲店,中區,C03,鮮食,121,78.1,0,1,6,350,8.9
2023-08-21,S02,台中逢甲店,中區,C03,鮮食,117,65.7,1,0,0,233,6.4
2023-08-22,S02,台中逢甲店,中區,C03,鮮食,75,77.0,0,0,1,260,5.3
2023-08-23,S02,台中逢甲店,中區,C03,鮮食,81,84.8,0,0,2,245,6.7
2023-08-24,S02,台中逢甲店,中區,C03,鮮食,74,85.4,0,0,3,270,5.4
2023-08-25,S02,台中逢甲店,中區,C03,鮮食,95,69.6,0,0,4,281,6.6
2023-08-26,S02,台中逢甲店,中區,C03,鮮食,158,77.1,0,1,5,409,10.2
2023-08-27,S02,台中逢甲店,中區,C03,鮮食,170,65.1,1,1,6,446,10.0
2023-08-28,S02,台中逢甲店,中區,C03,鮮食,80,84.1,0,0,0,248,5.4
2023-08-29,S02,台中逢甲店,中區,C03,鮮食,82,78.2,0,0,1,216,6.6
2023-08-30,S02,台中逢甲店,中區,C03,鮮食,77,81.1,0,0,2,183,6.2
2023-08-31,S02,台中逢甲店,中區,C03,鮮食,86,76.2,0,0,3,307,6.3
2023-09-01,S02,台中逢甲店,中區,C03,鮮食,134,63.9,1,0,4,403,7.2
2023-09-02,S02,台中逢甲店,中區,C03,鮮食,124,76.7,0,1,5,278,9.4
2023-09-03,S02,台中逢甲店,中區,C03,鮮食,139,71.3,1,1,6,467,9.5
2023-09-04,S02,台中逢甲店,中區,C03,鮮食,83,80.0,0,0,0,307,5.5
2023-09-05,S02,台中逢甲店,中區,C03,鮮食,84,81.7,0,0,1,237,6.1
2023-09-06,S02,台中逢甲店,中區,C03,鮮食,66,76.6,0,0,2,210,6.0
2023-09-07,S02,台中逢甲店,中區,C03,鮮食,91,84.2,0,0,3,248,5.4
2023-09-08,S02,台中逢甲店,中區,C03,鮮食,85,80.5,0,0,4,283,6.6
2023-09-09,S02,台中逢甲店,中區,C03,鮮食,112,83.8,0,1,5,316,8.1
2023-09-10,S02,台中逢甲店,中區,C03,鮮食,133,72.9,0,1,6,255,9.4
2023-09-11,S02,台中逢甲店,中區,C03,鮮食,74,76.9,0,0,0,218,5.5
2023-09-12,S02,台中逢甲店,中區,C03,鮮食,78,75.0,0,0,1,293,5.8
2023-09-13,S02,台中逢甲店,中區,C03,鮮食,71,77.4,0,0,2,213,6.0
2023-09-14,S02,台中逢甲店,中區,C03,鮮食,70,81.6,0,0,3,171,6.3
2023-09-15,S02,台中逢甲店,中區,C03,鮮食,104,82.4,0,0,4,354,6.8
2023-09-16,S02,台中逢甲店,中區,C03,鮮食,98,85.7,0,1,5,347,8.1
2023-09-17,S02,台中逢甲店,中區,C03,鮮食,130,75.4,0,1,6,414,9.8
2023-09-18,S02,台中逢甲店,中區,C03,鮮食,79,78.1,0,0,0,243,5.8
2023-09-19,S02,台中逢甲店,中區,C03,鮮食,85,78.6,0,0,1,258,6.6
2023-09-20,S02,台中逢甲店,中區,C03,鮮食,90,85.7,0,0,2,226,6.2
2023-09-21,S02,台中逢甲店,中區,C03,鮮食,81,78.3,0,0,3,198,5.3
2023-09-22,S02,台中逢甲店,中區,C03,鮮食,85,84.0,0,0,4,277,6.3
2023-09-23,S02,台中逢甲店,中區,C03,鮮食,127,73.1,0,1,5,418,8.5
2023-09-24,S02,台中逢甲店,中區,C03,鮮食,157,67.3,1,1,6,568,10.5
2023-09-25,S02,台中逢甲店,中區,C03,鮮食,73,72.2,0,0,0,155,6.1
2023-09-26,S02,台中逢甲店,中區,C03,鮮食,81,79.3,0,0,1,269,6.6
2023-09-27,S02,台中逢甲店,中區,C03,鮮食,88,86.7,0,0,2,207,6.9
2023-09-28,S02,台中逢甲店,中區,C03,鮮食,75,76.6,0,0,3,164,5.6
2023-09-29,S02,台中逢甲店,中區,C03,鮮食,118,66.8,1,0,4,370,7.2
2023-09-30,S02,台中逢甲店,中區,C03,鮮食,115,80.2,0,1,5,401,8.9
2023-10-01,S02,台中逢甲店,中區,C03,鮮食,135,86.3,0,1,6,429,9.9
2023-10-02,S02,台中逢甲店,中區,C03,鮮食,73,78.3,0,0,0,184,6.3
2023-10-03,S02,台中逢甲店,中區,C03,鮮食,49,80.7,0,0,1,152,5.2
2023-10-04,S02,台中逢甲店,中區,C03,鮮食,83,77.9,0,0,2,148,6.1
2023-10-05,S02,台中逢甲店,中區,C03,鮮食,64,73.0,0,0,3,194,6.4
2023-10-06,S02,台中逢甲店,中區,C03,鮮食,91,84.8,0,0,4,201,5.7
2023-10-07,S02,台中逢甲店,中區,C03,鮮食,117,67.1,1,1,5,232,8.7
2023-10-08,S02,台中逢甲店,中區,C03,鮮食,131,80.0,0,1,6,305,9.5
2023-10-09,S02,台中逢甲店,中區,C03,鮮食,95,62.3,1,0,0,296,7.1
2023-10-10,S02,台中逢甲店,中區,C03,鮮食,93,82.2,0,1,1,294,8.0
2023-10-11,S02,台中逢甲店,中區,C03,鮮食,84,81.3,0,0,2,149,6.7
2023-10-12,S02,台中逢甲店,中區,C03,鮮食,72,80.1,0,0,3,205,5.7
2023-10-13,S02,台中逢甲店,中區,C03,鮮食,77,85.6,0,0,4,206,7.1
2023-10-14,S02,台中逢甲店,中區,C03,鮮食,107,90.1,0,1,5,217,8.6
2023-10-15,S02,台中逢甲店,中區,C03,鮮食,166,65.6,1,1,6,433,10.1
2023-10-16,S02,台中逢甲店,中區,C03,鮮食,62,80.1,0,0,0,166,4.7
2023-10-17,S02,台中逢甲店,中區,C03,鮮食,85,74.8,1,0,1,298,6.2
2023-10-18,S02,台中逢甲店,中區,C03,鮮食,65,76.3,0,0,2,129,5.8
2023-10-19,S02,台中逢甲店,中區,C03,鮮食,82,78.1,0,0,3,282,6.0
2023-10-20,S02,台中逢甲店,中區,C03,鮮食,91,85.8,0,0,4,268,7.0
2023-10-21,S02,台中逢甲店,中區,C03,鮮食,116,78.3,0,1,5,304,8.5
2023-10-22,S02,台中逢甲店,中區,C03,鮮食,141,67.7,1,1,6,406,8.4
2023-10-23,S02,台中逢甲店,中區,C03,鮮食,64,86.5,0,0,0,219,7.8
2023-10-24,S02,台中逢甲店,中區,C03,鮮食,67,80.3,0,0,1,167,6.0
2023-10-25,S02,台中逢甲店,中區,C03,鮮食,92,73.6,1,0,2,183,6.6
2023-10-26,S02,台中逢甲店,中區,C03,鮮食,72,72.2,0,0,3,278,5.1
2023-10-27,S02,台中逢甲店,中區,C03,鮮食,85,74.5,0,0,4,240,5.0
2023-10-28,S02,台中逢甲店,中區,C03,鮮食,123,84.7,0,1,5,353,9.2
2023-10-29,S02,台中逢甲店,中區,C03,鮮食,116,78.9,0,1,6,243,8.1
2023-10-30,S02,台中逢甲店,中區,C03,鮮食,70,79.9,0,0,0,174,5.6
2023-10-31,S02,台中逢甲店,中區,C03,鮮食,80,66.0,1,0,1,265,6.2
2023-11-01,S02,台中逢甲店,中區,C03,鮮食,79,78.0,0,0,2,269,5.5
2023-11-02,S02,台中逢甲店,中區,C03,鮮食,81,78.6,0,0,3,196,5.8
2023-11-03,S02,台中逢甲店,中區,C03,鮮食,73,80.3,0,0,4,147,5.7
2023-11-04,S02,台中逢甲店,中區,C03,鮮食,122,80.7,0,1,5,361,8.8
2023-11-05,S02,台中逢甲店,中區,C03,鮮食,104,78.7,0,1,6,284,9.3
2023-11-06,S02,台中逢甲店,中區,C03,鮮食,66,83.9,0,0,0,207,5.6
2023-11-07,S02,台中逢甲店,中區,C03,鮮食,53,85.0,0,0,1,147,5.5
2023-11-08,S02,台中逢甲店,中區,C03,鮮食,68,83.0,0,0,2,210,4.6
2023-11-09,S02,台中逢甲店,中區,C03,鮮食,80,75.9,0,0,3,283,6.1
2023-11-10,S02,台中逢甲店,中區,C03,鮮食,78,76.2,0,0,4,185,5.9
2023-11-11,S02,台中逢甲店,中區,C03,鮮食,95,86.3,0,1,5,318,8.3
2023-11-12,S02,台中逢甲店,中區,C03,鮮食,116,82.6,0,1,6,270,9.1
2023-11-13,S02,台中逢甲店,中區,C03,鮮食,67,79.7,0,0,0,154,6.2
2023-11-14,S02,台中逢甲店,中區,C03,鮮食,59,82.4,0,0,1,156,5.5
2023-11-15,S02,台中逢甲店,中區,C03,鮮食,106,64.5,1,0,2,309,6.0
2023-11-16,S02,台中逢甲店,中區,C03,鮮食,79,79.7,0,0,3,201,5.9
2023-11-17,S02,台中逢甲店,中區,C03,鮮食,75,76.7,0,0,4,157,6.7
2023-11-18,S02,台中逢甲店,中區,C03,鮮食,95,82.3,0,1,5,259,9.0
2023-11-19,S02,台中逢甲店,中區,C03,鮮食,113,86.8,0,1,6,249,9.0
2023-11-20,S02,台中逢甲店,中區,C03,鮮食,61,84.6,0,0,0,211,5.5
2023-11-21,S02,台中逢甲店,中區,C03,鮮食,92,63.4,1,0,1,337,5.7
2023-11-22,S02,台中逢甲店,中區,C03,鮮食,62,86.8,0,0,2,155,5.4
2023-11-23,S02,台中逢甲店,中區,C03,鮮食,67,76.0,0,0,3,234,5.9
2023-11-24,S02,台中逢甲店,中區,C03,鮮食,73,79.1,0,0,4,229,5.7
2023-11-25,S02,台中逢甲店,中區,C03,鮮食,128,82.9,0,1,5,300,8.7
2023-11-26,S02,台中逢甲店,中區,C03,鮮食,121,79.6,0,1,6,387,9.5
2023-11-27,S02,台中逢甲店,中區,C03,鮮食,58,81.4,0,0,0,210,5.3
2023-11-28,S02,台中逢甲店,中區,C03,鮮食,63,74.5,0,0,1,238,5.7
2023-11-29,S02,台中逢甲店,中區,C03,鮮食,76,81.6,0,0,2,274,5.8
2023-11-30,S02,台中逢甲店,中區,C03,鮮食,74,71.5,0,0,3,165,5.7
2023-12-01,S02,台中逢甲店,中區,C03,鮮食,59,79.3,0,0,4,181,5.4
2023-12-02,S02,台中逢甲店,中區,C03,鮮食,106,80.7,0,1,5,274,9.2
2023-12-03,S02,台中逢甲店,中區,C03,鮮食,120,74.4,0,1,6,252,9.1
2023-12-04,S02,台中逢甲店,中區,C03,鮮食,82,67.4,1,0,0,274,6.6
2023-12-05,S02,台中逢甲店,中區,C03,鮮食,84,76.4,0,0,1,146,6.1
2023-12-06,S02,台中逢甲店,中區,C03,鮮食,46,86.0,0,0,2,129,4.6
2023-12-07,S02,台中逢甲店,中區,C03,鮮食,85,67.5,1,0,3,246,5.6
2023-12-08,S02,台中逢甲店,中區,C03,鮮食,76,84.2,0,0,4,191,6.3
2023-12-09,S02,台中逢甲店,中區,C03,鮮食,83,84.5,0,1,5,163,8.1
2023-12-10,S02,台中逢甲店,中區,C03,鮮食,132,79.1,0,1,6,475,9.0
2023-12-11,S02,台中逢甲店,中區,C03,鮮食,55,79.6,0,0,0,160,5.9
2023-12-12,S02,台中逢甲店,中區,C03,鮮食,95,68.2,1,0,1,289,7.1
2023-12-13,S02,台中逢甲店,中區,C03,鮮食,69,81.8,0,0,2,216,5.4
2023-12-14,S02,台中逢甲店,中區,C03,鮮食,68,80.8,0,0,3,252,5.0
2023-12-15,S02,台中逢甲店,中區,C03,鮮食,59,86.1,0,0,4,209,5.3
2023-12-16,S02,台中逢甲店,中區,C03,鮮食,113,85.8,0,1,5,346,9.5
2023-12-17,S02,台中逢甲店,中區,C03,鮮食,88,78.2,0,1,6,295,8.3
2023-12-18,S02,台中逢甲店,中區,C03,鮮食,72,77.3,0,0,0,241,4.4
2023-12-19,S02,台中逢甲店,中區,C03,鮮食,57,80.5,0,0,1,132,4.3
2023-12-20,S02,台中逢甲店,中區,C03,鮮食,45,83.4,0,0,2,102,5.2
2023-12-21,S02,台中逢甲店,中區,C03,鮮食,60,85.9,0,0,3,233,6.0
2023-12-22,S02,台中逢甲店,中區,C03,鮮食,50,79.7,0,0,4,132,4.7
2023-12-23,S02,台中逢甲店,中區,C03,鮮食,99,79.5,0,1,5,171,8.2
2023-12-24,S02,台中逢甲店,中區,C03,鮮食,102,81.8,0,1,6,190,8.7
2023-12-25,S02,台中逢甲店,中區,C03,鮮食,88,75.0,0,1,0,252,7.8
2023-12-26,S02,台中逢甲店,中區,C03,鮮食,57,81.7,0,0,1,143,4.8
2023-12-27,S02,台中逢甲店,中區,C03,鮮食,64,79.7,0,0,2,135,5.5
2023-12-28,S02,台中逢甲店,中區,C03,鮮食,55,78.5,0,0,3,119,5.2
2023-12-29,S02,台中逢甲店,中區,C03,鮮食,90,80.2,0,0,4,176,5.5
2023-12-30,S02,台中逢甲店,中區,C03,鮮食,103,80.4,0,1,5,209,9.4
2023-12-31,S02,台中逢甲店,中區,C03,鮮食,93,84.7,0,1,6,325,8.7
2024-01-01,S02,台中逢甲店,中區,C03,鮮食,76,72.9,0,1,0,188,7.8
2024-01-02,S02,台中逢甲店,中區,C03,鮮食,77,75.6,0,0,1,227,6.6
2024-01-03,S02,台中逢甲店,中區,C03,鮮食,69,77.4,0,0,2,184,5.8
2024-01-04,S02,台中逢甲店,中區,C03,鮮食,68,83.9,0,0,3,172,5.3
2024-01-05,S02,台中逢甲店,中區,C03,鮮食,82,78.5,0,0,4,174,6.0
2024-01-06,S02,台中逢甲店,中區,C03,鮮食,125,67.8,1,1,5,354,9.3
2024-01-07,S02,台中逢甲店,中區,C03,鮮食,97,78.4,0,1,6,212,8.4
2024-01-08,S02,台中逢甲店,中區,C03,鮮食,66,84.6,0,0,0,221,5.8
2024-01-09,S02,台中逢甲店,中區,C03,鮮食,67,69.3,1,0,1,233,6.8
2024-01-10,S02,台中逢甲店,中區,C03,鮮食,68,80.7,0,0,2,252,5.8
2024-01-11,S02,台中逢甲店,中區,C03,鮮食,66,77.6,0,0,3,170,6.6
2024-01-12,S02,台中逢甲店,中區,C03,鮮食,61,84.7,0,0,4,216,5.8
2024-01-13,S02,台中逢甲店,中區,C03,鮮食,106,75.7,0,1,5,307,9.4
2024-01-14,S02,台中逢甲店,中區,C03,鮮食,110,77.5,0,1,6,219,8.2
2024-01-15,S02,台中逢甲店,中區,C03,鮮食,59,78.3,0,0,0,114,4.5
2024-01-16,S02,台中逢甲店,中區,C03,鮮食,63,84.0,0,0,1,185,5.8
2024-01-17,S02,台中逢甲店,中區,C03,鮮食,64,80.1,0,0,2,172,5.1
2024-01-18,S02,台中逢甲店,中區,C03,鮮食,72,83.3,0,0,3,171,5.0
2024-01-19,S02,台中逢甲店,中區,C03,鮮食,108,67.9,1,0,4,328,6.6
2024-01-20,S02,台中逢甲店,中區,C03,鮮食,96,82.6,0,1,5,262,8.6
2024-01-21,S02,台中逢甲店,中區,C03,鮮食,153,65.5,1,1,6,388,9.3
2024-01-22,S02,台中逢甲店,中區,C03,鮮食,68,87.9,0,0,0,150,5.5
2024-01-23,S02,台中逢甲店,中區,C03,鮮食,81,83.0,0,0,1,290,7.0
2024-01-24,S02,台中逢甲店,中區,C03,鮮食,68,78.1,0,0,2,170,4.9
2024-01-25,S02,台中逢甲店,中區,C03,鮮食,78,82.8,0,0,3,239,6.4
2024-01-26,S02,台中逢甲店,中區,C03,鮮食,80,87.2,0,0,4,153,5.8
2024-01-27,S02,台中逢甲店,中區,C03,鮮食,103,82.4,0,1,5,362,8.3
2024-01-28,S02,台中逢甲店,中區,C03,鮮食,110,81.0,0,1,6,227,9.0
2024-01-29,S02,台中逢甲店,中區,C03,鮮食,64,76.1,0,0,0,229,5.4
2024-01-30,S02,台中逢甲店,中區,C03,鮮食,55,79.3,0,0,1,192,4.7
2024-01-31,S02,台中逢甲店,中區,C03,鮮食,96,73.3,1,0,2,286,6.7
2024-02-01,S02,台中逢甲店,中區,C03,鮮食,50,90.8,0,0,3,168,5.6
2024-02-02,S02,台中逢甲店,中區,C03,鮮食,84,85.5,0,0,4,271,6.8
2024-02-03,S02,台中逢甲店,中區,C03,鮮食,120,83.2,0,1,5,349,9.7
2024-02-04,S02,台中逢甲店,中區,C03,鮮食,114,82.7,0,1,6,224,7.8
2024-02-05,S02,台中逢甲店,中區,C03,鮮食,67,84.7,0,0,0,226,5.9
2024-02-06,S02,台中逢甲店,中區,C03,鮮食,82,84.2,0,0,1,226,5.8
2024-02-07,S02,台中逢甲店,中區,C03,鮮食,80,85.7,0,0,2,136,6.1
2024-02-08,S02,台中逢甲店,中區,C03,鮮食,70,80.6,0,0,3,254,5.7
2024-02-09,S02,台中逢甲店,中區,C03,鮮食,111,70.8,1,0,4,211,6.4
2024-02-10,S02,台中逢甲店,中區,C03,鮮食,129,81.2,0,1,5,211,8.5
2024-02-11,S02,台中逢甲店,中區,C03,鮮食,98,82.8,0,1,6,307,8.8
2024-02-12,S02,台中逢甲店,中區,C03,鮮食,58,76.7,0,0,0,117,5.4
2024-02-13,S02,台中逢甲店,中區,C03,鮮食,66,76.4,0,0,1,226,5.8
2024-02-14,S02,台中逢甲店,中區,C03,鮮食,70,74.5,0,0,2,195,5.7
2024-02-15,S02,台中逢甲店,中區,C03,鮮食,54,80.5,0,0,3,208,5.1
2024-02-16,S02,台中逢甲店,中區,C03,鮮食,83,81.8,0,0,4,223,6.7
2024-02-17,S02,台中逢甲店,中區,C03,鮮食,121,79.3,0,1,5,409,9.2
2024-02-18,S02,台中逢甲店,中區,C03,鮮食,132,78.6,0,1,6,375,9.1
2024-02-19,S02,台中逢甲店,中區,C03,鮮食,78,66.2,1,0,0,176,5.0
2024-02-20,S02,台中逢甲店,中區,C03,鮮食,73,83.0,0,0,1,140,5.7
2024-02-21,S02,台中逢甲店,中區,C03,鮮食,68,78.4,0,0,2,152,5.0
2024-02-22,S02,台中逢甲店,中區,C03,鮮食,83,84.0,0,0,3,259,6.5
2024-02-23,S02,台中逢甲店,中區,C03,鮮食,101,71.2,1,0,4,229,6.7
2024-02-24,S02,台中逢甲店,中區,C03,鮮食,119,82.2,0,1,5,309,9.6
2024-02-25,S02,台中逢甲店,中區,C03,鮮食,135,76.4,0,1,6,259,9.2
2024-02-26,S02,台中逢甲店,中區,C03,鮮食,77,76.4,0,0,0,257,4.9
2024-02-27,S02,台中逢甲店,中區,C03,鮮食,78,82.8,0,0,1,289,5.2
2024-02-28,S02,台中逢甲店,中區,C03,鮮食,105,79.6,0,1,2,321,8.3
2024-02-29,S02,台中逢甲店,中區,C03,鮮食,72,79.4,0,0,3,238,5.8
2024-03-01,S02,台中逢甲店,中區,C03,鮮食,101,76.4,0,0,4,302,7.3
2024-03-02,S02,台中逢甲店,中區,C03,鮮食,187,69.8,1,1,5,547,10.7
2024-03-03,S02,台中逢甲店,中區,C03,鮮食,107,78.9,0,1,6,202,8.8
2024-03-04,S02,台中逢甲店,中區,C03,鮮食,81,83.7,0,0,0,206,6.5
2024-03-05,S02,台中逢甲店,中區,C03,鮮食,77,75.1,0,0,1,179,5.7
2024-03-06,S02,台中逢甲店,中區,C03,鮮食,85,76.3,0,0,2,278,5.7
2024-03-07,S02,台中逢甲店,中區,C03,鮮食,82,82.3,0,0,3,164,6.4
2024-03-08,S02,台中逢甲店,中區,C03,鮮食,88,84.9,0,0,4,302,6.1
2024-03-09,S02,台中逢甲店,中區,C03,鮮食,137,76.6,0,1,5,286,10.2
2024-03-10,S02,台中逢甲店,中區,C03,鮮食,137,88.6,0,1,6,252,8.6
2024-03-11,S02,台中逢甲店,中區,C03,鮮食,92,71.7,0,0,0,213,7.1
2024-03-12,S02,台中逢甲店,中區,C03,鮮食,66,81.9,0,0,1,211,6.4
2024-03-13,S02,台中逢甲店,中區,C03,鮮食,75,70.5,0,0,2,156,5.7
2024-03-14,S02,台中逢甲店,中區,C03,鮮食,81,83.4,0,0,3,165,6.3
2024-03-15,S02,台中逢甲店,中區,C03,鮮食,97,83.8,0,0,4,337,6.3
2024-03-16,S02,台中逢甲店,中區,C03,鮮食,125,81.3,0,1,5,320,8.8
2024-03-17,S02,台中逢甲店,中區,C03,鮮食,115,75.9,0,1,6,331,8.1
2024-03-18,S02,台中逢甲店,中區,C03,鮮食,73,87.0,0,0,0,225,6.4
2024-03-19,S02,台中逢甲店,中區,C03,鮮食,87,82.2,0,0,1,265,6.8
2024-03-20,S02,台中逢甲店,中區,C03,鮮食,69,87.4,0,0,2,159,6.2
2024-03-21,S02,台中逢甲店,中區,C03,鮮食,82,90.1,0,0,3,201,5.9
2024-03-22,S02,台中逢甲店,中區,C03,鮮食,84,77.5,0,0,4,178,6.0
2024-03-23,S02,台中逢甲店,中區,C03,鮮食,141,75.6,0,1,5,410,9.9
2024-03-24,S02,台中逢甲店,中區,C03,鮮食,124,74.6,0,1,6,352,8.8
2024-03-25,S02,台中逢甲店,中區,C03,鮮食,74,85.5,0,0,0,189,5.9
2024-03-26,S02,台中逢甲店,中區,C03,鮮食,98,77.9,0,0,1,271,7.1
2024-03-27,S02,台中逢甲店,中區,C03,鮮食,98,82.1,0,0,2,175,6.0
2024-03-28,S02,台中逢甲店,中區,C03,鮮食,86,80.8,0,0,3,269,5.9
2024-03-29,S02,台中逢甲店,中區,C03,鮮食,109,78.8,0,0,4,367,7.0
2024-03-30,S02,台中逢甲店,中區,C03,鮮食,162,80.7,0,1,5,471,9.7
2024-03-31,S02,台中逢甲店,中區,C03,鮮食,159,85.2,0,1,6,332,10.2
2024-04-01,S02,台中逢甲店,中區,C03,鮮食,65,73.9,0,0,0,182,5.8
2024-04-02,S02,台中逢甲店,中區,C03,鮮食,82,81.8,0,0,1,224,6.1
2024-04-03,S02,台中逢甲店,中區,C03,鮮食,82,78.0,0,0,2,189,5.4
2024-04-04,S02,台中逢甲店,中區,C03,鮮食,141,65.7,1,1,3,468,8.6
2024-04-05,S02,台中逢甲店,中區,C03,鮮食,119,80.7,0,1,4,366,9.2
2024-04-06,S02,台中逢甲店,中區,C03,鮮食,159,83.2,0,1,5,317,10.6
2024-04-07,S02,台中逢甲店,中區,C03,鮮食,152,79.5,0,1,6,264,9.9
2024-04-08,S02,台中逢甲店,中區,C03,鮮食,74,83.3,0,0,0,249,5.8
2024-04-09,S02,台中逢甲店,中區,C03,鮮食,89,82.4,0,0,1,216,6.2
2024-04-10,S02,台中逢甲店,中區,C03,鮮食,78,85.9,0,0,2,281,6.1
2024-04-11,S02,台中逢甲店,中區,C03,鮮食,73,71.1,0,0,3,137,5.1
2024-04-12,S02,台中逢甲店,中區,C03,鮮食,107,82.1,0,0,4,348,5.6
2024-04-13,S02,台中逢甲店,中區,C03,鮮食,133,81.8,0,1,5,480,8.8
2024-04-14,S02,台中逢甲店,中區,C03,鮮食,162,70.9,0,1,6,428,9.8
2024-04-15,S02,台中逢甲店,中區,C03,鮮食,87,82.5,0,0,0,325,6.1
2024-04-16,S02,台中逢甲店,中區,C03,鮮食,94,83.4,0,0,1,359,6.1
2024-04-17,S02,台中逢甲店,中區,C03,鮮食,75,86.8,0,0,2,151,5.9
2024-04-18,S02,台中逢甲店,中區,C03,鮮食,78,89.0,0,0,3,206,5.9
2024-04-19,S02,台中逢甲店,中區,C03,鮮食,128,74.2,1,0,4,297,6.9
2024-04-20,S02,台中逢甲店,中區,C03,鮮食,145,75.5,0,1,5,246,9.9
2024-04-21,S02,台中逢甲店,中區,C03,鮮食,149,80.8,0,1,6,479,10.2
2024-04-22,S02,台中逢甲店,中區,C03,鮮食,95,75.3,0,0,0,278,6.4
2024-04-23,S02,台中逢甲店,中區,C03,鮮食,82,78.1,0,0,1,304,6.1
2024-04-24,S02,台中逢甲店,中區,C03,鮮食,85,75.4,0,0,2,241,6.8
2024-04-25,S02,台中逢甲店,中區,C03,鮮食,108,77.1,0,0,3,242,6.4
2024-04-26,S02,台中逢甲店,中區,C03,鮮食,86,73.9,0,0,4,298,6.2
2024-04-27,S02,台中逢甲店,中區,C03,鮮食,166,82.5,0,1,5,297,9.1
2024-04-28,S02,台中逢甲店,中區,C03,鮮食,146,86.7,0,1,6,406,10.4
2024-04-29,S02,台中逢甲店,中區,C03,鮮食,73,82.2,0,0,0,221,5.8
2024-04-30,S02,台中逢甲店,中區,C03,鮮食,64,80.8,0,0,1,161,5.2
2024-05-01,S02,台中逢甲店,中區,C03,鮮食,129,75.3,0,1,2,354,10.2
2024-05-02,S02,台中逢甲店,中區,C03,鮮食,102,79.1,0,0,3,367,7.1
2024-05-03,S02,台中逢甲店,中區,C03,鮮食,89,70.7,0,0,4,243,6.8
2024-05-04,S02,台中逢甲店,中區,C03,鮮食,176,69.5,1,1,5,497,10.1
2024-05-05,S02,台中逢甲店,中區,C03,鮮食,137,85.2,0,1,6,270,9.9
2024-05-06,S02,台中逢甲店,中區,C03,鮮食,83,86.2,0,0,0,251,5.6
2024-05-07,S02,台中逢甲店,中區,C03,鮮食,79,83.3,0,0,1,203,5.7
2024-05-08,S02,台中逢甲店,中區,C03,鮮食,115,78.4,0,0,2,336,7.3
2024-05-09,S02,台中逢甲店,中區,C03,鮮食,100,80.8,0,0,3,209,6.3
2024-05-10,S02,台中逢甲店,中區,C03,鮮食,114,75.7,0,0,4,235,7.3
2024-05-11,S02,台中逢甲店,中區,C03,鮮食,155,78.5,0,1,5,284,10.2
2024-05-12,S02,台中逢甲店,中區,C03,鮮食,146,77.6,0,1,6,462,9.6
2024-05-13,S02,台中逢甲店,中區,C03,鮮食,69,79.5,0,0,0,127,6.1
2024-05-14,S02,台中逢甲店,中區,C03,鮮食,79,82.4,0,0,1,279,5.9
2024-05-15,S02,台中逢甲店,中區,C03,鮮食,76,80.9,0,0,2,256,5.9
2024-05-16,S02,台中逢甲店,中區,C03,鮮食,80,83.2,0,0,3,240,5.4
2024-05-17,S02,台中逢甲店,中區,C03,鮮食,99,87.6,0,0,4,287,7.3
2024-05-18,S02,台中逢甲店,中區,C03,鮮食,142,77.2,0,1,5,401,9.3
2024-05-19,S02,台中逢甲店,中區,C03,鮮食,175,74.8,0,1,6,492,10.0
2024-05-20,S02,台中逢甲店,中區,C03,鮮食,89,77.8,0,0,0,190,5.4
2024-05-21,S02,台中逢甲店,中區,C03,鮮食,109,85.2,0,0,1,321,6.4
2024-05-22,S02,台中逢甲店,中區,C03,鮮食,107,80.4,0,0,2,390,6.6
2024-05-23,S02,台中逢甲店,中區,C03,鮮食,104,79.5,0,0,3,250,6.8
2024-05-24,S02,台中逢甲店,中區,C03,鮮食,115,81.5,0,0,4,356,6.9
2024-05-25,S02,台中逢甲店,中區,C03,鮮食,134,78.5,0,1,5,309,8.7
2024-05-26,S02,台中逢甲店,中區,C03,鮮食,135,84.6,0,1,6,404,9.1
2024-05-27,S02,台中逢甲店,中區,C03,鮮食,71,86.1,0,0,0,232,5.7
2024-05-28,S02,台中逢甲店,中區,C03,鮮食,105,74.0,0,0,1,322,6.5
2024-05-29,S02,台中逢甲店,中區,C03,鮮食,88,81.3,0,0,2,251,6.1
2024-05-30,S02,台中逢甲店,中區,C03,鮮食,69,73.7,0,0,3,150,6.1
2024-05-31,S02,台中逢甲店,中區,C03,鮮食,106,84.7,0,0,4,361,6.5
2024-06-01,S02,台中逢甲店,中區,C03,鮮食,159,74.7,0,1,5,424,10.0
2024-06-02,S02,台中逢甲店,中區,C03,鮮食,166,76.4,0,1,6,401,10.2
2024-06-03,S02,台中逢甲店,中區,C03,鮮食,91,73.8,0,0,0,306,5.9
2024-06-04,S02,台中逢甲店,中區,C03,鮮食,100,78.5,0,0,1,259,7.2
2024-06-05,S02,台中逢甲店,中區,C03,鮮食,107,82.1,0,0,2,275,7.1
2024-06-06,S02,台中逢甲店,中區,C03,鮮食,111,69.8,1,0,3,397,7.1
2024-06-07,S02,台中逢甲店,中區,C03,鮮食,87,75.6,0,0,4,196,5.2
2024-06-08,S02,台中逢甲店,中區,C03,鮮食,180,80.7,0,1,5,396,10.4
2024-06-09,S02,台中逢甲店,中區,C03,鮮食,195,69.8,1,1,6,400,11.4
2024-06-10,S02,台中逢甲店,中區,C03,鮮食,62,80.2,0,0,0,155,4.7
2024-06-11,S02,台中逢甲店,中區,C03,鮮食,83,80.4,0,0,1,277,5.9
2024-06-12,S02,台中逢甲店,中區,C03,鮮食,86,83.8,0,0,2,215,6.1
2024-06-13,S02,台中逢甲店,中區,C03,鮮食,94,78.0,0,0,3,182,6.3
2024-06-14,S02,台中逢甲店,中區,C03,鮮食,106,79.6,0,0,4,331,6.7
2024-06-15,S02,台中逢甲店,中區,C03,鮮食,177,78.7,0,1,5,618,9.9
2024-06-16,S02,台中逢甲店,中區,C03,鮮食,192,75.4,0,1,6,657,10.9
2024-06-17,S02,台中逢甲店,中區,C03,鮮食,100,82.1,0,0,0,235,6.3
2024-06-18,S02,台中逢甲店,中區,C03,鮮食,90,79.4,0,0,1,243,5.9
2024-06-19,S02,台中逢甲店,中區,C03,鮮食,87,77.2,0,0,2,174,6.6
2024-06-20,S02,台中逢甲店,中區,C03,鮮食,108,62.2,1,0,3,270,7.1
2024-06-21,S02,台中逢甲店,中區,C03,鮮食,109,81.3,0,0,4,304,6.7
2024-06-22,S02,台中逢甲店,中區,C03,鮮食,179,75.2,0,1,5,397,10.9
2024-06-23,S02,台中逢甲店,中區,C03,鮮食,186,66.1,1,1,6,631,10.7
2024-06-24,S02,台中逢甲店,中區,C03,鮮食,95,83.9,0,0,0,312,6.1
2024-06-25,S02,台中逢甲店,中區,C03,鮮食,127,83.6,0,0,1,412,6.7
2024-06-26,S02,台中逢甲店,中區,C03,鮮食,93,76.5,0,0,2,217,6.3
2024-06-27,S02,台中逢甲店,中區,C03,鮮食,111,83.4,0,0,3,241,7.1
2024-06-28,S02,台中逢甲店,中區,C03,鮮食,103,81.1,0,0,4,218,6.3
2024-06-29,S02,台中逢甲店,中區,C03,鮮食,157,83.3,0,1,5,472,9.8
2024-06-30,S02,台中逢甲店,中區,C03,鮮食,149,79.4,0,1,6,331,9.8
2024-07-01,S02,台中逢甲店,中區,C03,鮮食,89,79.6,0,0,0,311,6.2
2024-07-02,S02,台中逢甲店,中區,C03,鮮食,92,84.8,0,0,1,218,5.9
2024-07-03,S02,台中逢甲店,中區,C03,鮮食,101,81.6,0,0,2,179,6.3
2024-07-04,S02,台中逢甲店,中區,C03,鮮食,128,71.3,1,0,3,336,6.3
2024-07-05,S02,台中逢甲店,中區,C03,鮮食,111,78.5,0,0,4,227,7.1
2024-07-06,S02,台中逢甲店,中區,C03,鮮食,157,87.3,0,1,5,434,9.5
2024-07-07,S02,台中逢甲店,中區,C03,鮮食,170,81.4,0,1,6,388,9.6
2024-07-08,S02,台中逢甲店,中區,C03,鮮食,88,76.4,0,0,0,272,5.9
2024-07-09,S02,台中逢甲店,中區,C03,鮮食,97,76.4,0,0,1,188,6.3
2024-07-10,S02,台中逢甲店,中區,C03,鮮食,89,81.4,0,0,2,219,5.2
2024-07-11,S02,台中逢甲店,中區,C03,鮮食,100,80.1,0,0,3,221,6.4
2024-07-12,S02,台中逢甲店,中區,C03,鮮食,100,79.9,0,0,4,190,6.4
2024-07-13,S02,台中逢甲店,中區,C03,鮮食,162,74.3,0,1,5,504,10.5
2024-07-14,S02,台中逢甲店,中區,C03,鮮食,172,88.1,0,1,6,573,10.1
2024-07-15,S02,台中逢甲店,中區,C03,鮮食,75,79.6,0,0,0,206,5.5
2024-07-16,S02,台中逢甲店,中區,C03,鮮食,91,83.5,0,0,1,235,5.8
2024-07-17,S02,台中逢甲店,中區,C03,鮮食,113,74.7,1,0,2,323,6.7
2024-07-18,S02,台中逢甲店,中區,C03,鮮食,100,75.0,0,0,3,244,5.4
2024-07-19,S02,台中逢甲店,中區,C03,鮮食,106,76.7,0,0,4,354,7.1
2024-07-20,S02,台中逢甲店,中區,C03,鮮食,152,79.7,0,1,5,454,10.2
2024-07-21,S02,台中逢甲店,中區,C03,鮮食,155,84.7,0,1,6,321,9.6
2024-07-22,S02,台中逢甲店,中區,C03,鮮食,95,82.1,0,0,0,238,6.6
2024-07-23,S02,台中逢甲店,中區,C03,鮮食,96,86.0,0,0,1,290,6.5
2024-07-24,S02,台中逢甲店,中區,C03,鮮食,125,66.3,1,0,2,420,7.1
2024-07-25,S02,台中逢甲店,中區,C03,鮮食,116,70.1,1,0,3,339,8.0
2024-07-26,S02,台中逢甲店,中區,C03,鮮食,101,80.6,0,0,4,172,5.9
2024-07-27,S02,台中逢甲店,中區,C03,鮮食,164,82.0,0,1,5,296,9.9
2024-07-28,S02,台中逢甲店,中區,C03,鮮食,148,81.8,0,1,6,465,9.5
2024-07-29,S02,台中逢甲店,中區,C03,鮮食,102,73.6,0,0,0,300,6.4
2024-07-30,S02,台中逢甲店,中區,C03,鮮食,84,88.0,0,0,1,135,6.6
2024-07-31,S02,台中逢甲店,中區,C03,鮮食,102,81.6,0,0,2,215,6.7
2024-08-01,S02,台中逢甲店,中區,C03,鮮食,104,76.6,0,0,3,247,6.9
2024-08-02,S02,台中逢甲店,中區,C03,鮮食,102,88.7,0,0,4,330,6.6
2024-08-03,S02,台中逢甲店,中區,C03,鮮食,151,82.6,0,1,5,332,9.5
2024-08-04,S02,台中逢甲店,中區,C03,鮮食,156,77.9,0,1,6,344,10.4
2024-08-05,S02,台中逢甲店,中區,C03,鮮食,97,70.1,0,0,0,212,6.0
2024-08-06,S02,台中逢甲店,中區,C03,鮮食,87,81.0,0,0,1,236,6.5
2024-08-07,S02,台中逢甲店,中區,C03,鮮食,102,76.1,0,0,2,366,6.0
2024-08-08,S02,台中逢甲店,中區,C03,鮮食,107,81.5,0,0,3,254,6.4
2024-08-09,S02,台中逢甲店,中區,C03,鮮食,101,86.8,0,0,4,362,5.6
2024-08-10,S02,台中逢甲店,中區,C03,鮮食,135,80.2,0,1,5,427,10.0
2024-08-11,S02,台中逢甲店,中區,C03,鮮食,150,74.2,0,1,6,333,11.2
2024-08-12,S02,台中逢甲店,中區,C03,鮮食,91,85.6,0,0,0,180,6.1
2024-08-13,S02,台中逢甲店,中區,C03,鮮食,140,69.4,1,0,1,456,7.2
2024-08-14,S02,台中逢甲店,中區,C03,鮮食,97,67.2,1,0,2,275,5.8
2024-08-15,S02,台中逢甲店,中區,C03,鮮食,92,83.6,0,0,3,188,5.7
2024-08-16,S02,台中逢甲店,中區,C03,鮮食,106,80.9,0,0,4,214,6.2
2024-08-17,S02,台中逢甲店,中區,C03,鮮食,130,83.3,0,1,5,401,8.5
2024-08-18,S02,台中逢甲店,中區,C03,鮮食,159,78.4,0,1,6,465,9.0
2024-08-19,S02,台中逢甲店,中區,C03,鮮食,72,85.4,0,0,0,155,6.9
2024-08-20,S02,台中逢甲店,中區,C03,鮮食,130,71.1,1,0,1,263,7.6
2024-08-21,S02,台中逢甲店,中區,C03,鮮食,83,78.3,0,0,2,178,6.0
2024-08-22,S02,台中逢甲店,中區,C03,鮮食,141,69.1,1,0,3,250,7.2
2024-08-23,S02,台中逢甲店,中區,C03,鮮食,78,85.2,0,0,4,211,5.9
2024-08-24,S02,台中逢甲店,中區,C03,鮮食,138,85.0,0,1,5,363,9.7
2024-08-25,S02,台中逢甲店,中區,C03,鮮食,140,82.6,0,1,6,501,8.7
2024-08-26,S02,台中逢甲店,中區,C03,鮮食,79,83.0,0,0,0,166,6.2
2024-08-27,S02,台中逢甲店,中區,C03,鮮食,84,80.6,0,0,1,283,5.3
2024-08-28,S02,台中逢甲店,中區,C03,鮮食,86,70.2,0,0,2,233,7.0
2024-08-29,S02,台中逢甲店,中區,C03,鮮食,98,80.6,0,0,3,342,6.4
2024-08-30,S02,台中逢甲店,中區,C03,鮮食,126,70.7,0,0,4,306,6.6
2024-08-31,S02,台中逢甲店,中區,C03,鮮食,151,86.8,0,1,5,475,10.5
2024-09-01,S02,台中逢甲店,中區,C03,鮮食,184,69.2,1,1,6,592,10.8
2024-09-02,S02,台中逢甲店,中區,C03,鮮食,69,80.4,0,0,0,231,5.7
2024-09-03,S02,台中逢甲店,中區,C03,鮮食,90,81.6,0,0,1,228,6.4
2024-09-04,S02,台中逢甲店,中區,C03,鮮食,87,83.6,0,0,2,309,6.9
2024-09-05,S02,台中逢甲店,中區,C03,鮮食,82,78.5,0,0,3,143,5.5
2024-09-06,S02,台中逢甲店,中區,C03,鮮食,77,87.3,0,0,4,223,5.3
2024-09-07,S02,台中逢甲店,中區,C03,鮮食,161,76.4,0,1,5,570,9.2
2024-09-08,S02,台中逢甲店,中區,C03,鮮食,142,80.3,0,1,6,308,9.8
2024-09-09,S02,台中逢甲店,中區,C03,鮮食,81,79.8,0,0,0,198,5.4
2024-09-10,S02,台中逢甲店,中區,C03,鮮食,78,79.0,0,0,1,234,6.9
2024-09-11,S02,台中逢甲店,中區,C03,鮮食,69,79.0,0,0,2,240,6.2
2024-09-12,S02,台中逢甲店,中區,C03,鮮食,126,65.7,1,0,3,264,7.4
2024-09-13,S02,台中逢甲店,中區,C03,鮮食,109,79.8,0,0,4,323,7.3
2024-09-14,S02,台中逢甲店,中區,C03,鮮食,121,76.2,0,1,5,337,7.9
2024-09-15,S02,台中逢甲店,中區,C03,鮮食,125,84.9,0,1,6,350,8.6
2024-09-16,S02,台中逢甲店,中區,C03,鮮食,90,84.1,0,0,0,171,7.0
2024-09-17,S02,台中逢甲店,中區,C03,鮮食,70,81.0,0,0,1,212,5.4
2024-09-18,S02,台中逢甲店,中區,C03,鮮食,71,82.3,0,0,2,148,5.9
2024-09-19,S02,台中逢甲店,中區,C03,鮮食,97,79.7,0,0,3,193,6.7
2024-09-20,S02,台中逢甲店,中區,C03,鮮食,99,79.0,0,0,4,323,6.5
2024-09-21,S02,台中逢甲店,中區,C03,鮮食,176,68.4,1,1,5,494,10.7
2024-09-22,S02,台中逢甲店,中區,C03,鮮食,112,82.5,0,1,6,273,9.0
2024-09-23,S02,台中逢甲店,中區,C03,鮮食,74,84.0,0,0,0,255,5.8
2024-09-24,S02,台中逢甲店,中區,C03,鮮食,94,80.2,0,0,1,203,5.7
2024-09-25,S02,台中逢甲店,中區,C03,鮮食,75,82.6,0,0,2,185,5.4
2024-09-26,S02,台中逢甲店,中區,C03,鮮食,60,69.5,0,0,3,209,5.7
2024-09-27,S02,台中逢甲店,中區,C03,鮮食,103,80.8,0,0,4,190,6.9
2024-09-28,S02,台中逢甲店,中區,C03,鮮食,133,87.2,0,1,5,251,8.2
2024-09-29,S02,台中逢甲店,中區,C03,鮮食,138,80.5,0,1,6,286,9.0
2024-09-30,S02,台中逢甲店,中區,C03,鮮食,62,82.6,0,0,0,166,5.3
2024-10-01,S02,台中逢甲店,中區,C03,鮮食,67,78.3,0,0,1,188,6.1
2024-10-02,S02,台中逢甲店,中區,C03,鮮食,78,78.8,0,0,2,264,6.0
2024-10-03,S02,台中逢甲店,中區,C03,鮮食,75,84.8,0,0,3,241,6.6
2024-10-04,S02,台中逢甲店,中區,C03,鮮食,92,79.0,0,0,4,244,5.9
2024-10-05,S02,台中逢甲店,中區,C03,鮮食,147,73.5,0,1,5,246,9.9
2024-10-06,S02,台中逢甲店,中區,C03,鮮食,122,87.2,0,1,6,279,8.4
2024-10-07,S02,台中逢甲店,中區,C03,鮮食,86,83.4,0,0,0,301,6.2
2024-10-08,S02,台中逢甲店,中區,C03,鮮食,72,78.8,0,0,1,265,5.5
2024-10-09,S02,台中逢甲店,中區,C03,鮮食,82,76.9,0,0,2,262,6.1
2024-10-10,S02,台中逢甲店,中區,C03,鮮食,130,65.2,1,1,3,456,9.2
2024-10-11,S02,台中逢甲店,中區,C03,鮮食,87,85.9,0,0,4,224,6.7
2024-10-12,S02,台中逢甲店,中區,C03,鮮食,140,76.3,0,1,5,414,9.6
2024-10-13,S02,台中逢甲店,中區,C03,鮮食,151,60.2,1,1,6,417,9.8
2024-10-14,S02,台中逢甲店,中區,C03,鮮食,83,81.7,0,0,0,168,5.9
2024-10-15,S02,台中逢甲店,中區,C03,鮮食,83,82.8,0,0,1,169,6.7
2024-10-16,S02,台中逢甲店,中區,C03,鮮食,104,66.9,1,0,2,326,6.2
2024-10-17,S02,台中逢甲店,中區,C03,鮮食,67,76.9,0,0,3,165,4.9
2024-10-18,S02,台中逢甲店,中區,C03,鮮食,56,83.1,0,0,4,130,5.6
2024-10-19,S02,台中逢甲店,中區,C03,鮮食,179,64.7,1,1,5,480,9.9
2024-10-20,S02,台中逢甲店,中區,C03,鮮食,152,74.3,0,1,6,284,9.8
2024-10-21,S02,台中逢甲店,中區,C03,鮮食,81,81.9,0,0,0,290,5.4
2024-10-22,S02,台中逢甲店,中區,C03,鮮食,76,83.2,0,0,1,163,5.7
2024-10-23,S02,台中逢甲店,中區,C03,鮮食,77,83.9,0,0,2,261,5.9
2024-10-24,S02,台中逢甲店,中區,C03,鮮食,81,89.5,0,0,3,296,6.1
2024-10-25,S02,台中逢甲店,中區,C03,鮮食,94,78.7,0,0,4,301,5.7
2024-10-26,S02,台中逢甲店,中區,C03,鮮食,136,77.1,0,1,5,495,9.6
2024-10-27,S02,台中逢甲店,中區,C03,鮮食,127,78.2,0,1,6,442,8.4
2024-10-28,S02,台中逢甲店,中區,C03,鮮食,60,79.4,0,0,0,109,6.0
2024-10-29,S02,台中逢甲店,中區,C03,鮮食,78,82.2,0,0,1,144,5.8
2024-10-30,S02,台中逢甲店,中區,C03,鮮食,56,80.1,0,0,2,199,4.6
2024-10-31,S02,台中逢甲店,中區,C03,鮮食,65,79.0,0,0,3,231,5.6
2024-11-01,S02,台中逢甲店,中區,C03,鮮食,109,71.4,0,0,4,185,6.2
2024-11-02,S02,台中逢甲店,中區,C03,鮮食,107,80.6,0,1,5,330,9.0
2024-11-03,S02,台中逢甲店,中區,C03,鮮食,90,81.1,0,1,6,208,7.9
2024-11-04,S02,台中逢甲店,中區,C03,鮮食,58,83.5,0,0,0,160,4.8
2024-11-05,S02,台中逢甲店,中區,C03,鮮食,79,80.2,0,0,1,254,6.3
2024-11-06,S02,台中逢甲店,中區,C03,鮮食,77,87.5,0,0,2,213,5.9
2024-11-07,S02,台中逢甲店,中區,C03,鮮食,79,81.4,0,0,3,204,5.8
2024-11-08,S02,台中逢甲店,中區,C03,鮮食,103,79.1,0,0,4,258,6.2
2024-11-09,S02,台中逢甲店,中區,C03,鮮食,131,79.2,0,1,5,399,9.2
2024-11-10,S02,台中逢甲店,中區,C03,鮮食,122,74.9,0,1,6,320,9.7
2024-11-11,S02,台中逢甲店,中區,C03,鮮食,63,77.8,0,0,0,214,6.0
2024-11-12,S02,台中逢甲店,中區,C03,鮮食,67,86.0,0,0,1,185,5.6
2024-11-13,S02,台中逢甲店,中區,C03,鮮食,75,88.6,0,0,2,132,6.6
2024-11-14,S02,台中逢甲店,中區,C03,鮮食,71,80.6,0,0,3,199,5.9
2024-11-15,S02,台中逢甲店,中區,C03,鮮食,71,76.6,0,0,4,209,5.1
2024-11-16,S02,台中逢甲店,中區,C03,鮮食,104,78.3,0,1,5,281,8.0
2024-11-17,S02,台中逢甲店,中區,C03,鮮食,123,80.3,0,1,6,404,9.6
2024-11-18,S02,台中逢甲店,中區,C03,鮮食,59,83.7,0,0,0,222,6.2
2024-11-19,S02,台中逢甲店,中區,C03,鮮食,84,82.1,0,0,1,240,6.0
2024-11-20,S02,台中逢甲店,中區,C03,鮮食,88,81.5,0,0,2,161,6.5
2024-11-21,S02,台中逢甲店,中區,C03,鮮食,106,69.7,1,0,3,362,7.0
2024-11-22,S02,台中逢甲店,中區,C03,鮮食,78,83.4,0,0,4,234,6.3
2024-11-23,S02,台中逢甲店,中區,C03,鮮食,97,77.1,0,1,5,187,8.2
2024-11-24,S02,台中逢甲店,中區,C03,鮮食,172,67.1,1,1,6,482,10.2
2024-11-25,S02,台中逢甲店,中區,C03,鮮食,80,77.8,0,0,0,258,5.7
2024-11-26,S02,台中逢甲店,中區,C03,鮮食,67,80.6,0,0,1,159,5.5
2024-11-27,S02,台中逢甲店,中區,C03,鮮食,81,80.1,0,0,2,291,5.6
2024-11-28,S02,台中逢甲店,中區,C03,鮮食,73,78.0,0,0,3,273,5.2
2024-11-29,S02,台中逢甲店,中區,C03,鮮食,75,74.5,0,0,4,242,5.5
2024-11-30,S02,台中逢甲店,中區,C03,鮮食,119,78.9,0,1,5,272,9.0
2024-12-01,S02,台中逢甲店,中區,C03,鮮食,150,62.8,1,1,6,539,9.1
2024-12-02,S02,台中逢甲店,中區,C03,鮮食,68,85.6,0,0,0,176,5.4
2024-12-03,S02,台中逢甲店,中區,C03,鮮食,95,62.1,1,0,1,278,5.5
2024-12-04,S02,台中逢甲店,中區,C03,鮮食,73,77.0,0,0,2,206,5.6
2024-12-05,S02,台中逢甲店,中區,C03,鮮食,66,80.0,0,0,3,208,6.0
2024-12-06,S02,台中逢甲店,中區,C03,鮮食,61,79.7,0,0,4,173,5.9
2024-12-07,S02,台中逢甲店,中區,C03,鮮食,103,77.0,0,1,5,231,8.2
2024-12-08,S02,台中逢甲店,中區,C03,鮮食,132,79.3,0,1,6,345,8.6
2024-12-09,S02,台中逢甲店,中區,C03,鮮食,57,82.2,0,0,0,197,5.3
2024-12-10,S02,台中逢甲店,中區,C03,鮮食,78,67.5,1,0,1,289,5.5
2024-12-11,S02,台中逢甲店,中區,C03,鮮食,61,74.5,0,0,2,170,5.2
2024-12-12,S02,台中逢甲店,中區,C03,鮮食,86,65.7,1,0,3,272,7.2
2024-12-13,S02,台中逢甲店,中區,C03,鮮食,98,78.1,0,0,4,264,6.5
2024-12-14,S02,台中逢甲店,中區,C03,鮮食,150,70.8,1,1,5,484,10.1
2024-12-15,S02,台中逢甲店,中區,C03,鮮食,117,75.9,0,1,6,251,8.8
2024-12-16,S02,台中逢甲店,中區,C03,鮮食,63,81.5,0,0,0,184,5.5
2024-12-17,S02,台中逢甲店,中區,C03,鮮食,64,75.7,0,0,1,184,6.1
2024-12-18,S02,台中逢甲店,中區,C03,鮮食,69,79.0,0,0,2,236,6.2
2024-12-19,S02,台中逢甲店,中區,C03,鮮食,71,69.6,0,0,3,244,7.1
2024-12-20,S02,台中逢甲店,中區,C03,鮮食,91,74.7,0,0,4,333,5.6
2024-12-21,S02,台中逢甲店,中區,C03,鮮食,140,67.6,1,1,5,429,8.9
2024-12-22,S02,台中逢甲店,中區,C03,鮮食,109,80.4,0,1,6,346,8.0
2024-12-23,S02,台中逢甲店,中區,C03,鮮食,57,86.3,0,0,0,141,5.5
2024-12-24,S02,台中逢甲店,中區,C03,鮮食,60,82.3,0,0,1,176,5.2
2024-12-25,S02,台中逢甲店,中區,C03,鮮食,86,78.4,0,1,2,268,8.6
2024-12-26,S02,台中逢甲店,中區,C03,鮮食,66,80.5,0,0,3,180,5.9
2024-12-27,S02,台中逢甲店,中區,C03,鮮食,80,76.0,0,0,4,259,6.7
2024-12-28,S02,台中逢甲店,中區,C03,鮮食,129,82.2,0,1,5,241,9.1
2024-12-29,S02,台中逢甲店,中區,C03,鮮食,110,83.8,0,1,6,260,8.4
2024-12-30,S02,台中逢甲店,中區,C03,鮮食,85,66.4,1,0,0,185,6.1
2023-01-01,S02,台中逢甲店,中區,C04,日用品,82,126.7,0,1,6,195,8.2
2023-01-02,S02,台中逢甲店,中區,C04,日用品,43,125.8,0,0,0,136,5.0
2023-01-03,S02,台中逢甲店,中區,C04,日用品,50,119.2,0,0,1,163,4.5
2023-01-04,S02,台中逢甲店,中區,C04,日用品,48,120.5,0,0,2,162,5.7
2023-01-05,S02,台中逢甲店,中區,C04,日用品,48,128.0,0,0,3,122,5.0
2023-01-06,S02,台中逢甲店,中區,C04,日用品,56,113.5,0,0,4,130,4.5
2023-01-07,S02,台中逢甲店,中區,C04,日用品,63,122.3,0,1,5,138,7.3
2023-01-08,S02,台中逢甲店,中區,C04,日用品,72,121.8,0,1,6,177,7.1
2023-01-09,S02,台中逢甲店,中區,C04,日用品,51,120.7,0,0,0,108,5.9
2023-01-10,S02,台中逢甲店,中區,C04,日用品,48,120.7,0,0,1,120,5.5
2023-01-11,S02,台中逢甲店,中區,C04,日用品,68,98.9,1,0,2,214,5.5
2023-01-12,S02,台中逢甲店,中區,C04,日用品,64,135.1,0,0,3,215,5.8
2023-01-13,S02,台中逢甲店,中區,C04,日用品,67,120.4,0,0,4,198,6.3
2023-01-14,S02,台中逢甲店,中區,C04,日用品,71,127.3,0,1,5,164,7.0
2023-01-15,S02,台中逢甲店,中區,C04,日用品,73,132.8,0,1,6,231,7.5
2023-01-16,S02,台中逢甲店,中區,C04,日用品,41,114.9,0,0,0,151,4.9
2023-01-17,S02,台中逢甲店,中區,C04,日用品,53,121.4,0,0,1,143,4.9
2023-01-18,S02,台中逢甲店,中區,C04,日用品,58,123.4,0,0,2,198,5.1
2023-01-19,S02,台中逢甲店,中區,C04,日用品,41,121.8,0,0,3,125,5.4
2023-01-20,S02,台中逢甲店,中區,C04,日用品,55,126.7,0,0,4,189,5.3
2023-01-21,S02,台中逢甲店,中區,C04,日用品,86,112.7,0,1,5,153,8.7
2023-01-22,S02,台中逢甲店,中區,C04,日用品,84,113.9,0,1,6,175,9.5
2023-01-23,S02,台中逢甲店,中區,C04,日用品,57,102.3,1,0,0,114,6.1
2023-01-24,S02,台中逢甲店,中區,C04,日用品,45,123.5,0,0,1,143,5.6
2023-01-25,S02,台中逢甲店,中區,C04,日用品,36,123.7,0,0,2,121,4.7
2023-01-26,S02,台中逢甲店,中區,C04,日用品,60,119.9,0,0,3,142,5.9
2023-01-27,S02,台中逢甲店,中區,C04,日用品,58,119.3,0,0,4,195,5.1
2023-01-28,S02,台中逢甲店,中區,C04,日用品,102,116.6,1,1,5,193,8.7
2023-01-29,S02,台中逢甲店,中區,C04,日用品,96,118.4,0,1,6,198,8.6
2023-01-30,S02,台中逢甲店,中區,C04,日用品,69,115.7,0,0,0,203,5.7
2023-01-31,S02,台中逢甲店,中區,C04,日用品,69,103.4,1,0,1,132,5.9
2023-02-01,S02,台中逢甲店,中區,C04,日用品,50,115.1,0,0,2,97,5.8
2023-02-02,S02,台中逢甲店,中區,C04,日用品,44,113.0,0,0,3,122,5.8
2023-02-03,S02,台中逢甲店,中區,C04,日用品,61,119.6,0,0,4,222,4.4
2023-02-04,S02,台中逢甲店,中區,C04,日用品,89,131.7,0,1,5,322,8.3
2023-02-05,S02,台中逢甲店,中區,C04,日用品,91,113.4,0,1,6,229,8.1
2023-02-06,S02,台中逢甲店,中區,C04,日用品,59,99.3,1,0,0,131,5.6
2023-02-07,S02,台中逢甲店,中區,C04,日用品,77,111.9,1,0,1,158,5.7
2023-02-08,S02,台中逢甲店,中區,C04,日用品,50,116.8,0,0,2,107,5.8
2023-02-09,S02,台中逢甲店,中區,C04,日用品,59,116.7,0,0,3,160,5.6
2023-02-10,S02,台中逢甲店,中區,C04,日用品,56,120.6,0,0,4,139,5.1
2023-02-11,S02,台中逢甲店,中區,C04,日用品,87,104.2,0,1,5,318,8.7
2023-02-12,S02,台中逢甲店,中區,C04,日用品,94,118.6,0,1,6,194,8.1
2023-02-13,S02,台中逢甲店,中區,C04,日用品,47,120.2,0,0,0,179,4.9
2023-02-14,S02,台中逢甲店,中區,C04,日用品,50,127.1,0,0,1,185,5.2
2023-02-15,S02,台中逢甲店,中區,C04,日用品,43,123.1,0,0,2,100,4.5
2023-02-16,S02,台中逢甲店,中區,C04,日用品,64,121.1,0,0,3,123,5.7
2023-02-17,S02,台中逢甲店,中區,C04,日用品,59,132.1,0,0,4,134,5.3
2023-02-18,S02,台中逢甲店,中區,C04,日用品,98,97.5,1,1,5,314,8.5
2023-02-19,S02,台中逢甲店,中區,C04,日用品,90,113.5,0,1,6,242,9.2
2023-02-20,S02,台中逢甲店,中區,C04,日用品,63,116.6,0,0,0,245,5.3
2023-02-21,S02,台中逢甲店,中區,C04,日用品,49,121.7,0,0,1,157,5.5
2023-02-22,S02,台中逢甲店,中區,C04,日用品,55,116.4,0,0,2,146,5.1
2023-02-23,S02,台中逢甲店,中區,C04,日用品,68,122.8,0,0,3,198,6.3
2023-02-24,S02,台中逢甲店,中區,C04,日用品,54,116.8,0,0,4,180,5.6
2023-02-25,S02,台中逢甲店,中區,C04,日用品,85,113.0,0,1,5,224,8.7
2023-02-26,S02,台中逢甲店,中區,C04,日用品,113,114.4,0,1,6,310,8.1
2023-02-27,S02,台中逢甲店,中區,C04,日用品,53,107.4,0,0,0,180,5.7
2023-02-28,S02,台中逢甲店,中區,C04,日用品,90,121.4,0,1,1,312,8.9
2023-03-01,S02,台中逢甲店,中區,C04,日用品,50,122.4,0,0,2,112,4.9
2023-03-02,S02,台中逢甲店,中區,C04,日用品,68,112.7,0,0,3,212,5.7
2023-03-03,S02,台中逢甲店,中區,C04,日用品,67,119.8,0,0,4,161,6.0
2023-03-04,S02,台中逢甲店,中區,C04,日用品,101,108.0,0,1,5,226,9.1
2023-03-05,S02,台中逢甲店,中區,C04,日用品,84,118.1,0,1,6,314,7.3
2023-03-06,S02,台中逢甲店,中區,C04,日用品,63,119.3,0,0,0,144,5.9
2023-03-07,S02,台中逢甲店,中區,C04,日用品,81,104.2,1,0,1,155,5.2
2023-03-08,S02,台中逢甲店,中區,C04,日用品,66,91.4,1,0,2,248,5.6
2023-03-09,S02,台中逢甲店,中區,C04,日用品,56,127.2,0,0,3,178,4.8
2023-03-10,S02,台中逢甲店,中區,C04,日用品,63,117.4,0,0,4,204,5.4
2023-03-11,S02,台中逢甲店,中區,C04,日用品,103,118.7,0,1,5,197,7.5
2023-03-12,S02,台中逢甲店,中區,C04,日用品,70,118.8,0,1,6,179,7.9
2023-03-13,S02,台中逢甲店,中區,C04,日用品,62,120.2,0,0,0,211,5.8
2023-03-14,S02,台中逢甲店,中區,C04,日用品,61,121.6,0,0,1,127,5.2
2023-03-15,S02,台中逢甲店,中區,C04,日用品,71,128.3,0,0,2,236,4.8
2023-03-16,S02,台中逢甲店,中區,C04,日用品,39,112.5,0,0,3,100,4.8
2023-03-17,S02,台中逢甲店,中區,C04,日用品,58,130.0,0,0,4,156,5.4
2023-03-18,S02,台中逢甲店,中區,C04,日用品,83,131.2,0,1,5,293,8.8
2023-03-19,S02,台中逢甲店,中區,C04,日用品,94,116.5,0,1,6,315,9.1
2023-03-20,S02,台中逢甲店,中區,C04,日用品,36,120.5,0,0,0,114,5.0
2023-03-21,S02,台中逢甲店,中區,C04,日用品,62,125.1,0,0,1,129,5.6
2023-03-22,S02,台中逢甲店,中區,C04,日用品,51,113.3,0,0,2,158,6.3
2023-03-23,S02,台中逢甲店,中區,C04,日用品,54,116.5,0,0,3,210,6.1
2023-03-24,S02,台中逢甲店,中區,C04,日用品,70,128.2,0,0,4,165,6.1
2023-03-25,S02,台中逢甲店,中區,C04,日用品,98,117.1,0,1,5,264,8.3
2023-03-26,S02,台中逢甲店,中區,C04,日用品,94,124.8,0,1,6,263,7.8
2023-03-27,S02,台中逢甲店,中區,C04,日用品,71,97.8,1,0,0,263,5.6
2023-03-28,S02,台中逢甲店,中區,C04,日用品,59,119.6,0,0,1,132,5.4
2023-03-29,S02,台中逢甲店,中區,C04,日用品,60,119.4,0,0,2,157,5.9
2023-03-30,S02,台中逢甲店,中區,C04,日用品,62,125.8,0,0,3,130,5.2
2023-03-31,S02,台中逢甲店,中區,C04,日用品,60,119.3,0,0,4,208,5.2
2023-04-01,S02,台中逢甲店,中區,C04,日用品,118,111.5,0,1,5,407,8.4
2023-04-02,S02,台中逢甲店,中區,C04,日用品,91,129.0,0,1,6,258,8.6
2023-04-03,S02,台中逢甲店,中區,C04,日用品,48,115.8,0,0,0,177,5.3
2023-04-04,S02,台中逢甲店,中區,C04,日用品,74,135.5,0,1,1,203,8.0
2023-04-05,S02,台中逢甲店,中區,C04,日用品,76,113.5,0,1,2,206,7.8
2023-04-06,S02,台中逢甲店,中區,C04,日用品,48,115.1,0,0,3,121,4.6
2023-04-07,S02,台中逢甲店,中區,C04,日用品,84,107.8,1,0,4,306,7.0
2023-04-08,S02,台中逢甲店,中區,C04,日用品,112,117.2,0,1,5,291,9.1
2023-04-09,S02,台中逢甲店,中區,C04,日用品,109,113.5,0,1,6,236,8.1
2023-04-10,S02,台中逢甲店,中區,C04,日用品,58,118.9,0,0,0,194,5.8
2023-04-11,S02,台中逢甲店,中區,C04,日用品,72,106.3,1,0,1,198,6.1
2023-04-12,S02,台中逢甲店,中區,C04,日用品,65,126.5,0,0,2,168,4.8
2023-04-13,S02,台中逢甲店,中區,C04,日用品,59,123.4,0,0,3,208,6.1
2023-04-14,S02,台中逢甲店,中區,C04,日用品,65,116.9,0,0,4,232,5.4
2023-04-15,S02,台中逢甲店,中區,C04,日用品,108,115.9,0,1,5,321,8.9
2023-04-16,S02,台中逢甲店,中區,C04,日用品,104,124.8,0,1,6,315,8.7
2023-04-17,S02,台中逢甲店,中區,C04,日用品,61,124.4,0,0,0,187,5.7
2023-04-18,S02,台中逢甲店,中區,C04,日用品,54,106.5,0,0,1,145,5.7
2023-04-19,S02,台中逢甲店,中區,C04,日用品,59,123.5,0,0,2,205,5.2
2023-04-20,S02,台中逢甲店,中區,C04,日用品,79,98.6,1,0,3,227,5.5
2023-04-21,S02,台中逢甲店,中區,C04,日用品,93,115.3,0,0,4,276,7.0
2023-04-22,S02,台中逢甲店,中區,C04,日用品,96,130.0,0,1,5,337,8.5
2023-04-23,S02,台中逢甲店,中區,C04,日用品,87,122.5,0,1,6,233,7.4
2023-04-24,S02,台中逢甲店,中區,C04,日用品,65,116.8,0,0,0,233,5.9
2023-04-25,S02,台中逢甲店,中區,C04,日用品,65,118.9,0,0,1,122,6.2
2023-04-26,S02,台中逢甲店,中區,C04,日用品,71,103.9,1,0,2,134,5.2
2023-04-27,S02,台中逢甲店,中區,C04,日用品,68,118.4,0,0,3,228,6.0
2023-04-28,S02,台中逢甲店,中區,C04,日用品,61,116.7,0,0,4,133,6.7
2023-04-29,S02,台中逢甲店,中區,C04,日用品,105,121.1,0,1,5,207,8.3
2023-04-30,S02,台中逢甲店,中區,C04,日用品,100,125.3,0,1,6,205,8.1
2023-05-01,S02,台中逢甲店,中區,C04,日用品,80,117.8,0,1,0,193,7.6
2023-05-02,S02,台中逢甲店,中區,C04,日用品,58,119.8,0,0,1,162,5.0
2023-05-03,S02,台中逢甲店,中區,C04,日用品,65,120.5,0,0,2,206,5.9
2023-05-04,S02,台中逢甲店,中區,C04,日用品,54,113.2,0,0,3,147,5.6
2023-05-05,S02,台中逢甲店,中區,C04,日用品,76,107.1,0,0,4,255,5.9
2023-05-06,S02,台中逢甲店,中區,C04,日用品,105,126.9,0,1,5,329,8.8
2023-05-07,S02,台中逢甲店,中區,C04,日用品,108,105.5,0,1,6,337,8.0
2023-05-08,S02,台中逢甲店,中區,C04,日用品,48,113.4,0,0,0,96,4.8
2023-05-09,S02,台中逢甲店,中區,C04,日用品,57,114.4,0,0,1,207,5.1
2023-05-10,S02,台中逢甲店,中區,C04,日用品,57,122.0,0,0,2,158,5.6
2023-05-11,S02,台中逢甲店,中區,C04,日用品,70,126.0,0,0,3,240,5.2
2023-05-12,S02,台中逢甲店,中區,C04,日用品,80,119.0,0,0,4,229,5.9
2023-05-13,S02,台中逢甲店,中區,C04,日用品,117,115.0,0,1,5,312,8.5
2023-05-14,S02,台中逢甲店,中區,C04,日用品,116,129.4,0,1,6,197,9.2
2023-05-15,S02,台中逢甲店,中區,C04,日用品,77,106.4,1,0,0,227,5.6
2023-05-16,S02,台中逢甲店,中區,C04,日用品,65,116.0,0,0,1,192,6.5
2023-05-17,S02,台中逢甲店,中區,C04,日用品,67,114.3,0,0,2,209,6.1
2023-05-18,S02,台中逢甲店,中區,C04,日用品,65,117.4,0,0,3,122,5.5
2023-05-19,S02,台中逢甲店,中區,C04,日用品,73,128.0,0,0,4,278,5.4
2023-05-20,S02,台中逢甲店,中區,C04,日用品,156,94.9,1,1,5,305,10.4
2023-05-21,S02,台中逢甲店,中區,C04,日用品,105,117.9,0,1,6,360,8.2
2023-05-22,S02,台中逢甲店,中區,C04,日用品,65,107.4,0,0,0,240,5.8
2023-05-23,S02,台中逢甲店,中區,C04,日用品,77,109.2,0,0,1,220,6.4
2023-05-24,S02,台中逢甲店,中區,C04,日用品,60,113.9,0,0,2,197,5.6
2023-05-25,S02,台中逢甲店,中區,C04,日用品,71,121.4,0,0,3,135,6.1
2023-05-26,S02,台中逢甲店,中區,C04,日用品,84,126.8,0,0,4,288,6.1
2023-05-27,S02,台中逢甲店,中區,C04,日用品,103,127.0,0,1,5,360,7.9
2023-05-28,S02,台中逢甲店,中區,C04,日用品,105,122.8,0,1,6,374,8.9
2023-05-29,S02,台中逢甲店,中區,C04,日用品,50,123.8,0,0,0,162,6.0
2023-05-30,S02,台中逢甲店,中區,C04,日用品,89,125.7,0,0,1,327,4.9
2023-05-31,S02,台中逢甲店,中區,C04,日用品,74,113.3,0,0,2,134,6.4
2023-06-01,S02,台中逢甲店,中區,C04,日用品,69,118.0,0,0,3,145,6.0
2023-06-02,S02,台中逢甲店,中區,C04,日用品,72,118.1,0,0,4,150,4.9
2023-06-03,S02,台中逢甲店,中區,C04,日用品,98,123.0,0,1,5,239,8.3
2023-06-04,S02,台中逢甲店,中區,C04,日用品,76,132.4,0,1,6,196,8.3
2023-06-05,S02,台中逢甲店,中區,C04,日用品,37,120.9,0,0,0,95,6.2
2023-06-06,S02,台中逢甲店,中區,C04,日用品,93,122.7,0,0,1,319,7.0
2023-06-07,S02,台中逢甲店,中區,C04,日用品,72,109.0,0,0,2,213,5.6
2023-06-08,S02,台中逢甲店,中區,C04,日用品,57,117.8,0,0,3,133,5.7
2023-06-09,S02,台中逢甲店,中區,C04,日用品,79,110.0,0,0,4,235,5.4
2023-06-10,S02,台中逢甲店,中區,C04,日用品,118,124.1,0,1,5,240,8.9
2023-06-11,S02,台中逢甲店,中區,C04,日用品,129,126.5,0,1,6,366,8.7
2023-06-12,S02,台中逢甲店,中區,C04,日用品,66,122.3,0,0,0,160,6.6
2023-06-13,S02,台中逢甲店,中區,C04,日用品,74,125.8,0,0,1,282,6.0
2023-06-14,S02,台中逢甲店,中區,C04,日用品,69,121.8,0,0,2,222,5.8
2023-06-15,S02,台中逢甲店,中區,C04,日用品,54,118.7,0,0,3,137,5.6
2023-06-16,S02,台中逢甲店,中區,C04,日用品,59,117.8,0,0,4,133,5.2
2023-06-17,S02,台中逢甲店,中區,C04,日用品,130,108.3,0,1,5,367,9.6
2023-06-18,S02,台中逢甲店,中區,C04,日用品,127,115.0,0,1,6,395,8.4
2023-06-19,S02,台中逢甲店,中區,C04,日用品,65,123.8,0,0,0,119,5.1
2023-06-20,S02,台中逢甲店,中區,C04,日用品,68,119.6,0,0,1,141,5.4
2023-06-21,S02,台中逢甲店,中區,C04,日用品,76,127.3,0,0,2,279,6.1
2023-06-22,S02,台中逢甲店,中區,C04,日用品,63,111.9,0,0,3,156,6.7
2023-06-23,S02,台中逢甲店,中區,C04,日用品,81,121.4,0,0,4,168,6.0
2023-06-24,S02,台中逢甲店,中區,C04,日用品,119,125.5,0,1,5,274,9.3
2023-06-25,S02,台中逢甲店,中區,C04,日用品,107,123.7,0,1,6,313,8.2
2023-06-26,S02,台中逢甲店,中區,C04,日用品,54,114.1,0,0,0,150,5.7
2023-06-27,S02,台中逢甲店,中區,C04,日用品,72,107.5,0,0,1,141,5.5
2023-06-28,S02,台中逢甲店,中區,C04,日用品,68,126.1,0,0,2,197,5.4
2023-06-29,S02,台中逢甲店,中區,C04,日用品,63,121.0,0,0,3,138,5.3
2023-06-30,S02,台中逢甲店,中區,C04,日用品,93,117.3,0,0,4,285,6.3
2023-07-01,S02,台中逢甲店,中區,C04,日用品,109,127.3,0,1,5,269,8.3
2023-07-02,S02,台中逢甲店,中區,C04,日用品,138,110.5,1,1,6,409,9.4
2023-07-03,S02,台中逢甲店,中區,C04,日用品,64,124.6,0,0,0,151,5.5
2023-07-04,S02,台中逢甲店,中區,C04,日用品,61,121.4,0,0,1,208,4.6
2023-07-05,S02,台中逢甲店,中區,C04,日用品,79,102.6,1,0,2,285,5.8
2023-07-06,S02,台中逢甲店,中區,C04,日用品,53,118.2,0,0,3,115,5.7
2023-07-07,S02,台中逢甲店,中區,C04,日用品,66,112.4,0,0,4,203,5.8
2023-07-08,S02,台中逢甲店,中區,C04,日用品,125,120.4,0,1,5,334,8.7
2023-07-09,S02,台中逢甲店,中區,C04,日用品,137,122.3,0,1,6,484,9.2
2023-07-10,S02,台中逢甲店,中區,C04,日用品,66,122.0,0,0,0,254,5.7
2023-07-11,S02,台中逢甲店,中區,C04,日用品,61,118.2,0,0,1,178,5.6
2023-07-12,S02,台中逢甲店,中區,C04,日用品,67,120.3,0,0,2,151,6.4
2023-07-13,S02,台中逢甲店,中區,C04,日用品,74,115.5,0,0,3,241,6.1
2023-07-14,S02,台中逢甲店,中區,C04,日用品,78,113.5,0,0,4,138,6.1
2023-07-15,S02,台中逢甲店,中區,C04,日用品,95,118.4,0,1,5,304,8.7
2023-07-16,S02,台中逢甲店,中區,C04,日用品,115,114.5,0,1,6,222,9.5
2023-07-17,S02,台中逢甲店,中區,C04,日用品,53,127.6,0,0,0,119,5.5
2023-07-18,S02,台中逢甲店,中區,C04,日用品,77,118.7,0,0,1,275,5.4
2023-07-19,S02,台中逢甲店,中區,C04,日用品,74,110.2,0,0,2,265,5.7
2023-07-20,S02,台中逢甲店,中區,C04,日用品,72,125.2,0,0,3,164,5.0
2023-07-21,S02,台中逢甲店,中區,C04,日用品,75,127.1,0,0,4,229,5.6
2023-07-22,S02,台中逢甲店,中區,C04,日用品,97,113.6,0,1,5,303,8.3
2023-07-23,S02,台中逢甲店,中區,C04,日用品,112,119.9,0,1,6,286,7.2
2023-07-24,S02,台中逢甲店,中區,C04,日用品,61,116.4,0,0,0,194,5.8
2023-07-25,S02,台中逢甲店,中區,C04,日用品,55,121.1,0,0,1,176,5.2
2023-07-26,S02,台中逢甲店,中區,C04,日用品,67,129.2,0,0,2,252,5.2
2023-07-27,S02,台中逢甲店,中區,C04,日用品,74,113.2,0,0,3,137,7.4
2023-07-28,S02,台中逢甲店,中區,C04,日用品,78,132.8,0,0,4,243,5.0
2023-07-29,S02,台中逢甲店,中區,C04,日用品,132,114.9,0,1,5,390,9.4
2023-07-30,S02,台中逢甲店,中區,C04,日用品,152,103.7,1,1,6,453,9.8
2023-07-31,S02,台中逢甲店,中區,C04,日用品,47,114.3,0,0,0,170,5.0
2023-08-01,S02,台中逢甲店,中區,C04,日用品,63,124.4,0,0,1,159,5.3
2023-08-02,S02,台中逢甲店,中區,C04,日用品,50,126.8,0,0,2,102,6.4
2023-08-03,S02,台中逢甲店,中區,C04,日用品,62,122.2,0,0,3,134,5.2
2023-08-04,S02,台中逢甲店,中區,C04,日用品,81,119.9,0,0,4,229,5.9
2023-08-05,S02,台中逢甲店,中區,C04,日用品,120,116.2,0,1,5,391,8.8
2023-08-06,S02,台中逢甲店,中區,C04,日用品,121,111.3,0,1,6,375,9.0
2023-08-07,S02,台中逢甲店,中區,C04,日用品,62,117.7,0,0,0,129,5.3
2023-08-08,S02,台中逢甲店,中區,C04,日用品,56,119.8,0,0,1,133,6.3
2023-08-09,S02,台中逢甲店,中區,C04,日用品,82,123.9,0,0,2,185,6.2
2023-08-10,S02,台中逢甲店,中區,C04,日用品,69,121.7,0,0,3,133,5.5
2023-08-11,S02,台中逢甲店,中區,C04,日用品,69,112.6,0,0,4,218,6.9
2023-08-12,S02,台中逢甲店,中區,C04,日用品,101,122.4,0,1,5,317,7.8
2023-08-13,S02,台中逢甲店,中區,C04,日用品,88,116.9,0,1,6,211,8.7
2023-08-14,S02,台中逢甲店,中區,C04,日用品,51,120.3,0,0,0,115,6.0
2023-08-15,S02,台中逢甲店,中區,C04,日用品,82,115.2,0,0,1,302,5.3
2023-08-16,S02,台中逢甲店,中區,C04,日用品,63,117.1,0,0,2,171,6.3
2023-08-17,S02,台中逢甲店,中區,C04,日用品,71,120.3,0,0,3,154,6.2
2023-08-18,S02,台中逢甲店,中區,C04,日用品,80,100.6,1,0,4,175,6.5
2023-08-19,S02,台中逢甲店,中區,C04,日用品,96,134.8,0,1,5,242,8.8
2023-08-20,S02,台中逢甲店,中區,C04,日用品,94,124.2,0,1,6,198,8.0
2023-08-21,S02,台中逢甲店,中區,C04,日用品,74,101.7,1,0,0,255,5.1
2023-08-22,S02,台中逢甲店,中區,C04,日用品,76,107.2,1,0,1,183,5.4
2023-08-23,S02,台中逢甲店,中區,C04,日用品,83,110.7,0,0,2,273,6.8
2023-08-24,S02,台中逢甲店,中區,C04,日用品,94,103.0,1,0,3,193,6.6
2023-08-25,S02,台中逢甲店,中區,C04,日用品,68,109.5,0,0,4,189,5.8
2023-08-26,S02,台中逢甲店,中區,C04,日用品,113,112.7,0,1,5,228,8.6
2023-08-27,S02,台中逢甲店,中區,C04,日用品,133,119.6,0,1,6,464,9.1
2023-08-28,S02,台中逢甲店,中區,C04,日用品,65,122.2,0,0,0,177,5.5
2023-08-29,S02,台中逢甲店,中區,C04,日用品,70,117.8,0,0,1,150,5.4
2023-08-30,S02,台中逢甲店,中區,C04,日用品,74,117.9,0,0,2,194,5.8
2023-08-31,S02,台中逢甲店,中區,C04,日用品,63,124.7,0,0,3,197,5.6
2023-09-01,S02,台中逢甲店,中區,C04,日用品,86,107.4,1,0,4,245,5.7
2023-09-02,S02,台中逢甲店,中區,C04,日用品,95,118.1,0,1,5,300,8.1
2023-09-03,S02,台中逢甲店,中區,C04,日用品,101,111.2,0,1,6,337,8.8
2023-09-04,S02,台中逢甲店,中區,C04,日用品,51,125.2,0,0,0,103,4.9
2023-09-05,S02,台中逢甲店,中區,C04,日用品,77,115.0,0,0,1,142,6.4
2023-09-06,S02,台中逢甲店,中區,C04,日用品,70,116.9,0,0,2,164,5.1
2023-09-07,S02,台中逢甲店,中區,C04,日用品,78,112.9,0,0,3,283,6.0
2023-09-08,S02,台中逢甲店,中區,C04,日用品,117,100.7,1,0,4,285,6.6
2023-09-09,S02,台中逢甲店,中區,C04,日用品,146,96.2,1,1,5,538,10.1
2023-09-10,S02,台中逢甲店,中區,C04,日用品,130,104.6,1,1,6,237,9.2
2023-09-11,S02,台中逢甲店,中區,C04,日用品,53,115.2,0,0,0,106,5.0
2023-09-12,S02,台中逢甲店,中區,C04,日用品,66,114.9,0,0,1,163,5.4
2023-09-13,S02,台中逢甲店,中區,C04,日用品,80,118.9,0,0,2,257,5.7
2023-09-14,S02,台中逢甲店,中區,C04,日用品,49,119.9,0,0,3,185,5.5
2023-09-15,S02,台中逢甲店,中區,C04,日用品,98,112.4,0,0,4,234,7.0
2023-09-16,S02,台中逢甲店,中區,C04,日用品,94,114.1,0,1,5,260,8.8
2023-09-17,S02,台中逢甲店,中區,C04,日用品,110,123.4,0,1,6,282,8.6
2023-09-18,S02,台中逢甲店,中區,C04,日用品,62,117.4,0,0,0,157,5.7
2023-09-19,S02,台中逢甲店,中區,C04,日用品,67,115.1,0,0,1,177,6.3
2023-09-20,S02,台中逢甲店,中區,C04,日用品,72,118.9,0,0,2,206,6.3
2023-09-21,S02,台中逢甲店,中區,C04,日用品,67,118.7,0,0,3,233,5.1
2023-09-22,S02,台中逢甲店,中區,C04,日用品,57,123.0,0,0,4,150,5.6
2023-09-23,S02,台中逢甲店,中區,C04,日用品,117,118.2,0,1,5,380,8.1
2023-09-24,S02,台中逢甲店,中區,C04,日用品,116,101.7,1,1,6,412,8.6
2023-09-25,S02,台中逢甲店,中區,C04,日用品,60,108.0,0,0,0,187,6.2
2023-09-26,S02,台中逢甲店,中區,C04,日用品,77,106.8,1,0,1,168,5.1
2023-09-27,S02,台中逢甲店,中區,C04,日用品,62,118.0,0,0,2,130,4.9
2023-09-28,S02,台中逢甲店,中區,C04,日用品,89,88.4,1,0,3,228,5.8
2023-09-29,S02,台中逢甲店,中區,C04,日用品,66,118.7,0,0,4,199,5.5
2023-09-30,S02,台中逢甲店,中區,C04,日用品,114,114.8,0,1,5,368,9.1
2023-10-01,S02,台中逢甲店,中區,C04,日用品,108,127.9,0,1,6,254,8.7
2023-10-02,S02,台中逢甲店,中區,C04,日用品,53,130.9,0,0,0,117,5.2
2023-10-03,S02,台中逢甲店,中區,C04,日用品,69,106.5,0,0,1,214,6.3
2023-10-04,S02,台中逢甲店,中區,C04,日用品,84,105.0,1,0,2,176,6.0
2023-10-05,S02,台中逢甲店,中區,C04,日用品,72,125.5,0,0,3,212,6.1
2023-10-06,S02,台中逢甲店,中區,C04,日用品,83,96.3,1,0,4,273,5.7
2023-10-07,S02,台中逢甲店,中區,C04,日用品,101,120.0,0,1,5,263,8.6
2023-10-08,S02,台中逢甲店,中區,C04,日用品,100,129.9,0,1,6,351,9.3
2023-10-09,S02,台中逢甲店,中區,C04,日用品,51,117.1,0,0,0,167,6.5
2023-10-10,S02,台中逢甲店,中區,C04,日用品,86,126.9,0,1,1,282,7.7
2023-10-11,S02,台中逢甲店,中區,C04,日用品,58,120.1,0,0,2,228,6.0
2023-10-12,S02,台中逢甲店,中區,C04,日用品,66,111.3,0,0,3,187,5.3
2023-10-13,S02,台中逢甲店,中區,C04,日用品,64,118.5,0,0,4,166,6.3
2023-10-14,S02,台中逢甲店,中區,C04,日用品,83,122.4,0,1,5,176,8.4
2023-10-15,S02,台中逢甲店,中區,C04,日用品,103,112.5,0,1,6,233,8.4
2023-10-16,S02,台中逢甲店,中區,C04,日用品,59,117.3,0,0,0,216,5.3
2023-10-17,S02,台中逢甲店,中區,C04,日用品,62,122.3,0,0,1,160,6.5
2023-10-18,S02,台中逢甲店,中區,C04,日用品,82,101.6,1,0,2,259,5.8
2023-10-19,S02,台中逢甲店,中區,C04,日用品,70,120.5,0,0,3,148,6.3
2023-10-20,S02,台中逢甲店,中區,C04,日用品,62,123.0,0,0,4,156,5.4
2023-10-21,S02,台中逢甲店,中區,C04,日用品,123,109.3,1,1,5,252,9.3
2023-10-22,S02,台中逢甲店,中區,C04,日用品,106,126.2,0,1,6,272,8.1
2023-10-23,S02,台中逢甲店,中區,C04,日用品,60,124.4,0,0,0,116,5.3
2023-10-24,S02,台中逢甲店,中區,C04,日用品,56,119.4,0,0,1,176,6.1
2023-10-25,S02,台中逢甲店,中區,C04,日用品,62,117.3,0,0,2,231,5.6
2023-10-26,S02,台中逢甲店,中區,C04,日用品,65,122.5,0,0,3,143,6.4
2023-10-27,S02,台中逢甲店,中區,C04,日用品,65,112.1,0,0,4,202,5.3
2023-10-28,S02,台中逢甲店,中區,C04,日用品,90,123.8,0,1,5,312,8.4
2023-10-29,S02,台中逢甲店,中區,C04,日用品,74,129.5,0,1,6,142,8.1
2023-10-30,S02,台中逢甲店,中區,C04,日用品,76,107.2,1,0,0,218,4.3
2023-10-31,S02,台中逢甲店,中區,C04,日用品,60,121.4,0,0,1,171,5.4
2023-11-01,S02,台中逢甲店,中區,C04,日用品,44,122.8,0,0,2,120,5.2
2023-11-02,S02,台中逢甲店,中區,C04,日用品,51,123.0,0,0,3,154,5.7
2023-11-03,S02,台中逢甲店,中區,C04,日用品,63,125.8,0,0,4,166,5.8
2023-11-04,S02,台中逢甲店,中區,C04,日用品,109,91.7,1,1,5,256,8.2
2023-11-05,S02,台中逢甲店,中區,C04,日用品,132,99.8,1,1,6,244,8.9
2023-11-06,S02,台中逢甲店,中區,C04,日用品,62,113.8,0,0,0,206,4.9
2023-11-07,S02,台中逢甲店,中區,C04,日用品,49,119.1,0,0,1,148,4.0
2023-11-08,S02,台中逢甲店,中區,C04,日用品,56,116.8,0,0,2,107,6.3
2023-11-09,S02,台中逢甲店,中區,C04,日用品,61,114.1,0,0,3,132,5.2
2023-11-10,S02,台中逢甲店,中區,C04,日用品,80,128.9,0,0,4,250,6.7
2023-11-11,S02,台中逢甲店,中區,C04,日用品,110,103.3,1,1,5,345,9.5
2023-11-12,S02,台中逢甲店,中區,C04,日用品,95,122.0,0,1,6,233,8.6
2023-11-13,S02,台中逢甲店,中區,C04,日用品,54,125.5,0,0,0,132,5.1
2023-11-14,S02,台中逢甲店,中區,C04,日用品,71,118.7,0,0,1,161,4.8
2023-11-15,S02,台中逢甲店,中區,C04,日用品,46,118.6,0,0,2,108,4.3
2023-11-16,S02,台中逢甲店,中區,C04,日用品,48,120.4,0,0,3,148,4.4
2023-11-17,S02,台中逢甲店,中區,C04,日用品,65,121.8,0,0,4,164,5.5
2023-11-18,S02,台中逢甲店,中區,C04,日用品,103,115.2,0,1,5,193,8.2
2023-11-19,S02,台中逢甲店,中區,C04,日用品,103,118.4,0,1,6,332,8.7
2023-11-20,S02,台中逢甲店,中區,C04,日用品,44,112.7,0,0,0,141,5.8
2023-11-21,S02,台中逢甲店,中區,C04,日用品,45,116.4,0,0,1,171,5.2
2023-11-22,S02,台中逢甲店,中區,C04,日用品,63,123.2,0,0,2,173,5.1
2023-11-23,S02,台中逢甲店,中區,C04,日用品,49,124.0,0,0,3,146,5.3
2023-11-24,S02,台中逢甲店,中區,C04,日用品,68,128.1,0,0,4,223,5.0
2023-11-25,S02,台中逢甲店,中區,C04,日用品,111,115.6,0,1,5,276,8.6
2023-11-26,S02,台中逢甲店,中區,C04,日用品,85,113.6,0,1,6,236,7.8
2023-11-27,S02,台中逢甲店,中區,C04,日用品,57,118.2,0,0,0,163,5.3
2023-11-28,S02,台中逢甲店,中區,C04,日用品,72,113.8,1,0,1,257,6.5
2023-11-29,S02,台中逢甲店,中區,C04,日用品,64,129.2,0,0,2,132,6.1
2023-11-30,S02,台中逢甲店,中區,C04,日用品,61,118.8,0,0,3,232,5.5
2023-12-01,S02,台中逢甲店,中區,C04,日用品,68,121.4,0,0,4,177,5.9
2023-12-02,S02,台中逢甲店,中區,C04,日用品,99,113.8,0,1,5,309,8.0
2023-12-03,S02,台中逢甲店,中區,C04,日用品,103,114.3,0,1,6,237,9.3
2023-12-04,S02,台中逢甲店,中區,C04,日用品,61,117.1,0,0,0,150,5.0
2023-12-05,S02,台中逢甲店,中區,C04,日用品,80,116.9,0,0,1,182,6.7
2023-12-06,S02,台中逢甲店,中區,C04,日用品,72,114.9,0,0,2,261,6.7
2023-12-07,S02,台中逢甲店,中區,C04,日用品,71,123.3,0,0,3,228,6.3
2023-12-08,S02,台中逢甲店,中區,C04,日用品,83,108.8,1,0,4,245,4.5
2023-12-09,S02,台中逢甲店,中區,C04,日用品,104,121.0,0,1,5,359,8.7
2023-12-10,S02,台中逢甲店,中區,C04,日用品,97,120.7,0,1,6,178,8.6
2023-12-11,S02,台中逢甲店,中區,C04,日用品,66,122.9,0,0,0,191,5.2
2023-12-12,S02,台中逢甲店,中區,C04,日用品,61,124.5,0,0,1,218,5.7
2023-12-13,S02,台中逢甲店,中區,C04,日用品,67,119.9,0,0,2,168,6.3
2023-12-14,S02,台中逢甲店,中區,C04,日用品,66,121.9,0,0,3,190,5.6
2023-12-15,S02,台中逢甲店,中區,C04,日用品,69,124.8,0,0,4,203,5.4
2023-12-16,S02,台中逢甲店,中區,C04,日用品,106,112.9,0,1,5,188,9.5
2023-12-17,S02,台中逢甲店,中區,C04,日用品,99,121.5,0,1,6,219,8.6
2023-12-18,S02,台中逢甲店,中區,C04,日用品,55,115.2,0,0,0,187,5.2
2023-12-19,S02,台中逢甲店,中區,C04,日用品,64,129.9,0,0,1,218,6.6
2023-12-20,S02,台中逢甲店,中區,C04,日用品,66,126.6,0,0,2,162,4.2
2023-12-21,S02,台中逢甲店,中區,C04,日用品,67,118.9,0,0,3,248,5.9
2023-12-22,S02,台中逢甲店,中區,C04,日用品,97,114.0,1,0,4,200,6.3
2023-12-23,S02,台中逢甲店,中區,C04,日用品,102,115.9,0,1,5,207,8.8
2023-12-24,S02,台中逢甲店,中區,C04,日用品,96,117.1,0,1,6,298,8.7
2023-12-25,S02,台中逢甲店,中區,C04,日用品,102,98.2,1,1,0,350,7.4
2023-12-26,S02,台中逢甲店,中區,C04,日用品,74,101.3,1,0,1,184,5.2
2023-12-27,S02,台中逢甲店,中區,C04,日用品,59,118.1,0,0,2,123,5.8
2023-12-28,S02,台中逢甲店,中區,C04,日用品,55,111.5,0,0,3,179,5.4
2023-12-29,S02,台中逢甲店,中區,C04,日用品,85,120.0,0,0,4,204,6.1
2023-12-30,S02,台中逢甲店,中區,C04,日用品,110,110.0,0,1,5,214,8.1
2023-12-31,S02,台中逢甲店,中區,C04,日用品,97,122.6,0,1,6,284,7.7
2024-01-01,S02,台中逢甲店,中區,C04,日用品,70,132.5,0,1,0,142,7.7
2024-01-02,S02,台中逢甲店,中區,C04,日用品,63,115.7,0,0,1,119,4.9
2024-01-03,S02,台中逢甲店,中區,C04,日用品,64,118.4,0,0,2,237,5.7
2024-01-04,S02,台中逢甲店,中區,C04,日用品,55,117.9,0,0,3,156,5.8
2024-01-05,S02,台中逢甲店,中區,C04,日用品,60,121.6,0,0,4,127,5.0
2024-01-06,S02,台中逢甲店,中區,C04,日用品,95,124.7,0,1,5,227,8.4
2024-01-07,S02,台中逢甲店,中區,C04,日用品,102,122.0,0,1,6,208,8.2
2024-01-08,S02,台中逢甲店,中區,C04,日用品,60,117.0,0,0,0,185,5.3
2024-01-09,S02,台中逢甲店,中區,C04,日用品,64,122.4,0,0,1,172,6.8
2024-01-10,S02,台中逢甲店,中區,C04,日用品,66,135.7,0,0,2,129,5.8
2024-01-11,S02,台中逢甲店,中區,C04,日用品,50,119.4,0,0,3,88,5.3
2024-01-12,S02,台中逢甲店,中區,C04,日用品,86,119.8,0,0,4,164,6.4
2024-01-13,S02,台中逢甲店,中區,C04,日用品,95,116.2,0,1,5,298,8.5
2024-01-14,S02,台中逢甲店,中區,C04,日用品,105,126.1,0,1,6,299,8.6
2024-01-15,S02,台中逢甲店,中區,C04,日用品,49,118.5,0,0,0,141,5.6
2024-01-16,S02,台中逢甲店,中區,C04,日用品,79,122.0,0,0,1,252,6.1
2024-01-17,S02,台中逢甲店,中區,C04,日用品,73,114.2,0,0,2,245,6.3
2024-01-18,S02,台中逢甲店,中區,C04,日用品,65,114.3,0,0,3,172,5.8
2024-01-19,S02,台中逢甲店,中區,C04,日用品,85,122.1,0,0,4,233,6.0
2024-01-20,S02,台中逢甲店,中區,C04,日用品,98,120.5,0,1,5,167,8.9
2024-01-21,S02,台中逢甲店,中區,C04,日用品,94,125.0,0,1,6,349,7.6
2024-01-22,S02,台中逢甲店,中區,C04,日用品,50,119.8,0,0,0,134,4.7
2024-01-23,S02,台中逢甲店,中區,C04,日用品,98,96.0,1,0,1,226,5.4
2024-01-24,S02,台中逢甲店,中區,C04,日用品,50,126.3,0,0,2,134,5.2
2024-01-25,S02,台中逢甲店,中區,C04,日用品,79,128.7,0,0,3,291,6.6
2024-01-26,S02,台中逢甲店,中區,C04,日用品,70,120.9,0,0,4,248,5.5
2024-01-27,S02,台中逢甲店,中區,C04,日用品,102,115.2,0,1,5,233,8.9
2024-01-28,S02,台中逢甲店,中區,C04,日用品,98,133.2,0,1,6,250,9.0
2024-01-29,S02,台中逢甲店,中區,C04,日用品,57,110.1,0,0,0,148,6.5
2024-01-30,S02,台中逢甲店,中區,C04,日用品,55,122.4,0,0,1,129,6.0
2024-01-31,S02,台中逢甲店,中區,C04,日用品,64,112.8,0,0,2,151,6.2
2024-02-01,S02,台中逢甲店,中區,C04,日用品,57,123.6,0,0,3,210,5.6
2024-02-02,S02,台中逢甲店,中區,C04,日用品,78,110.5,0,0,4,169,4.9
2024-02-03,S02,台中逢甲店,中區,C04,日用品,73,127.4,0,1,5,190,7.5
2024-02-04,S02,台中逢甲店,中區,C04,日用品,115,125.1,0,1,6,398,8.4
2024-02-05,S02,台中逢甲店,中區,C04,日用品,56,117.6,0,0,0,146,5.7
2024-02-06,S02,台中逢甲店,中區,C04,日用品,70,116.5,0,0,1,171,5.6
2024-02-07,S02,台中逢甲店,中區,C04,日用品,74,113.1,0,0,2,137,6.9
2024-02-08,S02,台中逢甲店,中區,C04,日用品,57,120.5,0,0,3,201,5.5
2024-02-09,S02,台中逢甲店,中區,C04,日用品,59,122.5,0,0,4,124,6.1
2024-02-10,S02,台中逢甲店,中區,C04,日用品,99,120.3,0,1,5,256,8.0
2024-02-11,S02,台中逢甲店,中區,C04,日用品,102,119.4,0,1,6,225,8.8
2024-02-12,S02,台中逢甲店,中區,C04,日用品,54,122.4,0,0,0,166,5.1
2024-02-13,S02,台中逢甲店,中區,C04,日用品,61,125.5,0,0,1,188,4.9
2024-02-14,S02,台中逢甲店,中區,C04,日用品,69,117.2,0,0,2,217,5.8
2024-02-15,S02,台中逢甲店,中區,C04,日用品,67,122.4,0,0,3,149,5.8
2024-02-16,S02,台中逢甲店,中區,C04,日用品,79,117.7,0,0,4,207,5.3
2024-02-17,S02,台中逢甲店,中區,C04,日用品,94,111.9,0,1,5,191,8.1
2024-02-18,S02,台中逢甲店,中區,C04,日用品,106,107.7,0,1,6,184,9.4
2024-02-19,S02,台中逢甲店,中區,C04,日用品,52,120.0,0,0,0,111,5.5
2024-02-20,S02,台中逢甲店,中區,C04,日用品,65,124.2,0,0,1,204,5.0
2024-02-21,S02,台中逢甲店,中區,C04,日用品,63,126.6,0,0,2,180,5.9
2024-02-22,S02,台中逢甲店,中區,C04,日用品,56,109.9,0,0,3,170,5.3
2024-02-23,S02,台中逢甲店,中區,C04,日用品,86,110.8,0,0,4,282,6.2
2024-02-24,S02,台中逢甲店,中區,C04,日用品,106,121.1,0,1,5,347,9.6
2024-02-25,S02,台中逢甲店,中區,C04,日用品,91,117.3,0,1,6,177,8.1
2024-02-26,S02,台中逢甲店,中區,C04,日用品,63,121.4,0,0,0,217,5.9
2024-02-27,S02,台中逢甲店,中區,C04,日用品,42,110.2,0,0,1,141,4.3
2024-02-28,S02,台中逢甲店,中區,C04,日用品,103,118.7,0,1,2,334,9.2
2024-02-29,S02,台中逢甲店,中區,C04,日用品,61,118.7,0,0,3,130,5.8
2024-03-01,S02,台中逢甲店,中區,C04,日用品,73,138.8,0,0,4,236,5.7
2024-03-02,S02,台中逢甲店,中區,C04,日用品,92,132.5,0,1,5,326,8.0
2024-03-03,S02,台中逢甲店,中區,C04,日用品,125,118.6,0,1,6,440,9.0
2024-03-04,S02,台中逢甲店,中區,C04,日用品,79,100.6,1,0,0,294,5.9
2024-03-05,S02,台中逢甲店,中區,C04,日用品,77,113.4,0,0,1,155,6.3
2024-03-06,S02,台中逢甲店,中區,C04,日用品,54,120.7,0,0,2,195,5.4
2024-03-07,S02,台中逢甲店,中區,C04,日用品,75,119.3,0,0,3,180,5.9
2024-03-08,S02,台中逢甲店,中區,C04,日用品,67,116.7,0,0,4,128,5.6
2024-03-09,S02,台中逢甲店,中區,C04,日用品,118,115.2,0,1,5,372,9.0
2024-03-10,S02,台中逢甲店,中區,C04,日用品,114,127.3,0,1,6,379,9.4
2024-03-11,S02,台中逢甲店,中區,C04,日用品,70,126.9,0,0,0,243,4.8
2024-03-12,S02,台中逢甲店,中區,C04,日用品,82,98.8,1,0,1,215,5.6
2024-03-13,S02,台中逢甲店,中區,C04,日用品,71,110.6,0,0,2,227,5.7
2024-03-14,S02,台中逢甲店,中區,C04,日用品,78,125.5,0,0,3,285,5.7
2024-03-15,S02,台中逢甲店,中區,C04,日用品,75,126.4,0,0,4,234,5.7
2024-03-16,S02,台中逢甲店,中區,C04,日用品,116,114.3,0,1,5,349,8.9
2024-03-17,S02,台中逢甲店,中區,C04,日用品,116,128.3,0,1,6,362,9.8
2024-03-18,S02,台中逢甲店,中區,C04,日用品,75,121.4,0,0,0,267,5.8
2024-03-19,S02,台中逢甲店,中區,C04,日用品,97,96.4,1,0,1,215,7.0
2024-03-20,S02,台中逢甲店,中區,C04,日用品,68,106.0,0,0,2,128,5.1
2024-03-21,S02,台中逢甲店,中區,C04,日用品,59,128.0,0,0,3,130,5.3
2024-03-22,S02,台中逢甲店,中區,C04,日用品,81,119.9,0,0,4,213,5.5
2024-03-23,S02,台中逢甲店,中區,C04,日用品,142,114.0,0,1,5,363,9.7
2024-03-24,S02,台中逢甲店,中區,C04,日用品,106,119.7,0,1,6,380,8.7
2024-03-25,S02,台中逢甲店,中區,C04,日用品,75,96.4,1,0,0,181,6.9
2024-03-26,S02,台中逢甲店,中區,C04,日用品,81,123.9,0,0,1,292,5.6
2024-03-27,S02,台中逢甲店,中區,C04,日用品,81,117.4,0,0,2,250,6.1
2024-03-28,S02,台中逢甲店,中區,C04,日用品,72,122.7,0,0,3,247,5.7
2024-03-29,S02,台中逢甲店,中區,C04,日用品,74,113.4,0,0,4,186,5.2
2024-03-30,S02,台中逢甲店,中區,C04,日用品,106,127.0,0,1,5,277,9.0
2024-03-31,S02,台中逢甲店,中區,C04,日用品,126,116.3,0,1,6,235,9.2
2024-04-01,S02,台中逢甲店,中區,C04,日用品,47,124.3,0,0,0,156,5.4
2024-04-02,S02,台中逢甲店,中區,C04,日用品,64,123.4,0,0,1,167,6.7
2024-04-03,S02,台中逢甲店,中區,C04,日用品,89,103.9,1,0,2,276,6.4
2024-04-04,S02,台中逢甲店,中區,C04,日用品,99,116.4,0,1,3,294,8.4
2024-04-05,S02,台中逢甲店,中區,C04,日用品,107,104.5,0,1,4,240,8.6
2024-04-06,S02,台中逢甲店,中區,C04,日用品,128,114.8,0,1,5,239,8.9
2024-04-07,S02,台中逢甲店,中區,C04,日用品,131,114.2,0,1,6,275,9.2
2024-04-08,S02,台中逢甲店,中區,C04,日用品,66,119.0,0,0,0,186,4.7
2024-04-09,S02,台中逢甲店,中區,C04,日用品,71,122.9,0,0,1,198,5.7
2024-04-10,S02,台中逢甲店,中區,C04,日用品,82,122.1,0,0,2,159,5.6
2024-04-11,S02,台中逢甲店,中區,C04,日用品,68,121.1,0,0,3,237,6.2
2024-04-12,S02,台中逢甲店,中區,C04,日用品,82,118.3,0,0,4,274,6.1
2024-04-13,S02,台中逢甲店,中區,C04,日用品,115,118.2,0,1,5,281,7.9
2024-04-14,S02,台中逢甲店,中區,C04,日用品,100,127.6,0,1,6,349,8.6
2024-04-15,S02,台中逢甲店,中區,C04,日用品,60,116.8,0,0,0,132,5.5
2024-04-16,S02,台中逢甲店,中區,C04,日用品,80,120.8,0,0,1,179,6.0
2024-04-17,S02,台中逢甲店,中區,C04,日用品,58,116.7,0,0,2,202,4.6
2024-04-18,S02,台中逢甲店,中區,C04,日用品,83,118.7,0,0,3,158,6.2
2024-04-19,S02,台中逢甲店,中區,C04,日用品,87,114.0,0,0,4,194,6.6
2024-04-20,S02,台中逢甲店,中區,C04,日用品,133,112.3,0,1,5,284,9.5
2024-04-21,S02,台中逢甲店,中區,C04,日用品,120,115.4,0,1,6,270,8.7
2024-04-22,S02,台中逢甲店,中區,C04,日用品,61,124.3,0,0,0,139,6.1
2024-04-23,S02,台中逢甲店,中區,C04,日用品,80,116.8,0,0,1,269,6.4
2024-04-24,S02,台中逢甲店,中區,C04,日用品,84,131.0,0,0,2,206,6.2
2024-04-25,S02,台中逢甲店,中區,C04,日用品,79,119.0,0,0,3,193,5.8
2024-04-26,S02,台中逢甲店,中區,C04,日用品,101,128.4,0,0,4,196,7.3
2024-04-27,S02,台中逢甲店,中區,C04,日用品,155,122.8,1,1,5,450,9.7
2024-04-28,S02,台中逢甲店,中區,C04,日用品,116,115.6,0,1,6,321,8.5
2024-04-29,S02,台中逢甲店,中區,C04,日用品,85,123.1,0,0,0,295,6.3
2024-04-30,S02,台中逢甲店,中區,C04,日用品,71,113.9,0,0,1,143,5.5
2024-05-01,S02,台中逢甲店,中區,C04,日用品,80,112.1,0,1,2,265,8.0
2024-05-02,S02,台中逢甲店,中區,C04,日用品,65,115.8,0,0,3,207,6.1
2024-05-03,S02,台中逢甲店,中區,C04,日用品,58,131.1,0,0,4,216,6.2
2024-05-04,S02,台中逢甲店,中區,C04,日用品,143,106.6,1,1,5,293,9.9
2024-05-05,S02,台中逢甲店,中區,C04,日用品,116,124.9,0,1,6,348,8.0
2024-05-06,S02,台中逢甲店,中區,C04,日用品,71,117.6,0,0,0,237,6.1
2024-05-07,S02,台中逢甲店,中區,C04,日用品,89,123.1,0,0,1,173,5.4
2024-05-08,S02,台中逢甲店,中區,C04,日用品,76,121.8,0,0,2,183,5.4
2024-05-09,S02,台中逢甲店,中區,C04,日用品,76,115.6,0,0,3,155,6.1
2024-05-10,S02,台中逢甲店,中區,C04,日用品,125,103.9,1,0,4,226,6.7
2024-05-11,S02,台中逢甲店,中區,C04,日用品,158,94.7,1,1,5,421,8.9
2024-05-12,S02,台中逢甲店,中區,C04,日用品,116,127.2,0,1,6,328,8.9
2024-05-13,S02,台中逢甲店,中區,C04,日用品,80,124.1,0,0,0,275,5.5
2024-05-14,S02,台中逢甲店,中區,C04,日用品,67,127.1,0,0,1,183,5.7
2024-05-15,S02,台中逢甲店,中區,C04,日用品,78,116.7,0,0,2,190,6.3
2024-05-16,S02,台中逢甲店,中區,C04,日用品,90,121.1,0,0,3,193,6.1
2024-05-17,S02,台中逢甲店,中區,C04,日用品,78,125.8,0,0,4,266,6.0
2024-05-18,S02,台中逢甲店,中區,C04,日用品,119,126.4,0,1,5,219,9.1
2024-05-19,S02,台中逢甲店,中區,C04,日用品,113,124.7,0,1,6,309,9.3
2024-05-20,S02,台中逢甲店,中區,C04,日用品,96,101.8,1,0,0,169,6.4
2024-05-21,S02,台中逢甲店,中區,C04,日用品,95,118.2,0,0,1,173,6.8
2024-05-22,S02,台中逢甲店,中區,C04,日用品,75,120.2,0,0,2,190,5.6
2024-05-23,S02,台中逢甲店,中區,C04,日用品,88,112.0,0,0,3,254,6.4
2024-05-24,S02,台中逢甲店,中區,C04,日用品,100,102.7,0,0,4,344,6.5
2024-05-25,S02,台中逢甲店,中區,C04,日用品,124,118.8,0,1,5,226,9.1
2024-05-26,S02,台中逢甲店,中區,C04,日用品,116,108.2,0,1,6,285,8.8
2024-05-27,S02,台中逢甲店,中區,C04,日用品,80,116.0,0,0,0,136,6.5
2024-05-28,S02,台中逢甲店,中區,C04,日用品,67,128.9,0,0,1,120,5.5
2024-05-29,S02,台中逢甲店,中區,C04,日用品,76,126.0,0,0,2,180,6.3
2024-05-30,S02,台中逢甲店,中區,C04,日用品,84,113.3,0,0,3,144,6.2
2024-05-31,S02,台中逢甲店,中區,C04,日用品,97,123.9,0,0,4,279,6.6
2024-06-01,S02,台中逢甲店,中區,C04,日用品,126,132.2,0,1,5,292,10.0
2024-06-02,S02,台中逢甲店,中區,C04,日用品,131,122.1,0,1,6,469,9.5
2024-06-03,S02,台中逢甲店,中區,C04,日用品,63,116.9,0,0,0,148,5.7
2024-06-04,S02,台中逢甲店,中區,C04,日用品,79,124.7,0,0,1,247,6.2
2024-06-05,S02,台中逢甲店,中區,C04,日用品,70,124.2,0,0,2,189,5.5
2024-06-06,S02,台中逢甲店,中區,C04,日用品,66,122.4,0,0,3,194,5.8
2024-06-07,S02,台中逢甲店,中區,C04,日用品,73,131.7,0,0,4,268,6.1
2024-06-08,S02,台中逢甲店,中區,C04,日用品,132,126.5,0,1,5,244,10.1
2024-06-09,S02,台中逢甲店,中區,C04,日用品,135,127.1,0,1,6,268,10.0
2024-06-10,S02,台中逢甲店,中區,C04,日用品,63,119.0,0,0,0,210,4.8
2024-06-11,S02,台中逢甲店,中區,C04,日用品,72,127.9,0,0,1,136,6.7
2024-06-12,S02,台中逢甲店,中區,C04,日用品,92,125.3,0,0,2,269,7.1
2024-06-13,S02,台中逢甲店,中區,C04,日用品,69,99.1,0,0,3,213,5.4
2024-06-14,S02,台中逢甲店,中區,C04,日用品,128,101.7,1,0,4,449,7.7
2024-06-15,S02,台中逢甲店,中區,C04,日用品,147,118.0,0,1,5,440,9.3
2024-06-16,S02,台中逢甲店,中區,C04,日用品,136,107.0,0,1,6,389,9.8
2024-06-17,S02,台中逢甲店,中區,C04,日用品,79,125.8,0,0,0,275,5.9
2024-06-18,S02,台中逢甲店,中區,C04,日用品,63,118.7,0,0,1,209,5.8
2024-06-19,S02,台中逢甲店,中區,C04,日用品,81,119.1,0,0,2,177,5.7
2024-06-20,S02,台中逢甲店,中區,C04,日用品,71,128.2,0,0,3,168,6.0
2024-06-21,S02,台中逢甲店,中區,C04,日用品,102,123.0,0,0,4,308,7.0
2024-06-22,S02,台中逢甲店,中區,C04,日用品,141,115.5,0,1,5,387,9.3
2024-06-23,S02,台中逢甲店,中區,C04,日用品,135,123.0,0,1,6,478,9.8
2024-06-24,S02,台中逢甲店,中區,C04,日用品,91,101.6,1,0,0,258,6.0
2024-06-25,S02,台中逢甲店,中區,C04,日用品,91,122.4,0,0,1,207,6.1
2024-06-26,S02,台中逢甲店,中區,C04,日用品,74,119.2,0,0,2,138,5.8
2024-06-27,S02,台中逢甲店,中區,C04,日用品,82,119.3,0,0,3,206,6.3
2024-06-28,S02,台中逢甲店,中區,C04,日用品,60,129.1,0,0,4,218,5.5
2024-06-29,S02,台中逢甲店,中區,C04,日用品,107,113.9,0,1,5,333,9.6
2024-06-30,S02,台中逢甲店,中區,C04,日用品,138,117.8,0,1,6,408,9.1
2024-07-01,S02,台中逢甲店,中區,C04,日用品,70,118.7,0,0,0,259,5.5
2024-07-02,S02,台中逢甲店,中區,C04,日用品,74,122.2,0,0,1,131,6.1
2024-07-03,S02,台中逢甲店,中區,C04,日用品,77,117.0,0,0,2,183,5.7
2024-07-04,S02,台中逢甲店,中區,C04,日用品,79,110.4,0,0,3,249,6.2
2024-07-05,S02,台中逢甲店,中區,C04,日用品,79,126.8,0,0,4,293,6.2
2024-07-06,S02,台中逢甲店,中區,C04,日用品,171,97.5,1,1,5,326,10.4
2024-07-07,S02,台中逢甲店,中區,C04,日用品,156,107.7,1,1,6,540,10.2
2024-07-08,S02,台中逢甲店,中區,C04,日用品,87,97.8,1,0,0,152,7.5
2024-07-09,S02,台中逢甲店,中區,C04,日用品,80,120.3,0,0,1,172,6.5
2024-07-10,S02,台中逢甲店,中區,C04,日用品,81,129.0,0,0,2,170,5.4
2024-07-11,S02,台中逢甲店,中區,C04,日用品,85,119.5,0,0,3,264,6.1
2024-07-12,S02,台中逢甲店,中區,C04,日用品,102,100.8,1,0,4,211,5.9
2024-07-13,S02,台中逢甲店,中區,C04,日用品,115,115.4,0,1,5,356,9.2
2024-07-14,S02,台中逢甲店,中區,C04,日用品,124,120.9,0,1,6,391,8.8
2024-07-15,S02,台中逢甲店,中區,C04,日用品,73,115.6,0,0,0,153,5.7
2024-07-16,S02,台中逢甲店,中區,C04,日用品,78,127.3,0,0,1,212,5.5
2024-07-17,S02,台中逢甲店,中區,C04,日用品,72,123.0,0,0,2,199,5.4
2024-07-18,S02,台中逢甲店,中區,C04,日用品,70,125.2,0,0,3,175,6.1
2024-07-19,S02,台中逢甲店,中區,C04,日用品,101,120.0,0,0,4,185,6.9
2024-07-20,S02,台中逢甲店,中區,C04,日用品,129,123.6,0,1,5,350,8.9
2024-07-21,S02,台中逢甲店,中區,C04,日用品,151,130.2,0,1,6,454,9.4
2024-07-22,S02,台中逢甲店,中區,C04,日用品,68,134.0,0,0,0,207,5.0
2024-07-23,S02,台中逢甲店,中區,C04,日用品,71,115.0,0,0,1,244,5.4
2024-07-24,S02,台中逢甲店,中區,C04,日用品,76,133.4,0,0,2,222,5.4
2024-07-25,S02,台中逢甲店,中區,C04,日用品,85,112.6,0,0,3,219,5.9
2024-07-26,S02,台中逢甲店,中區,C04,日用品,71,123.3,0,0,4,250,5.4
2024-07-27,S02,台中逢甲店,中區,C04,日用品,150,106.5,1,1,5,350,9.9
2024-07-28,S02,台中逢甲店,中區,C04,日用品,130,118.7,0,1,6,359,9.9
2024-07-29,S02,台中逢甲店,中區,C04,日用品,61,128.5,0,0,0,140,5.5
2024-07-30,S02,台中逢甲店,中區,C04,日用品,74,114.2,0,0,1,147,5.4
2024-07-31,S02,台中逢甲店,中區,C04,日用品,72,116.3,0,0,2,247,5.9
2024-08-01,S02,台中逢甲店,中區,C04,日用品,74,125.5,0,0,3,176,6.3
2024-08-02,S02,台中逢甲店,中區,C04,日用品,127,90.3,1,0,4,221,7.7
2024-08-03,S02,台中逢甲店,中區,C04,日用品,119,123.5,0,1,5,247,9.0
2024-08-04,S02,台中逢甲店,中區,C04,日用品,127,109.6,0,1,6,282,9.0
2024-08-05,S02,台中逢甲店,中區,C04,日用品,84,124.8,0,0,0,148,6.5
2024-08-06,S02,台中逢甲店,中區,C04,日用品,78,115.9,0,0,1,148,7.0
2024-08-07,S02,台中逢甲店,中區,C04,日用品,109,112.2,1,0,2,367,7.2
2024-08-08,S02,台中逢甲店,中區,C04,日用品,72,108.9,0,0,3,221,5.6
2024-08-09,S02,台中逢甲店,中區,C04,日用品,92,125.8,0,0,4,265,6.1
2024-08-10,S02,台中逢甲店,中區,C04,日用品,169,105.4,1,1,5,339,10.0
2024-08-11,S02,台中逢甲店,中區,C04,日用品,97,108.1,0,1,6,203,9.2
2024-08-12,S02,台中逢甲店,中區,C04,日用品,68,119.6,0,0,0,230,5.3
2024-08-13,S02,台中逢甲店,中區,C04,日用品,78,120.0,0,0,1,256,6.1
2024-08-14,S02,台中逢甲店,中區,C04,日用品,79,116.4,0,0,2,286,5.7
2024-08-15,S02,台中逢甲店,中區,C04,日用品,96,111.1,0,0,3,248,7.2
2024-08-16,S02,台中逢甲店,中區,C04,日用品,86,125.8,0,0,4,257,6.3
2024-08-17,S02,台中逢甲店,中區,C04,日用品,120,124.7,0,1,5,240,8.4
2024-08-18,S02,台中逢甲店,中區,C04,日用品,117,112.1,0,1,6,337,9.1
2024-08-19,S02,台中逢甲店,中區,C04,日用品,70,125.6,0,0,0,147,4.9
2024-08-20,S02,台中逢甲店,中區,C04,日用品,75,127.6,0,0,1,274,6.1
2024-08-21,S02,台中逢甲店,中區,C04,日用品,65,128.7,0,0,2,240,6.0
2024-08-22,S02,台中逢甲店,中區,C04,日用品,74,127.1,0,0,3,188,6.5
2024-08-23,S02,台中逢甲店,中區,C04,日用品,86,110.5,0,0,4,198,5.9
2024-08-24,S02,台中逢甲店,中區,C04,日用品,101,118.3,0,1,5,191,8.3
2024-08-25,S02,台中逢甲店,中區,C04,日用品,98,123.8,0,1,6,212,7.4
2024-08-26,S02,台中逢甲店,中區,C04,日用品,53,123.8,0,0,0,164,5.5
2024-08-27,S02,台中逢甲店,中區,C04,日用品,76,125.1,0,0,1,249,6.7
2024-08-28,S02,台中逢甲店,中區,C04,日用品,79,121.2,0,0,2,230,6.0
2024-08-29,S02,台中逢甲店,中區,C04,日用品,52,115.3,0,0,3,127,5.7
2024-08-30,S02,台中逢甲店,中區,C04,日用品,91,123.6,0,0,4,324,5.8
2024-08-31,S02,台中逢甲店,中區,C04,日用品,125,125.1,0,1,5,445,9.8
2024-09-01,S02,台中逢甲店,中區,C04,日用品,119,127.7,0,1,6,358,9.9
2024-09-02,S02,台中逢甲店,中區,C04,日用品,68,118.9,0,0,0,197,5.8
2024-09-03,S02,台中逢甲店,中區,C04,日用品,88,105.3,1,0,1,273,5.7
2024-09-04,S02,台中逢甲店,中區,C04,日用品,75,124.0,0,0,2,174,5.6
2024-09-05,S02,台中逢甲店,中區,C04,日用品,85,114.0,0,0,3,248,5.2
2024-09-06,S02,台中逢甲店,中區,C04,日用品,72,120.7,0,0,4,173,5.0
2024-09-07,S02,台中逢甲店,中區,C04,日用品,100,124.6,0,1,5,263,7.7
2024-09-08,S02,台中逢甲店,中區,C04,日用品,144,116.7,0,1,6,471,9.5
2024-09-09,S02,台中逢甲店,中區,C04,日用品,64,123.1,0,0,0,241,6.9
2024-09-10,S02,台中逢甲店,中區,C04,日用品,86,125.9,0,0,1,248,6.9
2024-09-11,S02,台中逢甲店,中區,C04,日用品,79,124.2,0,0,2,299,6.0
2024-09-12,S02,台中逢甲店,中區,C04,日用品,77,126.5,0,0,3,270,5.3
2024-09-13,S02,台中逢甲店,中區,C04,日用品,89,132.8,0,0,4,272,6.6
2024-09-14,S02,台中逢甲店,中區,C04,日用品,134,121.4,0,1,5,301,9.0
2024-09-15,S02,台中逢甲店,中區,C04,日用品,163,100.7,1,1,6,294,11.1
2024-09-16,S02,台中逢甲店,中區,C04,日用品,66,126.6,0,0,0,159,5.3
2024-09-17,S02,台中逢甲店,中區,C04,日用品,73,119.8,0,0,1,266,4.9
2024-09-18,S02,台中逢甲店,中區,C04,日用品,76,120.1,0,0,2,274,5.1
2024-09-19,S02,台中逢甲店,中區,C04,日用品,76,119.0,0,0,3,220,7.0
2024-09-20,S02,台中逢甲店,中區,C04,日用品,86,109.8,0,0,4,236,6.7
2024-09-21,S02,台中逢甲店,中區,C04,日用品,128,119.6,0,1,5,353,9.5
2024-09-22,S02,台中逢甲店,中區,C04,日用品,117,124.9,0,1,6,295,8.9
2024-09-23,S02,台中逢甲店,中區,C04,日用品,57,116.9,0,0,0,141,5.3
2024-09-24,S02,台中逢甲店,中區,C04,日用品,69,114.9,0,0,1,206,5.6
2024-09-25,S02,台中逢甲店,中區,C04,日用品,71,130.4,0,0,2,167,5.7
2024-09-26,S02,台中逢甲店,中區,C04,日用品,67,123.1,0,0,3,236,5.6
2024-09-27,S02,台中逢甲店,中區,C04,日用品,70,122.8,0,0,4,187,5.6
2024-09-28,S02,台中逢甲店,中區,C04,日用品,109,125.3,0,1,5,351,9.2
2024-09-29,S02,台中逢甲店,中區,C04,日用品,126,128.5,0,1,6,280,9.1
2024-09-30,S02,台中逢甲店,中區,C04,日用品,67,115.1,0,0,0,177,5.0
2024-10-01,S02,台中逢甲店,中區,C04,日用品,104,99.6,1,0,1,194,6.7
2024-10-02,S02,台中逢甲店,中區,C04,日用品,80,120.5,0,0,2,178,6.8
2024-10-03,S02,台中逢甲店,中區,C04,日用品,91,102.5,1,0,3,290,5.7
2024-10-04,S02,台中逢甲店,中區,C04,日用品,78,121.4,0,0,4,282,6.4
2024-10-05,S02,台中逢甲店,中區,C04,日用品,115,118.5,0,1,5,286,9.2
2024-10-06,S02,台中逢甲店,中區,C04,日用品,105,133.2,0,1,6,288,8.9
2024-10-07,S02,台中逢甲店,中區,C04,日用品,89,96.6,1,0,0,199,6.1
2024-10-08,S02,台中逢甲店,中區,C04,日用品,71,110.7,0,0,1,229,5.7
2024-10-09,S02,台中逢甲店,中區,C04,日用品,84,111.3,0,0,2,233,6.4
2024-10-10,S02,台中逢甲店,中區,C04,日用品,111,116.5,0,1,3,190,9.2
2024-10-11,S02,台中逢甲店,中區,C04,日用品,87,120.9,0,0,4,245,6.2
2024-10-12,S02,台中逢甲店,中區,C04,日用品,110,115.4,0,1,5,227,9.5
2024-10-13,S02,台中逢甲店,中區,C04,日用品,115,121.2,0,1,6,405,9.7
2024-10-14,S02,台中逢甲店,中區,C04,日用品,77,114.3,0,0,0,140,5.7
2024-10-15,S02,台中逢甲店,中區,C04,日用品,83,120.0,0,0,1,283,5.8
2024-10-16,S02,台中逢甲店,中區,C04,日用品,75,126.7,0,0,2,256,6.0
2024-10-17,S02,台中逢甲店,中區,C04,日用品,66,108.2,0,0,3,200,5.1
2024-10-18,S02,台中逢甲店,中區,C04,日用品,92,122.2,0,0,4,256,6.0
2024-10-19,S02,台中逢甲店,中區,C04,日用品,119,116.6,0,1,5,323,9.3
2024-10-20,S02,台中逢甲店,中區,C04,日用品,106,113.5,0,1,6,181,8.8
2024-10-21,S02,台中逢甲店,中區,C04,日用品,62,116.3,0,0,0,135,6.2
2024-10-22,S02,台中逢甲店,中區,C04,日用品,88,113.1,0,0,1,314,6.6
2024-10-23,S02,台中逢甲店,中區,C04,日用品,63,111.5,0,0,2,140,5.0
2024-10-24,S02,台中逢甲店,中區,C04,日用品,84,119.3,0,0,3,213,6.1
2024-10-25,S02,台中逢甲店,中區,C04,日用品,65,120.6,0,0,4,161,5.9
2024-10-26,S02,台中逢甲店,中區,C04,日用品,104,122.8,0,1,5,183,8.4
2024-10-27,S02,台中逢甲店,中區,C04,日用品,102,127.3,0,1,6,302,8.1
2024-10-28,S02,台中逢甲店,中區,C04,日用品,72,125.9,0,0,0,235,5.1
2024-10-29,S02,台中逢甲店,中區,C04,日用品,66,116.3,0,0,1,178,6.0
2024-10-30,S02,台中逢甲店,中區,C04,日用品,54,124.6,0,0,2,129,5.5
2024-10-31,S02,台中逢甲店,中區,C04,日用品,56,116.2,0,0,3,159,6.0
2024-11-01,S02,台中逢甲店,中區,C04,日用品,90,119.7,0,0,4,257,6.2
2024-11-02,S02,台中逢甲店,中區,C04,日用品,109,119.4,0,1,5,312,8.3
2024-11-03,S02,台中逢甲店,中區,C04,日用品,147,120.0,0,1,6,272,10.1
2024-11-04,S02,台中逢甲店,中區,C04,日用品,62,127.0,0,0,0,168,6.0
2024-11-05,S02,台中逢甲店,中區,C04,日用品,79,128.2,0,0,1,241,6.3
2024-11-06,S02,台中逢甲店,中區,C04,日用品,67,120.2,0,0,2,225,5.6
2024-11-07,S02,台中逢甲店,中區,C04,日用品,87,119.0,0,0,3,248,7.0
2024-11-08,S02,台中逢甲店,中區,C04,日用品,82,124.4,0,0,4,304,6.0
2024-11-09,S02,台中逢甲店,中區,C04,日用品,98,126.5,0,1,5,341,6.9
2024-11-10,S02,台中逢甲店,中區,C04,日用品,100,115.4,0,1,6,293,8.5
2024-11-11,S02,台中逢甲店,中區,C04,日用品,73,111.7,0,0,0,244,5.0
2024-11-12,S02,台中逢甲店,中區,C04,日用品,70,117.1,0,0,1,260,5.8
2024-11-13,S02,台中逢甲店,中區,C04,日用品,63,127.9,0,0,2,217,5.5
2024-11-14,S02,台中逢甲店,中區,C04,日用品,79,109.5,0,0,3,150,5.0
2024-11-15,S02,台中逢甲店,中區,C04,日用品,88,127.1,0,0,4,155,6.2
2024-11-16,S02,台中逢甲店,中區,C04,日用品,119,118.2,0,1,5,319,8.6
2024-11-17,S02,台中逢甲店,中區,C04,日用品,101,125.2,0,1,6,206,8.8
2024-11-18,S02,台中逢甲店,中區,C04,日用品,67,107.8,0,0,0,124,5.0
2024-11-19,S02,台中逢甲店,中區,C04,日用品,63,123.4,0,0,1,118,5.8
2024-11-20,S02,台中逢甲店,中區,C04,日用品,84,122.4,0,0,2,253,6.3
2024-11-21,S02,台中逢甲店,中區,C04,日用品,92,115.3,0,0,3,316,6.1
2024-11-22,S02,台中逢甲店,中區,C04,日用品,66,114.0,0,0,4,190,5.3
2024-11-23,S02,台中逢甲店,中區,C04,日用品,121,103.8,1,1,5,337,9.4
2024-11-24,S02,台中逢甲店,中區,C04,日用品,103,116.8,0,1,6,204,8.1
2024-11-25,S02,台中逢甲店,中區,C04,日用品,88,103.9,1,0,0,263,6.4
2024-11-26,S02,台中逢甲店,中區,C04,日用品,70,119.6,0,0,1,159,5.7
2024-11-27,S02,台中逢甲店,中區,C04,日用品,46,129.3,0,0,2,132,6.3
2024-11-28,S02,台中逢甲店,中區,C04,日用品,65,123.8,0,0,3,136,5.6
2024-11-29,S02,台中逢甲店,中區,C04,日用品,79,114.9,0,0,4,162,6.0
2024-11-30,S02,台中逢甲店,中區,C04,日用品,151,103.9,1,1,5,530,10.4
2024-12-01,S02,台中逢甲店,中區,C04,日用品,119,124.2,0,1,6,403,8.9
2024-12-02,S02,台中逢甲店,中區,C04,日用品,58,119.0,0,0,0,111,6.7
2024-12-03,S02,台中逢甲店,中區,C04,日用品,46,120.2,0,0,1,129,5.6
2024-12-04,S02,台中逢甲店,中區,C04,日用品,66,116.6,0,0,2,117,5.8
2024-12-05,S02,台中逢甲店,中區,C04,日用品,71,103.8,0,0,3,163,5.4
2024-12-06,S02,台中逢甲店,中區,C04,日用品,95,106.9,1,0,4,168,6.1
2024-12-07,S02,台中逢甲店,中區,C04,日用品,102,116.4,0,1,5,333,8.5
2024-12-08,S02,台中逢甲店,中區,C04,日用品,132,105.4,1,1,6,339,8.7
2024-12-09,S02,台中逢甲店,中區,C04,日用品,58,121.9,0,0,0,135,5.0
2024-12-10,S02,台中逢甲店,中區,C04,日用品,56,118.8,0,0,1,148,5.9
2024-12-11,S02,台中逢甲店,中區,C04,日用品,67,119.9,0,0,2,130,6.7
2024-12-12,S02,台中逢甲店,中區,C04,日用品,67,107.8,0,0,3,147,5.4
2024-12-13,S02,台中逢甲店,中區,C04,日用品,80,110.9,0,0,4,273,5.8
2024-12-14,S02,台中逢甲店,中區,C04,日用品,106,118.2,0,1,5,194,9.1
2024-12-15,S02,台中逢甲店,中區,C04,日用品,129,112.6,0,1,6,403,9.3
2024-12-16,S02,台中逢甲店,中區,C04,日用品,58,117.0,0,0,0,217,5.0
2024-12-17,S02,台中逢甲店,中區,C04,日用品,69,109.1,0,0,1,180,5.8
2024-12-18,S02,台中逢甲店,中區,C04,日用品,69,120.6,0,0,2,233,5.7
2024-12-19,S02,台中逢甲店,中區,C04,日用品,66,119.1,0,0,3,160,5.7
2024-12-20,S02,台中逢甲店,中區,C04,日用品,86,117.5,0,0,4,301,6.9
2024-12-21,S02,台中逢甲店,中區,C04,日用品,109,123.0,0,1,5,365,8.0
2024-12-22,S02,台中逢甲店,中區,C04,日用品,102,132.5,0,1,6,232,9.2
2024-12-23,S02,台中逢甲店,中區,C04,日用品,55,110.6,0,0,0,137,4.9
2024-12-24,S02,台中逢甲店,中區,C04,日用品,74,121.4,0,0,1,190,5.2
2024-12-25,S02,台中逢甲店,中區,C04,日用品,101,119.9,0,1,2,213,9.3
2024-12-26,S02,台中逢甲店,中區,C04,日用品,87,128.6,0,0,3,204,6.6
2024-12-27,S02,台中逢甲店,中區,C04,日用品,52,112.0,0,0,4,206,4.8
2024-12-28,S02,台中逢甲店,中區,C04,日用品,99,110.6,0,1,5,227,8.5
2024-12-29,S02,台中逢甲店,中區,C04,日用品,111,123.3,0,1,6,197,9.4
2024-12-30,S02,台中逢甲店,中區,C04,日用品,70,115.8,0,0,0,149,5.7
2023-01-01,S03,高雄夢時代店,南區,C01,飲料,216,36.0,1,1,6,422,11.5
2023-01-02,S03,高雄夢時代店,南區,C01,飲料,129,37.7,1,0,0,440,7.0
2023-01-03,S03,高雄夢時代店,南區,C01,飲料,91,45.8,0,0,1,166,7.0
2023-01-04,S03,高雄夢時代店,南區,C01,飲料,73,44.2,0,0,2,201,5.9
2023-01-05,S03,高雄夢時代店,南區,C01,飲料,98,43.6,0,0,3,242,6.8
2023-01-06,S03,高雄夢時代店,南區,C01,飲料,120,42.4,0,0,4,341,7.3
2023-01-07,S03,高雄夢時代店,南區,C01,飲料,143,44.5,0,1,5,499,9.8
2023-01-08,S03,高雄夢時代店,南區,C01,飲料,213,37.2,1,1,6,525,11.4
2023-01-09,S03,高雄夢時代店,南區,C01,飲料,86,45.1,0,0,0,194,6.2
2023-01-10,S03,高雄夢時代店,南區,C01,飲料,89,45.7,0,0,1,247,5.8
2023-01-11,S03,高雄夢時代店,南區,C01,飲料,99,42.6,0,0,2,202,6.1
2023-01-12,S03,高雄夢時代店,南區,C01,飲料,101,46.3,0,0,3,318,6.6
2023-01-13,S03,高雄夢時代店,南區,C01,飲料,111,42.8,0,0,4,278,6.6
2023-01-14,S03,高雄夢時代店,南區,C01,飲料,162,44.8,0,1,5,332,9.8
2023-01-15,S03,高雄夢時代店,南區,C01,飲料,157,46.1,0,1,6,425,10.0
2023-01-16,S03,高雄夢時代店,南區,C01,飲料,82,48.3,0,0,0,205,6.4
2023-01-17,S03,高雄夢時代店,南區,C01,飲料,85,46.0,0,0,1,308,6.6
2023-01-18,S03,高雄夢時代店,南區,C01,飲料,81,44.8,0,0,2,207,5.6
2023-01-19,S03,高雄夢時代店,南區,C01,飲料,92,40.6,0,0,3,190,6.4
2023-01-20,S03,高雄夢時代店,南區,C01,飲料,131,46.6,0,0,4,455,7.6
2023-01-21,S03,高雄夢時代店,南區,C01,飲料,127,44.2,0,1,5,257,9.2
2023-01-22,S03,高雄夢時代店,南區,C01,飲料,134,44.6,0,1,6,338,8.9
2023-01-23,S03,高雄夢時代店,南區,C01,飲料,120,39.9,1,0,0,359,7.7
2023-01-24,S03,高雄夢時代店,南區,C01,飲料,92,43.7,0,0,1,330,7.3
2023-01-25,S03,高雄夢時代店,南區,C01,飲料,105,46.7,0,0,2,390,6.7
2023-01-26,S03,高雄夢時代店,南區,C01,飲料,85,44.1,0,0,3,252,5.6
2023-01-27,S03,高雄夢時代店,南區,C01,飲料,103,45.9,0,0,4,230,6.2
2023-01-28,S03,高雄夢時代店,南區,C01,飲料,158,44.3,0,1,5,429,10.7
2023-01-29,S03,高雄夢時代店,南區,C01,飲料,194,40.6,1,1,6,454,10.4
2023-01-30,S03,高雄夢時代店,南區,C01,飲料,85,45.3,0,0,0,263,5.2
2023-01-31,S03,高雄夢時代店,南區,C01,飲料,88,42.7,0,0,1,247,6.8
2023-02-01,S03,高雄夢時代店,南區,C01,飲料,98,46.3,0,0,2,206,6.2
2023-02-02,S03,高雄夢時代店,南區,C01,飲料,95,45.6,0,0,3,242,6.5
2023-02-03,S03,高雄夢時代店,南區,C01,飲料,115,48.9,0,0,4,215,7.2
2023-02-04,S03,高雄夢時代店,南區,C01,飲料,142,43.8,0,1,5,375,10.3
2023-02-05,S03,高雄夢時代店,南區,C01,飲料,153,43.6,0,1,6,513,10.2
2023-02-06,S03,高雄夢時代店,南區,C01,飲料,81,40.9,0,0,0,219,6.0
2023-02-07,S03,高雄夢時代店,南區,C01,飲料,106,40.6,0,0,1,274,6.4
2023-02-08,S03,高雄夢時代店,南區,C01,飲料,82,48.4,0,0,2,250,5.4
2023-02-09,S03,高雄夢時代店,南區,C01,飲料,99,45.1,0,0,3,281,7.0
2023-02-10,S03,高雄夢時代店,南區,C01,飲料,111,38.0,0,0,4,243,6.8
2023-02-11,S03,高雄夢時代店,南區,C01,飲料,146,43.5,0,1,5,249,9.3
2023-02-12,S03,高雄夢時代店,南區,C01,飲料,163,41.2,0,1,6,591,9.9
2023-02-13,S03,高雄夢時代店,南區,C01,飲料,94,47.6,0,0,0,204,5.4
2023-02-14,S03,高雄夢時代店,南區,C01,飲料,91,45.4,0,0,1,180,7.0
2023-02-15,S03,高雄夢時代店,南區,C01,飲料,88,43.2,0,0,2,289,5.6
2023-02-16,S03,高雄夢時代店,南區,C01,飲料,91,49.0,0,0,3,291,5.6
2023-02-17,S03,高雄夢時代店,南區,C01,飲料,126,42.6,0,0,4,403,6.1
2023-02-18,S03,高雄夢時代店,南區,C01,飲料,180,43.4,0,1,5,307,10.4
2023-02-19,S03,高雄夢時代店,南區,C01,飲料,158,43.4,0,1,6,301,9.9
2023-02-20,S03,高雄夢時代店,南區,C01,飲料,77,46.1,0,0,0,288,5.9
2023-02-21,S03,高雄夢時代店,南區,C01,飲料,94,43.4,0,0,1,274,6.4
2023-02-22,S03,高雄夢時代店,南區,C01,飲料,103,44.9,0,0,2,167,6.8
2023-02-23,S03,高雄夢時代店,南區,C01,飲料,75,42.2,0,0,3,211,6.4
2023-02-24,S03,高雄夢時代店,南區,C01,飲料,125,45.6,0,0,4,452,6.7
2023-02-25,S03,高雄夢時代店,南區,C01,飲料,168,50.2,0,1,5,330,10.2
2023-02-26,S03,高雄夢時代店,南區,C01,飲料,177,45.7,0,1,6,296,10.1
2023-02-27,S03,高雄夢時代店,南區,C01,飲料,98,42.8,0,0,0,222,5.8
2023-02-28,S03,高雄夢時代店,南區,C01,飲料,131,40.7,0,1,1,287,9.2
2023-03-01,S03,高雄夢時代店,南區,C01,飲料,96,45.2,0,0,2,189,6.2
2023-03-02,S03,高雄夢時代店,南區,C01,飲料,146,37.5,1,0,3,269,8.0
2023-03-03,S03,高雄夢時代店,南區,C01,飲料,97,42.3,0,0,4,189,6.4
2023-03-04,S03,高雄夢時代店,南區,C01,飲料,155,45.6,0,1,5,486,9.8
2023-03-05,S03,高雄夢時代店,南區,C01,飲料,156,44.8,0,1,6,416,10.7
2023-03-06,S03,高雄夢時代店,南區,C01,飲料,91,43.3,0,0,0,295,6.6
2023-03-07,S03,高雄夢時代店,南區,C01,飲料,100,49.6,0,0,1,258,6.9
2023-03-08,S03,高雄夢時代店,南區,C01,飲料,93,46.0,0,0,2,229,6.7
2023-03-09,S03,高雄夢時代店,南區,C01,飲料,115,45.2,0,0,3,266,6.8
2023-03-10,S03,高雄夢時代店,南區,C01,飲料,182,41.7,1,0,4,554,8.3
2023-03-11,S03,高雄夢時代店,南區,C01,飲料,166,45.7,0,1,5,372,9.9
2023-03-12,S03,高雄夢時代店,南區,C01,飲料,181,43.4,0,1,6,494,10.0
2023-03-13,S03,高雄夢時代店,南區,C01,飲料,117,39.4,0,0,0,366,6.7
2023-03-14,S03,高雄夢時代店,南區,C01,飲料,96,43.9,0,0,1,187,5.5
2023-03-15,S03,高雄夢時代店,南區,C01,飲料,102,47.2,0,0,2,361,6.5
2023-03-16,S03,高雄夢時代店,南區,C01,飲料,110,43.4,0,0,3,328,6.5
2023-03-17,S03,高雄夢時代店,南區,C01,飲料,121,43.1,0,0,4,434,6.8
2023-03-18,S03,高雄夢時代店,南區,C01,飲料,166,46.5,0,1,5,424,10.9
2023-03-19,S03,高雄夢時代店,南區,C01,飲料,202,43.5,0,1,6,329,11.3
2023-03-20,S03,高雄夢時代店,南區,C01,飲料,92,44.2,0,0,0,319,5.9
2023-03-21,S03,高雄夢時代店,南區,C01,飲料,125,45.9,0,0,1,424,7.6
2023-03-22,S03,高雄夢時代店,南區,C01,飲料,164,39.8,1,0,2,280,8.7
2023-03-23,S03,高雄夢時代店,南區,C01,飲料,135,44.5,0,0,3,355,7.5
2023-03-24,S03,高雄夢時代店,南區,C01,飲料,172,38.8,1,0,4,365,9.0
2023-03-25,S03,高雄夢時代店,南區,C01,飲料,281,41.3,1,1,5,486,12.4
2023-03-26,S03,高雄夢時代店,南區,C01,飲料,231,37.6,1,1,6,423,11.6
2023-03-27,S03,高雄夢時代店,南區,C01,飲料,104,43.2,0,0,0,326,6.6
2023-03-28,S03,高雄夢時代店,南區,C01,飲料,127,49.0,0,0,1,366,7.1
2023-03-29,S03,高雄夢時代店,南區,C01,飲料,103,40.9,0,0,2,330,7.4
2023-03-30,S03,高雄夢時代店,南區,C01,飲料,129,43.2,0,0,3,301,7.2
2023-03-31,S03,高雄夢時代店,南區,C01,飲料,132,40.6,0,0,4,251,6.6
2023-04-01,S03,高雄夢時代店,南區,C01,飲料,213,42.6,0,1,5,543,11.3
2023-04-02,S03,高雄夢時代店,南區,C01,飲料,180,45.7,0,1,6,500,10.6
2023-04-03,S03,高雄夢時代店,南區,C01,飲料,116,47.5,0,0,0,344,6.1
2023-04-04,S03,高雄夢時代店,南區,C01,飲料,121,48.9,0,1,1,325,9.3
2023-04-05,S03,高雄夢時代店,南區,C01,飲料,166,42.7,0,1,2,291,10.0
2023-04-06,S03,高雄夢時代店,南區,C01,飲料,96,44.7,0,0,3,194,6.0
2023-04-07,S03,高雄夢時代店,南區,C01,飲料,133,42.9,0,0,4,361,7.0
2023-04-08,S03,高雄夢時代店,南區,C01,飲料,179,45.3,0,1,5,386,9.6
2023-04-09,S03,高雄夢時代店,南區,C01,飲料,198,48.6,0,1,6,663,10.2
2023-04-10,S03,高雄夢時代店,南區,C01,飲料,104,41.9,0,0,0,226,5.9
2023-04-11,S03,高雄夢時代店,南區,C01,飲料,114,45.3,0,0,1,283,7.4
2023-04-12,S03,高雄夢時代店,南區,C01,飲料,158,43.0,0,0,2,395,9.4
2023-04-13,S03,高雄夢時代店,南區,C01,飲料,116,46.1,0,0,3,270,7.1
2023-04-14,S03,高雄夢時代店,南區,C01,飲料,150,45.9,0,0,4,290,8.3
2023-04-15,S03,高雄夢時代店,南區,C01,飲料,234,40.0,0,1,5,456,11.5
2023-04-16,S03,高雄夢時代店,南區,C01,飲料,234,45.8,0,1,6,549,12.2
2023-04-17,S03,高雄夢時代店,南區,C01,飲料,158,37.3,1,0,0,426,7.8
2023-04-18,S03,高雄夢時代店,南區,C01,飲料,109,44.8,0,0,1,202,7.1
2023-04-19,S03,高雄夢時代店,南區,C01,飲料,128,45.3,0,0,2,434,7.5
2023-04-20,S03,高雄夢時代店,南區,C01,飲料,113,41.9,0,0,3,306,6.5
2023-04-21,S03,高雄夢時代店,南區,C01,飲料,128,43.3,0,0,4,393,6.9
2023-04-22,S03,高雄夢時代店,南區,C01,飲料,201,45.8,0,1,5,626,10.7
2023-04-23,S03,高雄夢時代店,南區,C01,飲料,207,43.7,0,1,6,421,11.2
2023-04-24,S03,高雄夢時代店,南區,C01,飲料,104,47.0,0,0,0,364,6.4
2023-04-25,S03,高雄夢時代店,南區,C01,飲料,136,45.8,0,0,1,327,8.2
2023-04-26,S03,高雄夢時代店,南區,C01,飲料,152,43.8,0,0,2,378,7.2
2023-04-27,S03,高雄夢時代店,南區,C01,飲料,128,43.0,0,0,3,268,7.4
2023-04-28,S03,高雄夢時代店,南區,C01,飲料,193,43.1,0,0,4,427,9.8
2023-04-29,S03,高雄夢時代店,南區,C01,飲料,245,45.1,0,1,5,823,12.0
2023-04-30,S03,高雄夢時代店,南區,C01,飲料,217,44.0,0,1,6,602,11.1
2023-05-01,S03,高雄夢時代店,南區,C01,飲料,179,45.5,0,1,0,367,10.8
2023-05-02,S03,高雄夢時代店,南區,C01,飲料,152,46.0,0,0,1,395,7.4
2023-05-03,S03,高雄夢時代店,南區,C01,飲料,136,46.3,0,0,2,319,7.4
2023-05-04,S03,高雄夢時代店,南區,C01,飲料,127,42.4,0,0,3,350,7.2
2023-05-05,S03,高雄夢時代店,南區,C01,飲料,154,42.1,0,0,4,487,8.0
2023-05-06,S03,高雄夢時代店,南區,C01,飲料,218,47.6,0,1,5,392,11.6
2023-05-07,S03,高雄夢時代店,南區,C01,飲料,314,41.5,1,1,6,1087,13.7
2023-05-08,S03,高雄夢時代店,南區,C01,飲料,125,42.3,0,0,0,238,6.3
2023-05-09,S03,高雄夢時代店,南區,C01,飲料,214,35.8,1,0,1,749,9.5
2023-05-10,S03,高雄夢時代店,南區,C01,飲料,210,42.0,1,0,2,392,9.5
2023-05-11,S03,高雄夢時代店,南區,C01,飲料,144,47.1,0,0,3,332,7.5
2023-05-12,S03,高雄夢時代店,南區,C01,飲料,167,45.7,0,0,4,520,8.5
2023-05-13,S03,高雄夢時代店,南區,C01,飲料,267,48.3,0,1,5,612,12.9
2023-05-14,S03,高雄夢時代店,南區,C01,飲料,215,47.2,0,1,6,431,10.7
2023-05-15,S03,高雄夢時代店,南區,C01,飲料,141,38.7,0,0,0,485,8.1
2023-05-16,S03,高雄夢時代店,南區,C01,飲料,115,44.6,0,0,1,311,7.4
2023-05-17,S03,高雄夢時代店,南區,C01,飲料,230,39.3,1,0,2,629,10.0
2023-05-18,S03,高雄夢時代店,南區,C01,飲料,163,45.1,0,0,3,353,7.4
2023-05-19,S03,高雄夢時代店,南區,C01,飲料,163,41.9,0,0,4,367,7.9
2023-05-20,S03,高雄夢時代店,南區,C01,飲料,247,42.6,0,1,5,464,12.3
2023-05-21,S03,高雄夢時代店,南區,C01,飲料,248,44.4,0,1,6,551,11.4
2023-05-22,S03,高雄夢時代店,南區,C01,飲料,115,45.9,0,0,0,394,6.3
2023-05-23,S03,高雄夢時代店,南區,C01,飲料,226,37.3,1,0,1,399,10.7
2023-05-24,S03,高雄夢時代店,南區,C01,飲料,158,46.9,0,0,2,465,7.2
2023-05-25,S03,高雄夢時代店,南區,C01,飲料,191,39.0,0,0,3,643,8.8
2023-05-26,S03,高雄夢時代店,南區,C01,飲料,178,44.8,0,0,4,612,9.7
2023-05-27,S03,高雄夢時代店,南區,C01,飲料,259,46.3,0,1,5,806,12.0
2023-05-28,S03,高雄夢時代店,南區,C01,飲料,257,44.1,0,1,6,581,12.4
2023-05-29,S03,高雄夢時代店,南區,C01,飲料,180,35.8,1,0,0,414,6.8
2023-05-30,S03,高雄夢時代店,南區,C01,飲料,120,46.4,0,0,1,307,6.9
2023-05-31,S03,高雄夢時代店,南區,C01,飲料,146,45.4,0,0,2,452,8.1
2023-06-01,S03,高雄夢時代店,南區,C01,飲料,155,43.9,0,0,3,407,7.5
2023-06-02,S03,高雄夢時代店,南區,C01,飲料,135,46.9,0,0,4,420,7.4
2023-06-03,S03,高雄夢時代店,南區,C01,飲料,264,46.7,0,1,5,536,12.8
2023-06-04,S03,高雄夢時代店,南區,C01,飲料,367,38.0,1,1,6,817,15.4
2023-06-05,S03,高雄夢時代店,南區,C01,飲料,165,42.5,0,0,0,438,8.3
2023-06-06,S03,高雄夢時代店,南區,C01,飲料,222,40.1,1,0,1,381,8.5
2023-06-07,S03,高雄夢時代店,南區,C01,飲料,136,44.7,0,0,2,444,8.0
2023-06-08,S03,高雄夢時代店,南區,C01,飲料,152,45.5,0,0,3,367,6.3
2023-06-09,S03,高雄夢時代店,南區,C01,飲料,153,46.9,0,0,4,351,8.4
2023-06-10,S03,高雄夢時代店,南區,C01,飲料,255,48.0,0,1,5,844,12.9
2023-06-11,S03,高雄夢時代店,南區,C01,飲料,360,37.5,1,1,6,765,15.2
2023-06-12,S03,高雄夢時代店,南區,C01,飲料,219,39.4,1,0,0,484,10.1
2023-06-13,S03,高雄夢時代店,南區,C01,飲料,155,47.9,0,0,1,554,8.4
2023-06-14,S03,高雄夢時代店,南區,C01,飲料,193,40.3,1,0,2,502,9.1
2023-06-15,S03,高雄夢時代店,南區,C01,飲料,168,43.2,0,0,3,605,8.5
2023-06-16,S03,高雄夢時代店,南區,C01,飲料,180,44.2,0,0,4,390,8.8
2023-06-17,S03,高雄夢時代店,南區,C01,飲料,263,45.7,0,1,5,488,11.9
2023-06-18,S03,高雄夢時代店,南區,C01,飲料,306,44.4,0,1,6,972,14.1
2023-06-19,S03,高雄夢時代店,南區,C01,飲料,152,41.8,0,0,0,485,7.8
2023-06-20,S03,高雄夢時代店,南區,C01,飲料,195,45.0,0,0,1,694,8.3
2023-06-21,S03,高雄夢時代店,南區,C01,飲料,175,42.9,0,0,2,381,8.1
2023-06-22,S03,高雄夢時代店,南區,C01,飲料,231,42.0,1,0,3,404,8.9
2023-06-23,S03,高雄夢時代店,南區,C01,飲料,173,47.4,0,0,4,594,8.0
2023-06-24,S03,高雄夢時代店,南區,C01,飲料,280,46.3,0,1,5,620,13.4
2023-06-25,S03,高雄夢時代店,南區,C01,飲料,280,42.2,0,1,6,437,12.6
2023-06-26,S03,高雄夢時代店,南區,C01,飲料,140,45.4,0,0,0,509,6.9
2023-06-27,S03,高雄夢時代店,南區,C01,飲料,156,42.1,0,0,1,350,8.0
2023-06-28,S03,高雄夢時代店,南區,C01,飲料,179,44.9,0,0,2,383,9.1
2023-06-29,S03,高雄夢時代店,南區,C01,飲料,162,45.1,0,0,3,441,7.6
2023-06-30,S03,高雄夢時代店,南區,C01,飲料,211,43.6,0,0,4,554,9.1
2023-07-01,S03,高雄夢時代店,南區,C01,飲料,275,44.0,0,1,5,909,12.2
2023-07-02,S03,高雄夢時代店,南區,C01,飲料,248,48.6,0,1,6,480,11.7
2023-07-03,S03,高雄夢時代店,南區,C01,飲料,157,45.1,0,0,0,491,7.6
2023-07-04,S03,高雄夢時代店,南區,C01,飲料,167,49.7,0,0,1,427,7.9
2023-07-05,S03,高雄夢時代店,南區,C01,飲料,136,50.3,0,0,2,311,7.3
2023-07-06,S03,高雄夢時代店,南區,C01,飲料,169,45.1,0,0,3,371,8.0
2023-07-07,S03,高雄夢時代店,南區,C01,飲料,251,36.6,1,0,4,629,10.2
2023-07-08,S03,高雄夢時代店,南區,C01,飲料,268,44.5,0,1,5,677,12.6
2023-07-09,S03,高雄夢時代店,南區,C01,飲料,300,38.7,0,1,6,993,13.8
2023-07-10,S03,高雄夢時代店,南區,C01,飲料,184,43.6,0,0,0,482,7.5
2023-07-11,S03,高雄夢時代店,南區,C01,飲料,156,46.7,0,0,1,472,9.2
2023-07-12,S03,高雄夢時代店,南區,C01,飲料,176,42.9,0,0,2,627,8.2
2023-07-13,S03,高雄夢時代店,南區,C01,飲料,179,47.9,0,0,3,630,7.8
2023-07-14,S03,高雄夢時代店,南區,C01,飲料,188,41.7,0,0,4,435,10.1
2023-07-15,S03,高雄夢時代店,南區,C01,飲料,376,35.7,1,1,5,1163,15.3
2023-07-16,S03,高雄夢時代店,南區,C01,飲料,288,45.3,0,1,6,593,12.8
2023-07-17,S03,高雄夢時代店,南區,C01,飲料,133,43.4,0,0,0,449,7.9
2023-07-18,S03,高雄夢時代店,南區,C01,飲料,164,41.6,0,0,1,335,7.4
2023-07-19,S03,高雄夢時代店,南區,C01,飲料,172,46.4,0,0,2,354,8.9
2023-07-20,S03,高雄夢時代店,南區,C01,飲料,166,44.8,0,0,3,391,7.5
2023-07-21,S03,高雄夢時代店,南區,C01,飲料,202,43.8,0,0,4,697,8.7
2023-07-22,S03,高雄夢時代店,南區,C01,飲料,260,45.1,0,1,5,513,13.1
2023-07-23,S03,高雄夢時代店,南區,C01,飲料,286,41.3,0,1,6,510,12.7
2023-07-24,S03,高雄夢時代店,南區,C01,飲料,135,44.2,0,0,0,305,7.2
2023-07-25,S03,高雄夢時代店,南區,C01,飲料,161,45.8,0,0,1,521,8.2
2023-07-26,S03,高雄夢時代店,南區,C01,飲料,160,44.9,0,0,2,293,8.8
2023-07-27,S03,高雄夢時代店,南區,C01,飲料,180,44.3,0,0,3,407,7.7
2023-07-28,S03,高雄夢時代店,南區,C01,飲料,288,39.7,1,0,4,667,10.0
2023-07-29,S03,高雄夢時代店,南區,C01,飲料,257,46.1,0,1,5,755,12.6
2023-07-30,S03,高雄夢時代店,南區,C01,飲料,276,43.4,0,1,6,804,12.2
2023-07-31,S03,高雄夢時代店,南區,C01,飲料,177,43.2,0,0,0,335,8.7
2023-08-01,S03,高雄夢時代店,南區,C01,飲料,145,45.3,0,0,1,241,7.4
2023-08-02,S03,高雄夢時代店,南區,C01,飲料,193,39.1,0,0,2,586,9.8
2023-08-03,S03,高雄夢時代店,南區,C01,飲料,167,44.2,0,0,3,518,8.4
2023-08-04,S03,高雄夢時代店,南區,C01,飲料,217,43.3,0,0,4,493,9.4
2023-08-05,S03,高雄夢時代店,南區,C01,飲料,438,40.9,1,1,5,1287,16.7
2023-08-06,S03,高雄夢時代店,南區,C01,飲料,261,44.8,0,1,6,852,13.0
2023-08-07,S03,高雄夢時代店,南區,C01,飲料,151,48.2,0,0,0,279,8.2
2023-08-08,S03,高雄夢時代店,南區,C01,飲料,149,45.4,0,0,1,370,7.4
2023-08-09,S03,高雄夢時代店,南區,C01,飲料,167,42.1,0,0,2,583,8.4
2023-08-10,S03,高雄夢時代店,南區,C01,飲料,162,48.1,0,0,3,554,7.5
2023-08-11,S03,高雄夢時代店,南區,C01,飲料,221,38.8,0,0,4,560,9.5
2023-08-12,S03,高雄夢時代店,南區,C01,飲料,269,45.4,0,1,5,581,11.6
2023-08-13,S03,高雄夢時代店,南區,C01,飲料,304,46.8,0,1,6,754,13.3
2023-08-14,S03,高雄夢時代店,南區,C01,飲料,150,45.7,0,0,0,499,8.6
2023-08-15,S03,高雄夢時代店,南區,C01,飲料,177,45.6,0,0,1,344,7.8
2023-08-16,S03,高雄夢時代店,南區,C01,飲料,199,46.4,0,0,2,547,8.3
2023-08-17,S03,高雄夢時代店,南區,C01,飲料,193,44.0,0,0,3,332,7.7
2023-08-18,S03,高雄夢時代店,南區,C01,飲料,214,43.2,0,0,4,382,8.7
2023-08-19,S03,高雄夢時代店,南區,C01,飲料,267,45.6,0,1,5,771,12.4
2023-08-20,S03,高雄夢時代店,南區,C01,飲料,244,44.6,0,1,6,640,11.6
2023-08-21,S03,高雄夢時代店,南區,C01,飲料,145,47.6,0,0,0,404,7.6
2023-08-22,S03,高雄夢時代店,南區,C01,飲料,177,43.5,0,0,1,380,8.5
2023-08-23,S03,高雄夢時代店,南區,C01,飲料,163,44.4,0,0,2,448,8.8
2023-08-24,S03,高雄夢時代店,南區,C01,飲料,188,42.4,0,0,3,638,8.4
2023-08-25,S03,高雄夢時代店,南區,C01,飲料,204,43.9,0,0,4,392,9.2
2023-08-26,S03,高雄夢時代店,南區,C01,飲料,318,42.9,0,1,5,1100,13.5
2023-08-27,S03,高雄夢時代店,南區,C01,飲料,269,47.8,0,1,6,493,13.2
2023-08-28,S03,高雄夢時代店,南區,C01,飲料,169,44.4,0,0,0,536,7.7
2023-08-29,S03,高雄夢時代店,南區,C01,飲料,126,46.4,0,0,1,316,6.8
2023-08-30,S03,高雄夢時代店,南區,C01,飲料,188,39.5,0,0,2,391,10.3
2023-08-31,S03,高雄夢時代店,南區,C01,飲料,172,46.4,0,0,3,404,8.1
2023-09-01,S03,高雄夢時代店,南區,C01,飲料,200,41.8,0,0,4,489,8.5
2023-09-02,S03,高雄夢時代店,南區,C01,飲料,265,44.6,0,1,5,658,12.5
2023-09-03,S03,高雄夢時代店,南區,C01,飲料,247,44.3,0,1,6,819,12.5
2023-09-04,S03,高雄夢時代店,南區,C01,飲料,168,43.7,0,0,0,485,7.9
2023-09-05,S03,高雄夢時代店,南區,C01,飲料,198,48.8,0,0,1,326,8.7
2023-09-06,S03,高雄夢時代店,南區,C01,飲料,171,47.9,0,0,2,510,8.1
2023-09-07,S03,高雄夢時代店,南區,C01,飲料,159,44.0,0,0,3,273,8.1
2023-09-08,S03,高雄夢時代店,南區,C01,飲料,188,43.8,0,0,4,495,8.7
2023-09-09,S03,高雄夢時代店,南區,C01,飲料,266,43.3,0,1,5,529,13.1
2023-09-10,S03,高雄夢時代店,南區,C01,飲料,301,46.4,0,1,6,802,13.4
2023-09-11,S03,高雄夢時代店,南區,C01,飲料,162,46.2,0,0,0,414,7.7
2023-09-12,S03,高雄夢時代店,南區,C01,飲料,179,44.3,0,0,1,574,8.0
2023-09-13,S03,高雄夢時代店,南區,C01,飲料,220,40.3,1,0,2,528,10.0
2023-09-14,S03,高雄夢時代店,南區,C01,飲料,153,43.9,0,0,3,416,7.7
2023-09-15,S03,高雄夢時代店,南區,C01,飲料,292,37.9,1,0,4,872,11.5
2023-09-16,S03,高雄夢時代店,南區,C01,飲料,269,46.6,0,1,5,430,12.5
2023-09-17,S03,高雄夢時代店,南區,C01,飲料,285,45.5,0,1,6,944,14.1
2023-09-18,S03,高雄夢時代店,南區,C01,飲料,148,47.6,0,0,0,535,7.4
2023-09-19,S03,高雄夢時代店,南區,C01,飲料,152,45.6,0,0,1,453,7.1
2023-09-20,S03,高雄夢時代店,南區,C01,飲料,154,44.1,0,0,2,263,7.4
2023-09-21,S03,高雄夢時代店,南區,C01,飲料,148,43.6,0,0,3,441,7.3
2023-09-22,S03,高雄夢時代店,南區,C01,飲料,183,43.5,0,0,4,616,8.5
2023-09-23,S03,高雄夢時代店,南區,C01,飲料,248,47.9,0,1,5,867,12.3
2023-09-24,S03,高雄夢時代店,南區,C01,飲料,245,47.0,0,1,6,457,12.6
2023-09-25,S03,高雄夢時代店,南區,C01,飲料,123,46.2,0,0,0,372,6.7
2023-09-26,S03,高雄夢時代店,南區,C01,飲料,145,41.9,0,0,1,367,7.4
2023-09-27,S03,高雄夢時代店,南區,C01,飲料,155,41.5,0,0,2,538,8.3
2023-09-28,S03,高雄夢時代店,南區,C01,飲料,216,36.6,1,0,3,727,9.7
2023-09-29,S03,高雄夢時代店,南區,C01,飲料,160,43.7,0,0,4,398,8.0
2023-09-30,S03,高雄夢時代店,南區,C01,飲料,232,48.3,0,1,5,582,11.0
2023-10-01,S03,高雄夢時代店,南區,C01,飲料,221,44.7,0,1,6,442,11.6
2023-10-02,S03,高雄夢時代店,南區,C01,飲料,186,36.5,1,0,0,333,9.0
2023-10-03,S03,高雄夢時代店,南區,C01,飲料,143,43.6,0,0,1,244,7.9
2023-10-04,S03,高雄夢時代店,南區,C01,飲料,128,48.8,0,0,2,380,8.0
2023-10-05,S03,高雄夢時代店,南區,C01,飲料,151,43.1,0,0,3,332,7.9
2023-10-06,S03,高雄夢時代店,南區,C01,飲料,156,45.7,0,0,4,529,8.1
2023-10-07,S03,高雄夢時代店,南區,C01,飲料,239,43.1,0,1,5,835,12.0
2023-10-08,S03,高雄夢時代店,南區,C01,飲料,251,43.9,0,1,6,532,12.4
2023-10-09,S03,高雄夢時代店,南區,C01,飲料,140,44.6,0,0,0,487,6.9
2023-10-10,S03,高雄夢時代店,南區,C01,飲料,274,38.3,1,1,1,612,13.8
2023-10-11,S03,高雄夢時代店,南區,C01,飲料,209,39.6,1,0,2,743,9.4
2023-10-12,S03,高雄夢時代店,南區,C01,飲料,117,45.3,0,0,3,406,6.7
2023-10-13,S03,高雄夢時代店,南區,C01,飲料,164,45.7,0,0,4,454,7.6
2023-10-14,S03,高雄夢時代店,南區,C01,飲料,259,44.9,0,1,5,580,13.5
2023-10-15,S03,高雄夢時代店,南區,C01,飲料,244,49.0,0,1,6,857,11.8
2023-10-16,S03,高雄夢時代店,南區,C01,飲料,166,36.2,1,0,0,570,8.7
2023-10-17,S03,高雄夢時代店,南區,C01,飲料,122,46.1,0,0,1,350,6.5
2023-10-18,S03,高雄夢時代店,南區,C01,飲料,148,44.3,0,0,2,283,7.6
2023-10-19,S03,高雄夢時代店,南區,C01,飲料,174,41.1,1,0,3,622,8.3
2023-10-20,S03,高雄夢時代店,南區,C01,飲料,133,43.1,0,0,4,303,7.4
2023-10-21,S03,高雄夢時代店,南區,C01,飲料,215,47.6,0,1,5,730,11.9
2023-10-22,S03,高雄夢時代店,南區,C01,飲料,256,45.3,0,1,6,691,11.6
2023-10-23,S03,高雄夢時代店,南區,C01,飲料,125,45.4,0,0,0,217,6.9
2023-10-24,S03,高雄夢時代店,南區,C01,飲料,194,39.0,1,0,1,636,9.0
2023-10-25,S03,高雄夢時代店,南區,C01,飲料,116,44.7,0,0,2,282,6.6
2023-10-26,S03,高雄夢時代店,南區,C01,飲料,107,47.6,0,0,3,233,6.8
2023-10-27,S03,高雄夢時代店,南區,C01,飲料,136,46.8,0,0,4,314,8.8
2023-10-28,S03,高雄夢時代店,南區,C01,飲料,247,44.8,0,1,5,518,13.3
2023-10-29,S03,高雄夢時代店,南區,C01,飲料,241,43.5,0,1,6,543,12.0
2023-10-30,S03,高雄夢時代店,南區,C01,飲料,143,43.1,0,0,0,415,6.5
2023-10-31,S03,高雄夢時代店,南區,C01,飲料,174,41.3,0,0,1,607,8.4
2023-11-01,S03,高雄夢時代店,南區,C01,飲料,109,43.3,0,0,2,373,6.5
2023-11-02,S03,高雄夢時代店,南區,C01,飲料,204,41.2,1,0,3,436,8.9
2023-11-03,S03,高雄夢時代店,南區,C01,飲料,143,49.0,0,0,4,374,8.0
2023-11-04,S03,高雄夢時代店,南區,C01,飲料,228,44.1,0,1,5,584,13.2
2023-11-05,S03,高雄夢時代店,南區,C01,飲料,304,35.5,1,1,6,1037,13.8
2023-11-06,S03,高雄夢時代店,南區,C01,飲料,127,47.2,0,0,0,380,7.4
2023-11-07,S03,高雄夢時代店,南區,C01,飲料,115,46.9,0,0,1,339,7.3
2023-11-08,S03,高雄夢時代店,南區,C01,飲料,139,43.4,0,0,2,391,6.9
2023-11-09,S03,高雄夢時代店,南區,C01,飲料,158,37.9,1,0,3,257,7.5
2023-11-10,S03,高雄夢時代店,南區,C01,飲料,147,47.6,0,0,4,326,7.7
2023-11-11,S03,高雄夢時代店,南區,C01,飲料,237,47.2,0,1,5,650,11.8
2023-11-12,S03,高雄夢時代店,南區,C01,飲料,194,44.7,0,1,6,486,10.7
2023-11-13,S03,高雄夢時代店,南區,C01,飲料,120,46.4,0,0,0,365,7.0
2023-11-14,S03,高雄夢時代店,南區,C01,飲料,139,44.5,0,0,1,394,8.2
2023-11-15,S03,高雄夢時代店,南區,C01,飲料,121,48.2,0,0,2,359,7.0
2023-11-16,S03,高雄夢時代店,南區,C01,飲料,106,48.7,0,0,3,218,6.9
2023-11-17,S03,高雄夢時代店,南區,C01,飲料,138,40.1,0,0,4,245,7.3
2023-11-18,S03,高雄夢時代店,南區,C01,飲料,193,40.2,0,1,5,512,10.7
2023-11-19,S03,高雄夢時代店,南區,C01,飲料,176,48.6,0,1,6,377,10.0
2023-11-20,S03,高雄夢時代店,南區,C01,飲料,114,41.0,0,0,0,303,7.5
2023-11-21,S03,高雄夢時代店,南區,C01,飲料,117,44.8,0,0,1,293,6.6
2023-11-22,S03,高雄夢時代店,南區,C01,飲料,119,46.2,0,0,2,396,6.5
2023-11-23,S03,高雄夢時代店,南區,C01,飲料,123,47.9,0,0,3,330,7.0
2023-11-24,S03,高雄夢時代店,南區,C01,飲料,138,46.3,0,0,4,433,7.7
2023-11-25,S03,高雄夢時代店,南區,C01,飲料,201,44.3,0,1,5,595,10.9
2023-11-26,S03,高雄夢時代店,南區,C01,飲料,193,42.5,0,1,6,567,11.3
2023-11-27,S03,高雄夢時代店,南區,C01,飲料,114,46.3,0,0,0,388,6.6
2023-11-28,S03,高雄夢時代店,南區,C01,飲料,186,39.3,1,0,1,546,8.0
2023-11-29,S03,高雄夢時代店,南區,C01,飲料,114,45.7,0,0,2,289,7.3
2023-11-30,S03,高雄夢時代店,南區,C01,飲料,105,44.9,0,0,3,284,6.3
2023-12-01,S03,高雄夢時代店,南區,C01,飲料,126,47.0,0,0,4,276,6.7
2023-12-02,S03,高雄夢時代店,南區,C01,飲料,195,45.6,0,1,5,597,10.3
2023-12-03,S03,高雄夢時代店,南區,C01,飲料,207,46.1,0,1,6,547,11.2
2023-12-04,S03,高雄夢時代店,南區,C01,飲料,103,46.7,0,0,0,211,6.2
2023-12-05,S03,高雄夢時代店,南區,C01,飲料,118,44.1,0,0,1,385,7.2
2023-12-06,S03,高雄夢時代店,南區,C01,飲料,134,42.2,0,0,2,446,7.3
2023-12-07,S03,高雄夢時代店,南區,C01,飲料,98,45.8,0,0,3,222,6.7
2023-12-08,S03,高雄夢時代店,南區,C01,飲料,188,37.3,1,0,4,301,9.2
2023-12-09,S03,高雄夢時代店,南區,C01,飲料,211,44.1,0,1,5,485,11.7
2023-12-10,S03,高雄夢時代店,南區,C01,飲料,249,39.1,1,1,6,525,12.4
2023-12-11,S03,高雄夢時代店,南區,C01,飲料,119,49.9,0,0,0,263,6.9
2023-12-12,S03,高雄夢時代店,南區,C01,飲料,104,50.1,0,0,1,322,6.2
2023-12-13,S03,高雄夢時代店,南區,C01,飲料,90,45.5,0,0,2,195,6.5
2023-12-14,S03,高雄夢時代店,南區,C01,飲料,111,48.1,0,0,3,232,6.7
2023-12-15,S03,高雄夢時代店,南區,C01,飲料,134,44.6,0,0,4,310,6.8
2023-12-16,S03,高雄夢時代店,南區,C01,飲料,168,44.3,0,1,5,484,10.5
2023-12-17,S03,高雄夢時代店,南區,C01,飲料,177,42.4,0,1,6,507,9.8
2023-12-18,S03,高雄夢時代店,南區,C01,飲料,155,36.5,1,0,0,494,8.7
2023-12-19,S03,高雄夢時代店,南區,C01,飲料,116,42.3,0,0,1,321,6.7
2023-12-20,S03,高雄夢時代店,南區,C01,飲料,106,41.8,0,0,2,269,6.8
2023-12-21,S03,高雄夢時代店,南區,C01,飲料,111,42.5,0,0,3,350,6.6
2023-12-22,S03,高雄夢時代店,南區,C01,飲料,134,44.4,0,0,4,284,7.4
2023-12-23,S03,高雄夢時代店,南區,C01,飲料,191,45.2,0,1,5,416,11.2
2023-12-24,S03,高雄夢時代店,南區,C01,飲料,209,41.0,0,1,6,339,10.8
2023-12-25,S03,高雄夢時代店,南區,C01,飲料,143,45.1,0,1,0,251,10.2
2023-12-26,S03,高雄夢時代店,南區,C01,飲料,113,43.1,0,0,1,351,6.2
2023-12-27,S03,高雄夢時代店,南區,C01,飲料,95,44.4,0,0,2,271,6.3
2023-12-28,S03,高雄夢時代店,南區,C01,飲料,105,41.9,0,0,3,182,6.9
2023-12-29,S03,高雄夢時代店,南區,C01,飲料,111,48.4,0,0,4,191,7.3
2023-12-30,S03,高雄夢時代店,南區,C01,飲料,247,40.1,1,1,5,629,12.0
2023-12-31,S03,高雄夢時代店,南區,C01,飲料,198,46.3,0,1,6,588,10.4
2024-01-01,S03,高雄夢時代店,南區,C01,飲料,124,45.7,0,1,0,411,9.9
2024-01-02,S03,高雄夢時代店,南區,C01,飲料,120,45.7,0,0,1,377,7.4
2024-01-03,S03,高雄夢時代店,南區,C01,飲料,120,42.9,0,0,2,410,6.7
2024-01-04,S03,高雄夢時代店,南區,C01,飲料,119,42.4,0,0,3,423,7.0
2024-01-05,S03,高雄夢時代店,南區,C01,飲料,124,47.4,0,0,4,237,7.6
2024-01-06,S03,高雄夢時代店,南區,C01,飲料,134,48.5,0,1,5,324,9.6
2024-01-07,S03,高雄夢時代店,南區,C01,飲料,164,46.3,0,1,6,398,10.5
2024-01-08,S03,高雄夢時代店,南區,C01,飲料,107,47.4,0,0,0,270,6.9
2024-01-09,S03,高雄夢時代店,南區,C01,飲料,111,45.4,0,0,1,290,5.6
2024-01-10,S03,高雄夢時代店,南區,C01,飲料,160,38.4,1,0,2,314,8.2
2024-01-11,S03,高雄夢時代店,南區,C01,飲料,122,40.1,0,0,3,317,7.5
2024-01-12,S03,高雄夢時代店,南區,C01,飲料,130,45.9,0,0,4,207,7.1
2024-01-13,S03,高雄夢時代店,南區,C01,飲料,169,46.3,0,1,5,484,10.7
2024-01-14,S03,高雄夢時代店,南區,C01,飲料,178,43.3,0,1,6,376,11.1
2024-01-15,S03,高雄夢時代店,南區,C01,飲料,89,46.9,0,0,0,297,6.9
2024-01-16,S03,高雄夢時代店,南區,C01,飲料,92,46.3,0,0,1,239,7.3
2024-01-17,S03,高雄夢時代店,南區,C01,飲料,112,47.7,0,0,2,318,6.7
2024-01-18,S03,高雄夢時代店,南區,C01,飲料,101,42.8,0,0,3,294,7.1
2024-01-19,S03,高雄夢時代店,南區,C01,飲料,156,39.9,1,0,4,458,8.6
2024-01-20,S03,高雄夢時代店,南區,C01,飲料,173,43.4,0,1,5,385,10.8
2024-01-21,S03,高雄夢時代店,南區,C01,飲料,192,48.9,0,1,6,424,10.2
2024-01-22,S03,高雄夢時代店,南區,C01,飲料,91,45.3,0,0,0,319,5.5
2024-01-23,S03,高雄夢時代店,南區,C01,飲料,122,44.9,0,0,1,342,7.2
2024-01-24,S03,高雄夢時代店,南區,C01,飲料,115,42.7,0,0,2,304,6.7
2024-01-25,S03,高雄夢時代店,南區,C01,飲料,151,38.2,1,0,3,361,7.8
2024-01-26,S03,高雄夢時代店,南區,C01,飲料,157,37.1,1,0,4,574,8.1
2024-01-27,S03,高雄夢時代店,南區,C01,飲料,173,45.9,0,1,5,303,10.6
2024-01-28,S03,高雄夢時代店,南區,C01,飲料,189,43.0,0,1,6,393,10.2
2024-01-29,S03,高雄夢時代店,南區,C01,飲料,113,45.9,0,0,0,260,6.3
2024-01-30,S03,高雄夢時代店,南區,C01,飲料,134,41.8,0,0,1,321,7.0
2024-01-31,S03,高雄夢時代店,南區,C01,飲料,133,46.3,0,0,2,382,7.3
2024-02-01,S03,高雄夢時代店,南區,C01,飲料,97,46.7,0,0,3,337,5.8
2024-02-02,S03,高雄夢時代店,南區,C01,飲料,102,41.9,0,0,4,358,6.1
2024-02-03,S03,高雄夢時代店,南區,C01,飲料,266,38.7,1,1,5,478,13.3
2024-02-04,S03,高雄夢時代店,南區,C01,飲料,191,39.6,0,1,6,617,10.9
2024-02-05,S03,高雄夢時代店,南區,C01,飲料,81,42.7,0,0,0,281,6.3
2024-02-06,S03,高雄夢時代店,南區,C01,飲料,112,53.4,0,0,1,209,6.9
2024-02-07,S03,高雄夢時代店,南區,C01,飲料,124,45.6,0,0,2,434,7.6
2024-02-08,S03,高雄夢時代店,南區,C01,飲料,103,46.1,0,0,3,360,6.1
2024-02-09,S03,高雄夢時代店,南區,C01,飲料,129,42.9,0,0,4,430,8.1
2024-02-10,S03,高雄夢時代店,南區,C01,飲料,210,47.3,0,1,5,547,11.8
2024-02-11,S03,高雄夢時代店,南區,C01,飲料,181,42.6,0,1,6,384,9.8
2024-02-12,S03,高雄夢時代店,南區,C01,飲料,118,45.7,0,0,0,286,7.2
2024-02-13,S03,高雄夢時代店,南區,C01,飲料,169,36.6,1,0,1,323,8.3
2024-02-14,S03,高雄夢時代店,南區,C01,飲料,108,45.7,0,0,2,373,6.5
2024-02-15,S03,高雄夢時代店,南區,C01,飲料,116,45.1,0,0,3,256,7.1
2024-02-16,S03,高雄夢時代店,南區,C01,飲料,158,45.2,0,0,4,406,8.3
2024-02-17,S03,高雄夢時代店,南區,C01,飲料,196,38.9,0,1,5,417,11.2
2024-02-18,S03,高雄夢時代店,南區,C01,飲料,195,42.0,0,1,6,518,10.7
2024-02-19,S03,高雄夢時代店,南區,C01,飲料,107,43.7,0,0,0,195,6.5
2024-02-20,S03,高雄夢時代店,南區,C01,飲料,118,45.2,0,0,1,213,7.3
2024-02-21,S03,高雄夢時代店,南區,C01,飲料,101,42.6,0,0,2,314,7.3
2024-02-22,S03,高雄夢時代店,南區,C01,飲料,99,46.9,0,0,3,291,6.5
2024-02-23,S03,高雄夢時代店,南區,C01,飲料,109,45.5,0,0,4,267,6.0
2024-02-24,S03,高雄夢時代店,南區,C01,飲料,242,37.9,1,1,5,574,11.5
2024-02-25,S03,高雄夢時代店,南區,C01,飲料,199,47.1,0,1,6,358,11.6
2024-02-26,S03,高雄夢時代店,南區,C01,飲料,120,42.6,0,0,0,432,6.6
2024-02-27,S03,高雄夢時代店,南區,C01,飲料,99,41.7,0,0,1,231,6.1
2024-02-28,S03,高雄夢時代店,南區,C01,飲料,164,48.6,0,1,2,391,10.3
2024-02-29,S03,高雄夢時代店,南區,C01,飲料,111,41.7,0,0,3,384,6.8
2024-03-01,S03,高雄夢時代店,南區,C01,飲料,147,48.0,0,0,4,420,7.2
2024-03-02,S03,高雄夢時代店,南區,C01,飲料,201,46.0,0,1,5,500,11.3
2024-03-03,S03,高雄夢時代店,南區,C01,飲料,202,45.0,0,1,6,442,10.8
2024-03-04,S03,高雄夢時代店,南區,C01,飲料,108,44.2,0,0,0,271,7.5
2024-03-05,S03,高雄夢時代店,南區,C01,飲料,129,45.9,0,0,1,379,6.2
2024-03-06,S03,高雄夢時代店,南區,C01,飲料,133,47.3,0,0,2,367,7.5
2024-03-07,S03,高雄夢時代店,南區,C01,飲料,124,44.7,0,0,3,261,8.0
2024-03-08,S03,高雄夢時代店,南區,C01,飲料,137,45.6,0,0,4,383,7.1
2024-03-09,S03,高雄夢時代店,南區,C01,飲料,194,44.9,0,1,5,609,11.0
2024-03-10,S03,高雄夢時代店,南區,C01,飲料,175,45.3,0,1,6,600,10.2
2024-03-11,S03,高雄夢時代店,南區,C01,飲料,103,44.7,0,0,0,350,6.5
2024-03-12,S03,高雄夢時代店,南區,C01,飲料,126,48.2,0,0,1,444,7.3
2024-03-13,S03,高雄夢時代店,南區,C01,飲料,134,46.0,0,0,2,302,7.9
2024-03-14,S03,高雄夢時代店,南區,C01,飲料,118,44.4,0,0,3,381,7.2
2024-03-15,S03,高雄夢時代店,南區,C01,飲料,162,42.6,1,0,4,464,8.6
2024-03-16,S03,高雄夢時代店,南區,C01,飲料,212,43.9,0,1,5,409,12.3
2024-03-17,S03,高雄夢時代店,南區,C01,飲料,287,38.7,1,1,6,483,12.8
2024-03-18,S03,高雄夢時代店,南區,C01,飲料,100,42.2,0,0,0,330,6.1
2024-03-19,S03,高雄夢時代店,南區,C01,飲料,121,44.8,0,0,1,213,6.9
2024-03-20,S03,高雄夢時代店,南區,C01,飲料,116,46.3,0,0,2,331,7.1
2024-03-21,S03,高雄夢時代店,南區,C01,飲料,139,45.3,0,0,3,356,8.3
2024-03-22,S03,高雄夢時代店,南區,C01,飲料,152,43.1,0,0,4,519,8.2
2024-03-23,S03,高雄夢時代店,南區,C01,飲料,197,47.5,0,1,5,322,11.1
2024-03-24,S03,高雄夢時代店,南區,C01,飲料,278,37.9,1,1,6,891,12.9
2024-03-25,S03,高雄夢時代店,南區,C01,飲料,106,42.1,0,0,0,246,6.4
2024-03-26,S03,高雄夢時代店,南區,C01,飲料,141,41.0,0,0,1,464,7.9
2024-03-27,S03,高雄夢時代店,南區,C01,飲料,192,36.8,1,0,2,449,8.5
2024-03-28,S03,高雄夢時代店,南區,C01,飲料,145,48.3,0,0,3,267,8.1
2024-03-29,S03,高雄夢時代店,南區,C01,飲料,143,45.4,0,0,4,263,8.1
2024-03-30,S03,高雄夢時代店,南區,C01,飲料,206,44.9,0,1,5,396,11.2
2024-03-31,S03,高雄夢時代店,南區,C01,飲料,222,45.6,0,1,6,504,12.5
2024-04-01,S03,高雄夢時代店,南區,C01,飲料,116,49.8,0,0,0,331,6.7
2024-04-02,S03,高雄夢時代店,南區,C01,飲料,116,45.4,0,0,1,411,5.9
2024-04-03,S03,高雄夢時代店,南區,C01,飲料,128,44.9,0,0,2,340,7.7
2024-04-04,S03,高雄夢時代店,南區,C01,飲料,164,47.6,0,1,3,449,10.3
2024-04-05,S03,高雄夢時代店,南區,C01,飲料,204,47.7,0,1,4,539,12.0
2024-04-06,S03,高雄夢時代店,南區,C01,飲料,270,48.7,0,1,5,543,13.0
2024-04-07,S03,高雄夢時代店,南區,C01,飲料,220,47.5,0,1,6,527,11.6
2024-04-08,S03,高雄夢時代店,南區,C01,飲料,121,44.1,0,0,0,243,7.1
2024-04-09,S03,高雄夢時代店,南區,C01,飲料,141,46.2,0,0,1,392,7.6
2024-04-10,S03,高雄夢時代店,南區,C01,飲料,143,43.5,0,0,2,375,8.0
2024-04-11,S03,高雄夢時代店,南區,C01,飲料,141,43.8,0,0,3,286,7.7
2024-04-12,S03,高雄夢時代店,南區,C01,飲料,176,39.2,0,0,4,632,8.0
2024-04-13,S03,高雄夢時代店,南區,C01,飲料,193,45.6,0,1,5,460,10.9
2024-04-14,S03,高雄夢時代店,南區,C01,飲料,275,45.3,0,1,6,476,12.9
2024-04-15,S03,高雄夢時代店,南區,C01,飲料,131,44.4,0,0,0,466,6.8
2024-04-16,S03,高雄夢時代店,南區,C01,飲料,153,45.0,0,0,1,304,7.6
2024-04-17,S03,高雄夢時代店,南區,C01,飲料,131,43.3,0,0,2,220,6.8
2024-04-18,S03,高雄夢時代店,南區,C01,飲料,113,48.1,0,0,3,373,6.3
2024-04-19,S03,高雄夢時代店,南區,C01,飲料,171,48.2,0,0,4,490,8.4
2024-04-20,S03,高雄夢時代店,南區,C01,飲料,253,38.9,0,1,5,552,11.8
2024-04-21,S03,高雄夢時代店,南區,C01,飲料,243,48.2,0,1,6,629,12.4
2024-04-22,S03,高雄夢時代店,南區,C01,飲料,111,49.9,0,0,0,376,7.0
2024-04-23,S03,高雄夢時代店,南區,C01,飲料,163,43.2,0,0,1,289,8.2
2024-04-24,S03,高雄夢時代店,南區,C01,飲料,135,44.2,0,0,2,411,7.3
2024-04-25,S03,高雄夢時代店,南區,C01,飲料,140,44.7,0,0,3,407,7.1
2024-04-26,S03,高雄夢時代店,南區,C01,飲料,158,45.2,0,0,4,411,8.4
2024-04-27,S03,高雄夢時代店,南區,C01,飲料,242,45.3,0,1,5,379,11.2
2024-04-28,S03,高雄夢時代店,南區,C01,飲料,246,44.4,0,1,6,709,12.1
2024-04-29,S03,高雄夢時代店,南區,C01,飲料,148,43.5,0,0,0,370,8.2
2024-04-30,S03,高雄夢時代店,南區,C01,飲料,221,37.1,1,0,1,691,9.8
2024-05-01,S03,高雄夢時代店,南區,C01,飲料,206,47.0,0,1,2,640,10.5
2024-05-02,S03,高雄夢時代店,南區,C01,飲料,221,37.9,1,0,3,477,9.5
2024-05-03,S03,高雄夢時代店,南區,C01,飲料,182,48.6,0,0,4,482,8.5
2024-05-04,S03,高雄夢時代店,南區,C01,飲料,250,46.6,0,1,5,484,12.2
2024-05-05,S03,高雄夢時代店,南區,C01,飲料,248,46.5,0,1,6,715,11.8
2024-05-06,S03,高雄夢時代店,南區,C01,飲料,135,44.5,0,0,0,233,7.4
2024-05-07,S03,高雄夢時代店,南區,C01,飲料,253,36.2,1,0,1,641,10.5
2024-05-08,S03,高雄夢時代店,南區,C01,飲料,176,42.9,0,0,2,295,8.6
2024-05-09,S03,高雄夢時代店,南區,C01,飲料,149,45.3,0,0,3,424,6.9
2024-05-10,S03,高雄夢時代店,南區,C01,飲料,292,37.3,1,0,4,919,11.6
2024-05-11,S03,高雄夢時代店,南區,C01,飲料,279,44.3,0,1,5,948,13.5
2024-05-12,S03,高雄夢時代店,南區,C01,飲料,320,44.8,0,1,6,634,13.2
2024-05-13,S03,高雄夢時代店,南區,C01,飲料,165,40.8,0,0,0,404,8.7
2024-05-14,S03,高雄夢時代店,南區,C01,飲料,153,49.3,0,0,1,314,8.0
2024-05-15,S03,高雄夢時代店,南區,C01,飲料,166,43.6,0,0,2,546,8.4
2024-05-16,S03,高雄夢時代店,南區,C01,飲料,187,42.8,0,0,3,531,9.0
2024-05-17,S03,高雄夢時代店,南區,C01,飲料,164,44.0,0,0,4,289,8.2
2024-05-18,S03,高雄夢時代店,南區,C01,飲料,291,43.0,0,1,5,1002,12.8
2024-05-19,S03,高雄夢時代店,南區,C01,飲料,304,44.8,0,1,6,903,13.6
2024-05-20,S03,高雄夢時代店,南區,C01,飲料,159,40.8,0,0,0,260,7.2
2024-05-21,S03,高雄夢時代店,南區,C01,飲料,159,42.9,0,0,1,366,8.1
2024-05-22,S03,高雄夢時代店,南區,C01,飲料,186,47.3,0,0,2,526,9.2
2024-05-23,S03,高雄夢時代店,南區,C01,飲料,195,45.7,0,0,3,452,9.3
2024-05-24,S03,高雄夢時代店,南區,C01,飲料,194,43.2,0,0,4,315,9.3
2024-05-25,S03,高雄夢時代店,南區,C01,飲料,395,39.8,1,1,5,1133,16.7
2024-05-26,S03,高雄夢時代店,南區,C01,飲料,313,48.2,0,1,6,743,14.8
2024-05-27,S03,高雄夢時代店,南區,C01,飲料,182,46.0,0,0,0,616,8.4
2024-05-28,S03,高雄夢時代店,南區,C01,飲料,174,42.1,0,0,1,539,8.5
2024-05-29,S03,高雄夢時代店,南區,C01,飲料,194,42.9,0,0,2,662,7.7
2024-05-30,S03,高雄夢時代店,南區,C01,飲料,179,47.7,0,0,3,620,8.1
2024-05-31,S03,高雄夢時代店,南區,C01,飲料,186,42.9,0,0,4,529,8.6
2024-06-01,S03,高雄夢時代店,南區,C01,飲料,274,47.1,0,1,5,876,12.3
2024-06-02,S03,高雄夢時代店,南區,C01,飲料,313,44.1,0,1,6,580,14.6
2024-06-03,S03,高雄夢時代店,南區,C01,飲料,154,43.8,0,0,0,436,7.1
2024-06-04,S03,高雄夢時代店,南區,C01,飲料,182,44.1,0,0,1,515,9.3
2024-06-05,S03,高雄夢時代店,南區,C01,飲料,211,43.9,0,0,2,556,9.2
2024-06-06,S03,高雄夢時代店,南區,C01,飲料,187,46.2,0,0,3,649,9.0
2024-06-07,S03,高雄夢時代店,南區,C01,飲料,213,45.6,0,0,4,645,8.9
2024-06-08,S03,高雄夢時代店,南區,C01,飲料,431,40.9,1,1,5,1400,16.5
2024-06-09,S03,高雄夢時代店,南區,C01,飲料,296,46.6,0,1,6,615,13.9
2024-06-10,S03,高雄夢時代店,南區,C01,飲料,168,45.9,0,0,0,571,8.1
2024-06-11,S03,高雄夢時代店,南區,C01,飲料,239,42.8,0,0,1,578,9.4
2024-06-12,S03,高雄夢時代店,南區,C01,飲料,238,36.5,1,0,2,421,10.1
2024-06-13,S03,高雄夢時代店,南區,C01,飲料,198,44.9,0,0,3,369,9.5
2024-06-14,S03,高雄夢時代店,南區,C01,飲料,212,43.0,0,0,4,491,9.5
2024-06-15,S03,高雄夢時代店,南區,C01,飲料,259,46.6,0,1,5,836,12.9
2024-06-16,S03,高雄夢時代店,南區,C01,飲料,284,47.2,0,1,6,839,13.2
2024-06-17,S03,高雄夢時代店,南區,C01,飲料,183,44.5,0,0,0,507,8.7
2024-06-18,S03,高雄夢時代店,南區,C01,飲料,173,43.8,0,0,1,382,7.6
2024-06-19,S03,高雄夢時代店,南區,C01,飲料,194,44.3,0,0,2,459,8.6
2024-06-20,S03,高雄夢時代店,南區,C01,飲料,163,42.5,0,0,3,427,8.1
2024-06-21,S03,高雄夢時代店,南區,C01,飲料,201,45.0,0,0,4,499,9.2
2024-06-22,S03,高雄夢時代店,南區,C01,飲料,321,41.5,0,1,5,569,13.7
2024-06-23,S03,高雄夢時代店,南區,C01,飲料,388,45.0,0,1,6,1195,14.5
2024-06-24,S03,高雄夢時代店,南區,C01,飲料,165,45.1,0,0,0,371,8.1
2024-06-25,S03,高雄夢時代店,南區,C01,飲料,176,45.4,0,0,1,519,7.6
2024-06-26,S03,高雄夢時代店,南區,C01,飲料,182,47.9,0,0,2,371,8.4
2024-06-27,S03,高雄夢時代店,南區,C01,飲料,205,50.0,0,0,3,450,9.6
2024-06-28,S03,高雄夢時代店,南區,C01,飲料,215,45.4,0,0,4,471,8.9
2024-06-29,S03,高雄夢時代店,南區,C01,飲料,265,47.0,0,1,5,919,12.9
2024-06-30,S03,高雄夢時代店,南區,C01,飲料,461,38.7,1,1,6,1413,17.5
2024-07-01,S03,高雄夢時代店,南區,C01,飲料,163,43.2,0,0,0,352,7.9
2024-07-02,S03,高雄夢時代店,南區,C01,飲料,146,49.8,0,0,1,344,8.2
2024-07-03,S03,高雄夢時代店,南區,C01,飲料,188,43.2,0,0,2,329,7.9
2024-07-04,S03,高雄夢時代店,南區,C01,飲料,255,40.6,1,0,3,872,10.3
2024-07-05,S03,高雄夢時代店,南區,C01,飲料,336,37.4,1,0,4,944,13.1
2024-07-06,S03,高雄夢時代店,南區,C01,飲料,281,45.4,0,1,5,586,13.3
2024-07-07,S03,高雄夢時代店,南區,C01,飲料,327,48.1,0,1,6,920,13.0
2024-07-08,S03,高雄夢時代店,南區,C01,飲料,184,44.6,0,0,0,559,8.3
2024-07-09,S03,高雄夢時代店,南區,C01,飲料,305,39.3,1,0,1,659,12.4
2024-07-10,S03,高雄夢時代店,南區,C01,飲料,296,36.0,1,0,2,934,11.2
2024-07-11,S03,高雄夢時代店,南區,C01,飲料,297,39.0,1,0,3,926,11.5
2024-07-12,S03,高雄夢時代店,南區,C01,飲料,238,42.1,0,0,4,775,10.3
2024-07-13,S03,高雄夢時代店,南區,C01,飲料,290,46.0,0,1,5,673,13.7
2024-07-14,S03,高雄夢時代店,南區,C01,飲料,342,44.4,0,1,6,1053,14.7
2024-07-15,S03,高雄夢時代店,南區,C01,飲料,210,40.3,0,0,0,457,9.1
2024-07-16,S03,高雄夢時代店,南區,C01,飲料,216,50.6,0,0,1,743,9.2
2024-07-17,S03,高雄夢時代店,南區,C01,飲料,210,46.0,0,0,2,521,9.6
2024-07-18,S03,高雄夢時代店,南區,C01,飲料,174,45.9,0,0,3,292,8.6
2024-07-19,S03,高雄夢時代店,南區,C01,飲料,220,47.4,0,0,4,579,9.7
2024-07-20,S03,高雄夢時代店,南區,C01,飲料,288,48.0,0,1,5,534,12.8
2024-07-21,S03,高雄夢時代店,南區,C01,飲料,308,43.3,0,1,6,585,13.6
2024-07-22,S03,高雄夢時代店,南區,C01,飲料,189,45.6,0,0,0,523,8.2
2024-07-23,S03,高雄夢時代店,南區,C01,飲料,186,46.6,0,0,1,488,9.7
2024-07-24,S03,高雄夢時代店,南區,C01,飲料,196,46.1,0,0,2,377,8.9
2024-07-25,S03,高雄夢時代店,南區,C01,飲料,175,44.4,0,0,3,307,8.6
2024-07-26,S03,高雄夢時代店,南區,C01,飲料,214,44.9,0,0,4,700,10.7
2024-07-27,S03,高雄夢時代店,南區,C01,飲料,426,40.7,1,1,5,1279,16.5
2024-07-28,S03,高雄夢時代店,南區,C01,飲料,313,47.5,0,1,6,889,14.8
2024-07-29,S03,高雄夢時代店,南區,C01,飲料,216,44.7,0,0,0,371,9.2
2024-07-30,S03,高雄夢時代店,南區,C01,飲料,213,46.6,0,0,1,700,9.8
2024-07-31,S03,高雄夢時代店,南區,C01,飲料,194,44.3,0,0,2,359,8.5
2024-08-01,S03,高雄夢時代店,南區,C01,飲料,229,44.2,0,0,3,366,9.9
2024-08-02,S03,高雄夢時代店,南區,C01,飲料,230,46.0,0,0,4,623,9.5
2024-08-03,S03,高雄夢時代店,南區,C01,飲料,340,45.2,0,1,5,662,14.6
2024-08-04,S03,高雄夢時代店,南區,C01,飲料,463,37.3,1,1,6,1056,17.3
2024-08-05,S03,高雄夢時代店,南區,C01,飲料,180,46.1,0,0,0,294,8.6
2024-08-06,S03,高雄夢時代店,南區,C01,飲料,184,40.5,0,0,1,589,9.0
2024-08-07,S03,高雄夢時代店,南區,C01,飲料,304,39.4,1,0,2,990,11.8
2024-08-08,S03,高雄夢時代店,南區,C01,飲料,185,44.9,0,0,3,491,8.5
2024-08-09,S03,高雄夢時代店,南區,C01,飲料,353,36.0,1,0,4,1011,12.6
2024-08-10,S03,高雄夢時代店,南區,C01,飲料,307,45.8,0,1,5,614,13.6
2024-08-11,S03,高雄夢時代店,南區,C01,飲料,474,41.3,1,1,6,1244,17.3
2024-08-12,S03,高雄夢時代店,南區,C01,飲料,213,46.2,0,0,0,480,9.6
2024-08-13,S03,高雄夢時代店,南區,C01,飲料,205,42.1,0,0,1,464,8.7
2024-08-14,S03,高雄夢時代店,南區,C01,飲料,210,42.1,0,0,2,482,10.6
2024-08-15,S03,高雄夢時代店,南區,C01,飲料,191,44.6,0,0,3,332,9.0
2024-08-16,S03,高雄夢時代店,南區,C01,飲料,307,40.1,1,0,4,878,12.5
2024-08-17,S03,高雄夢時代店,南區,C01,飲料,471,39.6,1,1,5,972,17.7
2024-08-18,S03,高雄夢時代店,南區,C01,飲料,501,38.7,1,1,6,1373,18.5
2024-08-19,S03,高雄夢時代店,南區,C01,飲料,189,45.1,0,0,0,549,8.5
2024-08-20,S03,高雄夢時代店,南區,C01,飲料,189,47.4,0,0,1,364,8.0
2024-08-21,S03,高雄夢時代店,南區,C01,飲料,206,41.4,0,0,2,664,9.4
2024-08-22,S03,高雄夢時代店,南區,C01,飲料,204,40.5,0,0,3,673,9.6
2024-08-23,S03,高雄夢時代店,南區,C01,飲料,220,44.4,0,0,4,357,10.2
2024-08-24,S03,高雄夢時代店,南區,C01,飲料,362,44.3,0,1,5,1017,15.0
2024-08-25,S03,高雄夢時代店,南區,C01,飲料,310,46.5,0,1,6,1025,13.4
2024-08-26,S03,高雄夢時代店,南區,C01,飲料,189,42.5,0,0,0,569,8.6
2024-08-27,S03,高雄夢時代店,南區,C01,飲料,202,43.5,0,0,1,423,9.2
2024-08-28,S03,高雄夢時代店,南區,C01,飲料,189,44.0,0,0,2,407,8.7
2024-08-29,S03,高雄夢時代店,南區,C01,飲料,311,35.7,1,0,3,640,11.7
2024-08-30,S03,高雄夢時代店,南區,C01,飲料,202,40.7,0,0,4,370,8.6
2024-08-31,S03,高雄夢時代店,南區,C01,飲料,313,43.8,0,1,5,1066,13.5
2024-09-01,S03,高雄夢時代店,南區,C01,飲料,303,46.1,0,1,6,711,13.4
2024-09-02,S03,高雄夢時代店,南區,C01,飲料,155,46.5,0,0,0,310,7.2
2024-09-03,S03,高雄夢時代店,南區,C01,飲料,189,47.4,0,0,1,655,9.1
2024-09-04,S03,高雄夢時代店,南區,C01,飲料,204,45.2,0,0,2,563,9.4
2024-09-05,S03,高雄夢時代店,南區,C01,飲料,179,46.1,0,0,3,332,7.9
2024-09-06,S03,高雄夢時代店,南區,C01,飲料,221,44.7,0,0,4,467,8.8
2024-09-07,S03,高雄夢時代店,南區,C01,飲料,340,42.6,0,1,5,628,14.4
2024-09-08,S03,高雄夢時代店,南區,C01,飲料,477,39.9,1,1,6,1506,17.7
2024-09-09,S03,高雄夢時代店,南區,C01,飲料,144,44.8,0,0,0,517,7.6
2024-09-10,S03,高雄夢時代店,南區,C01,飲料,191,45.4,0,0,1,684,8.7
2024-09-11,S03,高雄夢時代店,南區,C01,飲料,219,42.6,0,0,2,707,9.5
2024-09-12,S03,高雄夢時代店,南區,C01,飲料,202,42.3,0,0,3,603,8.4
2024-09-13,S03,高雄夢時代店,南區,C01,飲料,206,43.8,0,0,4,581,9.6
2024-09-14,S03,高雄夢時代店,南區,C01,飲料,325,45.1,0,1,5,761,13.9
2024-09-15,S03,高雄夢時代店,南區,C01,飲料,299,45.7,0,1,6,518,12.6
2024-09-16,S03,高雄夢時代店,南區,C01,飲料,180,46.9,0,0,0,438,8.0
2024-09-17,S03,高雄夢時代店,南區,C01,飲料,189,46.3,0,0,1,417,8.9
2024-09-18,S03,高雄夢時代店,南區,C01,飲料,185,43.4,0,0,2,412,8.8
2024-09-19,S03,高雄夢時代店,南區,C01,飲料,180,44.4,0,0,3,443,7.8
2024-09-20,S03,高雄夢時代店,南區,C01,飲料,199,45.8,0,0,4,516,7.3
2024-09-21,S03,高雄夢時代店,南區,C01,飲料,269,43.8,0,1,5,799,13.6
2024-09-22,S03,高雄夢時代店,南區,C01,飲料,433,35.1,1,1,6,1306,17.0
2024-09-23,S03,高雄夢時代店,南區,C01,飲料,159,43.2,0,0,0,570,7.8
2024-09-24,S03,高雄夢時代店,南區,C01,飲料,172,44.4,0,0,1,508,7.9
2024-09-25,S03,高雄夢時代店,南區,C01,飲料,176,46.1,0,0,2,584,8.8
2024-09-26,S03,高雄夢時代店,南區,C01,飲料,186,42.6,0,0,3,309,8.3
2024-09-27,S03,高雄夢時代店,南區,C01,飲料,194,50.8,0,0,4,683,9.3
2024-09-28,S03,高雄夢時代店,南區,C01,飲料,278,40.5,0,1,5,731,12.6
2024-09-29,S03,高雄夢時代店,南區,C01,飲料,279,46.8,0,1,6,932,12.0
2024-09-30,S03,高雄夢時代店,南區,C01,飲料,202,43.1,0,0,0,382,8.2
2024-10-01,S03,高雄夢時代店,南區,C01,飲料,156,43.6,0,0,1,488,8.1
2024-10-02,S03,高雄夢時代店,南區,C01,飲料,191,42.4,0,0,2,647,9.0
2024-10-03,S03,高雄夢時代店,南區,C01,飲料,249,37.0,1,0,3,860,11.1
2024-10-04,S03,高雄夢時代店,南區,C01,飲料,205,47.7,0,0,4,715,9.0
2024-10-05,S03,高雄夢時代店,南區,C01,飲料,282,42.3,0,1,5,814,13.5
2024-10-06,S03,高雄夢時代店,南區,C01,飲料,458,34.5,1,1,6,1286,17.5
2024-10-07,S03,高雄夢時代店,南區,C01,飲料,145,44.7,0,0,0,238,7.3
2024-10-08,S03,高雄夢時代店,南區,C01,飲料,190,46.4,0,0,1,654,8.5
2024-10-09,S03,高雄夢時代店,南區,C01,飲料,155,43.2,0,0,2,555,7.4
2024-10-10,S03,高雄夢時代店,南區,C01,飲料,219,42.5,0,1,3,545,11.5
2024-10-11,S03,高雄夢時代店,南區,C01,飲料,183,44.2,0,0,4,623,9.1
2024-10-12,S03,高雄夢時代店,南區,C01,飲料,249,44.4,0,1,5,831,11.8
2024-10-13,S03,高雄夢時代店,南區,C01,飲料,282,45.6,0,1,6,738,12.9
2024-10-14,S03,高雄夢時代店,南區,C01,飲料,241,39.9,1,0,0,532,10.3
2024-10-15,S03,高雄夢時代店,南區,C01,飲料,159,44.3,0,0,1,282,8.9
2024-10-16,S03,高雄夢時代店,南區,C01,飲料,135,47.5,0,0,2,363,7.6
2024-10-17,S03,高雄夢時代店,南區,C01,飲料,152,44.3,0,0,3,431,7.9
2024-10-18,S03,高雄夢時代店,南區,C01,飲料,135,43.3,0,0,4,263,8.3
2024-10-19,S03,高雄夢時代店,南區,C01,飲料,279,40.2,0,1,5,754,12.3
2024-10-20,S03,高雄夢時代店,南區,C01,飲料,314,41.2,0,1,6,634,14.3
2024-10-21,S03,高雄夢時代店,南區,C01,飲料,133,44.2,0,0,0,402,7.1
2024-10-22,S03,高雄夢時代店,南區,C01,飲料,166,46.0,0,0,1,531,8.1
2024-10-23,S03,高雄夢時代店,南區,C01,飲料,168,48.4,0,0,2,434,9.2
2024-10-24,S03,高雄夢時代店,南區,C01,飲料,218,37.5,1,0,3,544,10.1
2024-10-25,S03,高雄夢時代店,南區,C01,飲料,166,44.5,0,0,4,474,8.5
2024-10-26,S03,高雄夢時代店,南區,C01,飲料,237,43.3,0,1,5,650,11.7
2024-10-27,S03,高雄夢時代店,南區,C01,飲料,224,46.9,0,1,6,572,11.2
2024-10-28,S03,高雄夢時代店,南區,C01,飲料,128,46.7,0,0,0,280,7.3
2024-10-29,S03,高雄夢時代店,南區,C01,飲料,216,38.4,1,0,1,641,9.4
2024-10-30,S03,高雄夢時代店,南區,C01,飲料,140,45.7,0,0,2,263,8.7
2024-10-31,S03,高雄夢時代店,南區,C01,飲料,215,39.2,1,0,3,365,9.1
2024-11-01,S03,高雄夢時代店,南區,C01,飲料,152,47.1,0,0,4,547,7.7
2024-11-02,S03,高雄夢時代店,南區,C01,飲料,251,43.9,0,1,5,770,12.6
2024-11-03,S03,高雄夢時代店,南區,C01,飲料,311,40.4,1,1,6,730,13.6
2024-11-04,S03,高雄夢時代店,南區,C01,飲料,145,45.1,0,0,0,496,8.3
2024-11-05,S03,高雄夢時代店,南區,C01,飲料,160,46.2,0,0,1,422,8.9
2024-11-06,S03,高雄夢時代店,南區,C01,飲料,141,43.3,0,0,2,359,7.8
2024-11-07,S03,高雄夢時代店,南區,C01,飲料,261,37.7,1,0,3,604,9.9
2024-11-08,S03,高雄夢時代店,南區,C01,飲料,148,44.7,0,0,4,267,8.9
2024-11-09,S03,高雄夢時代店,南區,C01,飲料,262,44.6,0,1,5,906,12.6
2024-11-10,S03,高雄夢時代店,南區,C01,飲料,234,44.7,0,1,6,526,11.7
2024-11-11,S03,高雄夢時代店,南區,C01,飲料,142,42.5,0,0,0,300,7.6
2024-11-12,S03,高雄夢時代店,南區,C01,飲料,140,45.7,0,0,1,271,8.0
2024-11-13,S03,高雄夢時代店,南區,C01,飲料,214,38.0,1,0,2,582,8.4
2024-11-14,S03,高雄夢時代店,南區,C01,飲料,155,45.5,0,0,3,285,8.5
2024-11-15,S03,高雄夢時代店,南區,C01,飲料,155,45.0,0,0,4,353,7.9
2024-11-16,S03,高雄夢時代店,南區,C01,飲料,216,42.7,0,1,5,592,11.4
2024-11-17,S03,高雄夢時代店,南區,C01,飲料,343,40.3,1,1,6,1204,14.7
2024-11-18,S03,高雄夢時代店,南區,C01,飲料,127,43.6,0,0,0,407,7.5
2024-11-19,S03,高雄夢時代店,南區,C01,飲料,121,42.0,0,0,1,368,6.6
2024-11-20,S03,高雄夢時代店,南區,C01,飲料,145,44.8,0,0,2,313,7.3
2024-11-21,S03,高雄夢時代店,南區,C01,飲料,150,46.2,0,0,3,284,8.1
2024-11-22,S03,高雄夢時代店,南區,C01,飲料,173,42.8,0,0,4,432,7.8
2024-11-23,S03,高雄夢時代店,南區,C01,飲料,238,40.0,0,1,5,511,11.8
2024-11-24,S03,高雄夢時代店,南區,C01,飲料,203,43.2,0,1,6,480,11.4
2024-11-25,S03,高雄夢時代店,南區,C01,飲料,115,47.7,0,0,0,272,6.1
2024-11-26,S03,高雄夢時代店,南區,C01,飲料,142,49.7,0,0,1,455,6.9
2024-11-27,S03,高雄夢時代店,南區,C01,飲料,108,40.3,0,0,2,271,6.4
2024-11-28,S03,高雄夢時代店,南區,C01,飲料,188,36.8,1,0,3,323,8.1
2024-11-29,S03,高雄夢時代店,南區,C01,飲料,186,41.2,0,0,4,330,8.4
2024-11-30,S03,高雄夢時代店,南區,C01,飲料,316,35.2,1,1,5,979,13.9
2024-12-01,S03,高雄夢時代店,南區,C01,飲料,303,37.6,1,1,6,549,14.2
2024-12-02,S03,高雄夢時代店,南區,C01,飲料,129,42.3,0,0,0,447,6.5
2024-12-03,S03,高雄夢時代店,南區,C01,飲料,182,39.4,1,0,1,314,8.2
2024-12-04,S03,高雄夢時代店,南區,C01,飲料,129,45.4,0,0,2,211,6.9
2024-12-05,S03,高雄夢時代店,南區,C01,飲料,117,45.2,0,0,3,224,7.7
2024-12-06,S03,高雄夢時代店,南區,C01,飲料,158,45.5,0,0,4,501,8.2
2024-12-07,S03,高雄夢時代店,南區,C01,飲料,202,45.7,0,1,5,577,11.7
2024-12-08,S03,高雄夢時代店,南區,C01,飲料,282,39.5,1,1,6,590,14.0
2024-12-09,S03,高雄夢時代店,南區,C01,飲料,109,47.9,0,0,0,223,6.5
2024-12-10,S03,高雄夢時代店,南區,C01,飲料,112,47.0,0,0,1,337,6.9
2024-12-11,S03,高雄夢時代店,南區,C01,飲料,131,46.7,0,0,2,238,7.3
2024-12-12,S03,高雄夢時代店,南區,C01,飲料,116,45.3,0,0,3,207,7.4
2024-12-13,S03,高雄夢時代店,南區,C01,飲料,139,46.1,0,0,4,474,7.0
2024-12-14,S03,高雄夢時代店,南區,C01,飲料,257,40.9,0,1,5,752,12.2
2024-12-15,S03,高雄夢時代店,南區,C01,飲料,205,40.8,0,1,6,491,10.3
2024-12-16,S03,高雄夢時代店,南區,C01,飲料,130,46.7,0,0,0,439,6.9
2024-12-17,S03,高雄夢時代店,南區,C01,飲料,139,44.2,0,0,1,363,7.6
2024-12-18,S03,高雄夢時代店,南區,C01,飲料,127,46.2,0,0,2,244,7.9
2024-12-19,S03,高雄夢時代店,南區,C01,飲料,133,43.8,0,0,3,380,6.7
2024-12-20,S03,高雄夢時代店,南區,C01,飲料,144,42.3,0,0,4,410,7.8
2024-12-21,S03,高雄夢時代店,南區,C01,飲料,218,45.9,0,1,5,759,10.7
2024-12-22,S03,高雄夢時代店,南區,C01,飲料,191,45.1,0,1,6,452,9.4
2024-12-23,S03,高雄夢時代店,南區,C01,飲料,106,51.1,0,0,0,325,6.5
2024-12-24,S03,高雄夢時代店,南區,C01,飲料,180,39.1,1,0,1,606,9.0
2024-12-25,S03,高雄夢時代店,南區,C01,飲料,218,38.5,1,1,2,499,11.8
2024-12-26,S03,高雄夢時代店,南區,C01,飲料,109,45.3,0,0,3,203,6.0
2024-12-27,S03,高雄夢時代店,南區,C01,飲料,151,43.9,0,0,4,357,7.7
2024-12-28,S03,高雄夢時代店,南區,C01,飲料,217,41.4,0,1,5,517,11.6
2024-12-29,S03,高雄夢時代店,南區,C01,飲料,219,44.8,0,1,6,716,10.7
2024-12-30,S03,高雄夢時代店,南區,C01,飲料,137,46.5,0,0,0,305,7.1
2023-01-01,S03,高雄夢時代店,南區,C02,零食,132,54.5,0,1,6,385,9.1
2023-01-02,S03,高雄夢時代店,南區,C02,零食,100,55.7,0,0,0,215,6.3
2023-01-03,S03,高雄夢時代店,南區,C02,零食,65,52.0,0,0,1,195,5.4
2023-01-04,S03,高雄夢時代店,南區,C02,零食,105,59.2,0,0,2,377,6.4
2023-01-05,S03,高雄夢時代店,南區,C02,零食,83,51.0,0,0,3,234,5.7
2023-01-06,S03,高雄夢時代店,南區,C02,零食,93,51.3,0,0,4,225,6.6
2023-01-07,S03,高雄夢時代店,南區,C02,零食,203,49.3,1,1,5,581,12.1
2023-01-08,S03,高雄夢時代店,南區,C02,零食,172,53.7,0,1,6,454,10.5
2023-01-09,S03,高雄夢時代店,南區,C02,零食,85,56.7,0,0,0,176,5.6
2023-01-10,S03,高雄夢時代店,南區,C02,零食,88,53.4,0,0,1,274,6.2
2023-01-11,S03,高雄夢時代店,南區,C02,零食,105,55.8,0,0,2,252,6.7
2023-01-12,S03,高雄夢時代店,南區,C02,零食,99,53.8,0,0,3,202,6.3
2023-01-13,S03,高雄夢時代店,南區,C02,零食,106,52.4,0,0,4,335,6.9
2023-01-14,S03,高雄夢時代店,南區,C02,零食,126,51.5,0,1,5,308,9.2
2023-01-15,S03,高雄夢時代店,南區,C02,零食,209,47.9,1,1,6,746,10.5
2023-01-16,S03,高雄夢時代店,南區,C02,零食,78,53.1,0,0,0,245,5.8
2023-01-17,S03,高雄夢時代店,南區,C02,零食,101,52.7,0,0,1,300,6.5
2023-01-18,S03,高雄夢時代店,南區,C02,零食,77,54.8,0,0,2,161,5.6
2023-01-19,S03,高雄夢時代店,南區,C02,零食,97,58.2,0,0,3,332,6.8
2023-01-20,S03,高雄夢時代店,南區,C02,零食,174,46.9,1,0,4,480,8.9
2023-01-21,S03,高雄夢時代店,南區,C02,零食,138,53.0,0,1,5,405,8.5
2023-01-22,S03,高雄夢時代店,南區,C02,零食,241,47.6,1,1,6,678,12.0
2023-01-23,S03,高雄夢時代店,南區,C02,零食,87,59.0,0,0,0,234,6.1
2023-01-24,S03,高雄夢時代店,南區,C02,零食,88,58.0,0,0,1,206,6.9
2023-01-25,S03,高雄夢時代店,南區,C02,零食,82,60.8,0,0,2,200,6.0
2023-01-26,S03,高雄夢時代店,南區,C02,零食,107,45.8,0,0,3,333,6.5
2023-01-27,S03,高雄夢時代店,南區,C02,零食,114,58.2,0,0,4,224,7.7
2023-01-28,S03,高雄夢時代店,南區,C02,零食,156,56.9,0,1,5,460,9.6
2023-01-29,S03,高雄夢時代店,南區,C02,零食,167,52.8,0,1,6,569,10.2
2023-01-30,S03,高雄夢時代店,南區,C02,零食,88,56.1,0,0,0,190,5.8
2023-01-31,S03,高雄夢時代店,南區,C02,零食,142,47.3,1,0,1,502,7.1
2023-02-01,S03,高雄夢時代店,南區,C02,零食,85,57.1,0,0,2,287,5.6
2023-02-02,S03,高雄夢時代店,南區,C02,零食,81,55.8,0,0,3,236,6.1
2023-02-03,S03,高雄夢時代店,南區,C02,零食,133,46.5,1,0,4,285,6.4
2023-02-04,S03,高雄夢時代店,南區,C02,零食,132,56.3,0,1,5,446,9.0
2023-02-05,S03,高雄夢時代店,南區,C02,零食,140,51.0,0,1,6,502,9.6
2023-02-06,S03,高雄夢時代店,南區,C02,零食,115,45.9,1,0,0,281,7.0
2023-02-07,S03,高雄夢時代店,南區,C02,零食,60,57.0,0,0,1,152,5.1
2023-02-08,S03,高雄夢時代店,南區,C02,零食,78,56.7,0,0,2,217,6.0
2023-02-09,S03,高雄夢時代店,南區,C02,零食,133,45.9,1,0,3,421,8.2
2023-02-10,S03,高雄夢時代店,南區,C02,零食,98,52.2,0,0,4,185,5.9
2023-02-11,S03,高雄夢時代店,南區,C02,零食,123,56.1,0,1,5,354,9.2
2023-02-12,S03,高雄夢時代店,南區,C02,零食,141,59.5,0,1,6,232,9.9
2023-02-13,S03,高雄夢時代店,南區,C02,零食,92,51.5,0,0,0,250,7.4
2023-02-14,S03,高雄夢時代店,南區,C02,零食,78,52.7,0,0,1,220,5.5
2023-02-15,S03,高雄夢時代店,南區,C02,零食,79,53.0,0,0,2,189,5.8
2023-02-16,S03,高雄夢時代店,南區,C02,零食,91,57.6,0,0,3,299,6.3
2023-02-17,S03,高雄夢時代店,南區,C02,零食,111,52.2,0,0,4,185,8.0
2023-02-18,S03,高雄夢時代店,南區,C02,零食,103,58.6,0,1,5,170,8.4
2023-02-19,S03,高雄夢時代店,南區,C02,零食,133,57.4,0,1,6,314,9.8
2023-02-20,S03,高雄夢時代店,南區,C02,零食,79,56.3,0,0,0,272,5.3
2023-02-21,S03,高雄夢時代店,南區,C02,零食,110,46.9,1,0,1,310,6.5
2023-02-22,S03,高雄夢時代店,南區,C02,零食,82,53.5,0,0,2,169,5.4
2023-02-23,S03,高雄夢時代店,南區,C02,零食,106,58.0,0,0,3,370,6.5
2023-02-24,S03,高雄夢時代店,南區,C02,零食,72,53.7,0,0,4,237,5.3
2023-02-25,S03,高雄夢時代店,南區,C02,零食,143,57.0,0,1,5,285,9.4
2023-02-26,S03,高雄夢時代店,南區,C02,零食,164,51.7,0,1,6,439,10.8
2023-02-27,S03,高雄夢時代店,南區,C02,零食,92,54.8,0,0,0,230,6.4
2023-02-28,S03,高雄夢時代店,南區,C02,零食,118,53.1,0,1,1,229,8.2
2023-03-01,S03,高雄夢時代店,南區,C02,零食,86,53.6,0,0,2,322,5.4
2023-03-02,S03,高雄夢時代店,南區,C02,零食,87,52.4,0,0,3,216,5.8
2023-03-03,S03,高雄夢時代店,南區,C02,零食,104,50.9,0,0,4,319,6.4
2023-03-04,S03,高雄夢時代店,南區,C02,零食,147,53.1,0,1,5,377,9.2
2023-03-05,S03,高雄夢時代店,南區,C02,零食,127,56.2,0,1,6,402,9.1
2023-03-06,S03,高雄夢時代店,南區,C02,零食,89,50.0,0,0,0,333,5.5
2023-03-07,S03,高雄夢時代店,南區,C02,零食,85,56.8,0,0,1,250,5.4
2023-03-08,S03,高雄夢時代店,南區,C02,零食,81,52.4,0,0,2,292,6.0
2023-03-09,S03,高雄夢時代店,南區,C02,零食,62,52.1,0,0,3,227,5.7
2023-03-10,S03,高雄夢時代店,南區,C02,零食,116,55.3,0,0,4,192,6.9
2023-03-11,S03,高雄夢時代店,南區,C02,零食,166,57.6,0,1,5,490,9.8
2023-03-12,S03,高雄夢時代店,南區,C02,零食,134,52.3,0,1,6,245,9.2
2023-03-13,S03,高雄夢時代店,南區,C02,零食,81,54.0,0,0,0,247,6.9
2023-03-14,S03,高雄夢時代店,南區,C02,零食,88,55.5,0,0,1,298,6.3
2023-03-15,S03,高雄夢時代店,南區,C02,零食,76,57.7,0,0,2,226,5.4
2023-03-16,S03,高雄夢時代店,南區,C02,零食,97,55.6,0,0,3,186,6.2
2023-03-17,S03,高雄夢時代店,南區,C02,零食,89,57.0,0,0,4,260,7.4
2023-03-18,S03,高雄夢時代店,南區,C02,零食,128,57.6,0,1,5,391,10.4
2023-03-19,S03,高雄夢時代店,南區,C02,零食,143,61.0,0,1,6,389,9.2
2023-03-20,S03,高雄夢時代店,南區,C02,零食,73,57.3,0,0,0,152,5.3
2023-03-21,S03,高雄夢時代店,南區,C02,零食,82,51.2,0,0,1,160,5.3
2023-03-22,S03,高雄夢時代店,南區,C02,零食,99,59.8,0,0,2,199,5.4
2023-03-23,S03,高雄夢時代店,南區,C02,零食,104,47.6,1,0,3,350,6.8
2023-03-24,S03,高雄夢時代店,南區,C02,零食,89,52.9,0,0,4,264,6.0
2023-03-25,S03,高雄夢時代店,南區,C02,零食,129,46.3,0,1,5,349,8.6
2023-03-26,S03,高雄夢時代店,南區,C02,零食,163,58.1,0,1,6,385,10.1
2023-03-27,S03,高雄夢時代店,南區,C02,零食,87,59.2,0,0,0,316,6.0
2023-03-28,S03,高雄夢時代店,南區,C02,零食,99,58.7,0,0,1,265,6.1
2023-03-29,S03,高雄夢時代店,南區,C02,零食,84,57.8,0,0,2,188,6.7
2023-03-30,S03,高雄夢時代店,南區,C02,零食,91,55.9,0,0,3,189,6.7
2023-03-31,S03,高雄夢時代店,南區,C02,零食,99,57.5,0,0,4,261,5.9
2023-04-01,S03,高雄夢時代店,南區,C02,零食,170,59.1,0,1,5,406,10.1
2023-04-02,S03,高雄夢時代店,南區,C02,零食,129,57.3,0,1,6,452,8.9
2023-04-03,S03,高雄夢時代店,南區,C02,零食,159,42.9,1,0,0,469,8.2
2023-04-04,S03,高雄夢時代店,南區,C02,零食,134,53.6,0,1,1,331,9.5
2023-04-05,S03,高雄夢時代店,南區,C02,零食,135,55.6,0,1,2,383,9.0
2023-04-06,S03,高雄夢時代店,南區,C02,零食,97,52.3,0,0,3,283,6.1
2023-04-07,S03,高雄夢時代店,南區,C02,零食,109,55.6,0,0,4,299,6.6
2023-04-08,S03,高雄夢時代店,南區,C02,零食,155,54.2,0,1,5,545,10.2
2023-04-09,S03,高雄夢時代店,南區,C02,零食,153,52.4,0,1,6,292,10.3
2023-04-10,S03,高雄夢時代店,南區,C02,零食,94,53.4,0,0,0,250,6.1
2023-04-11,S03,高雄夢時代店,南區,C02,零食,107,57.0,0,0,1,280,6.8
2023-04-12,S03,高雄夢時代店,南區,C02,零食,92,58.2,0,0,2,338,6.1
2023-04-13,S03,高雄夢時代店,南區,C02,零食,82,54.8,0,0,3,226,6.2
2023-04-14,S03,高雄夢時代店,南區,C02,零食,103,59.9,0,0,4,325,6.8
2023-04-15,S03,高雄夢時代店,南區,C02,零食,149,56.9,0,1,5,403,10.2
2023-04-16,S03,高雄夢時代店,南區,C02,零食,153,47.0,0,1,6,443,9.2
2023-04-17,S03,高雄夢時代店,南區,C02,零食,77,52.9,0,0,0,201,5.4
2023-04-18,S03,高雄夢時代店,南區,C02,零食,83,55.5,0,0,1,260,6.5
2023-04-19,S03,高雄夢時代店,南區,C02,零食,151,44.0,1,0,2,288,7.7
2023-04-20,S03,高雄夢時代店,南區,C02,零食,157,46.3,1,0,3,367,8.1
2023-04-21,S03,高雄夢時代店,南區,C02,零食,72,56.0,0,0,4,234,5.3
2023-04-22,S03,高雄夢時代店,南區,C02,零食,133,56.0,0,1,5,423,8.7
2023-04-23,S03,高雄夢時代店,南區,C02,零食,131,59.0,0,1,6,292,9.6
2023-04-24,S03,高雄夢時代店,南區,C02,零食,81,56.1,0,0,0,259,5.6
2023-04-25,S03,高雄夢時代店,南區,C02,零食,115,50.6,0,0,1,329,7.9
2023-04-26,S03,高雄夢時代店,南區,C02,零食,103,57.5,0,0,2,182,6.5
2023-04-27,S03,高雄夢時代店,南區,C02,零食,80,59.8,0,0,3,280,5.7
2023-04-28,S03,高雄夢時代店,南區,C02,零食,107,56.8,0,0,4,334,7.2
2023-04-29,S03,高雄夢時代店,南區,C02,零食,157,56.7,0,1,5,351,10.4
2023-04-30,S03,高雄夢時代店,南區,C02,零食,127,55.7,0,1,6,426,8.2
2023-05-01,S03,高雄夢時代店,南區,C02,零食,201,44.6,1,1,0,334,11.8
2023-05-02,S03,高雄夢時代店,南區,C02,零食,90,54.0,0,0,1,216,6.7
2023-05-03,S03,高雄夢時代店,南區,C02,零食,86,57.1,0,0,2,200,6.8
2023-05-04,S03,高雄夢時代店,南區,C02,零食,147,49.1,1,0,3,277,8.2
2023-05-05,S03,高雄夢時代店,南區,C02,零食,114,55.1,0,0,4,236,6.8
2023-05-06,S03,高雄夢時代店,南區,C02,零食,146,58.8,0,1,5,249,9.7
2023-05-07,S03,高雄夢時代店,南區,C02,零食,158,56.9,0,1,6,260,10.0
2023-05-08,S03,高雄夢時代店,南區,C02,零食,99,50.7,0,0,0,347,6.3
2023-05-09,S03,高雄夢時代店,南區,C02,零食,105,58.7,0,0,1,241,6.0
2023-05-10,S03,高雄夢時代店,南區,C02,零食,93,56.1,0,0,2,317,6.7
2023-05-11,S03,高雄夢時代店,南區,C02,零食,99,54.9,0,0,3,227,6.1
2023-05-12,S03,高雄夢時代店,南區,C02,零食,124,53.8,0,0,4,323,7.0
2023-05-13,S03,高雄夢時代店,南區,C02,零食,160,52.8,0,1,5,315,9.5
2023-05-14,S03,高雄夢時代店,南區,C02,零食,162,55.3,0,1,6,469,9.5
2023-05-15,S03,高雄夢時代店,南區,C02,零食,113,58.1,0,0,0,256,7.2
2023-05-16,S03,高雄夢時代店,南區,C02,零食,106,53.2,0,0,1,277,6.1
2023-05-17,S03,高雄夢時代店,南區,C02,零食,90,55.1,0,0,2,277,5.4
2023-05-18,S03,高雄夢時代店,南區,C02,零食,85,57.4,0,0,3,242,6.4
2023-05-19,S03,高雄夢時代店,南區,C02,零食,103,57.1,0,0,4,363,6.0
2023-05-20,S03,高雄夢時代店,南區,C02,零食,275,45.1,1,1,5,637,13.2
2023-05-21,S03,高雄夢時代店,南區,C02,零食,164,53.0,0,1,6,328,9.4
2023-05-22,S03,高雄夢時代店,南區,C02,零食,122,52.5,0,0,0,322,7.4
2023-05-23,S03,高雄夢時代店,南區,C02,零食,101,54.5,0,0,1,292,6.6
2023-05-24,S03,高雄夢時代店,南區,C02,零食,112,52.6,0,0,2,253,7.3
2023-05-25,S03,高雄夢時代店,南區,C02,零食,105,51.7,0,0,3,228,6.4
2023-05-26,S03,高雄夢時代店,南區,C02,零食,120,54.8,0,0,4,367,7.2
2023-05-27,S03,高雄夢時代店,南區,C02,零食,154,55.6,0,1,5,282,10.2
2023-05-28,S03,高雄夢時代店,南區,C02,零食,233,45.7,1,1,6,785,12.2
2023-05-29,S03,高雄夢時代店,南區,C02,零食,102,52.5,0,0,0,318,7.4
2023-05-30,S03,高雄夢時代店,南區,C02,零食,92,54.7,0,0,1,170,5.5
2023-05-31,S03,高雄夢時代店,南區,C02,零食,90,56.5,0,0,2,210,6.6
2023-06-01,S03,高雄夢時代店,南區,C02,零食,107,51.5,0,0,3,383,6.9
2023-06-02,S03,高雄夢時代店,南區,C02,零食,182,47.0,1,0,4,481,8.8
2023-06-03,S03,高雄夢時代店,南區,C02,零食,183,55.6,0,1,5,339,11.0
2023-06-04,S03,高雄夢時代店,南區,C02,零食,152,56.5,0,1,6,514,10.6
2023-06-05,S03,高雄夢時代店,南區,C02,零食,106,54.0,0,0,0,309,7.3
2023-06-06,S03,高雄夢時代店,南區,C02,零食,169,51.2,1,0,1,537,9.2
2023-06-07,S03,高雄夢時代店,南區,C02,零食,114,50.7,0,0,2,257,6.9
2023-06-08,S03,高雄夢時代店,南區,C02,零食,95,59.3,0,0,3,342,6.8
2023-06-09,S03,高雄夢時代店,南區,C02,零食,176,47.1,1,0,4,458,8.7
2023-06-10,S03,高雄夢時代店,南區,C02,零食,179,53.3,0,1,5,357,10.7
2023-06-11,S03,高雄夢時代店,南區,C02,零食,200,56.0,0,1,6,334,10.6
2023-06-12,S03,高雄夢時代店,南區,C02,零食,101,55.9,0,0,0,375,6.8
2023-06-13,S03,高雄夢時代店,南區,C02,零食,112,55.9,0,0,1,299,7.1
2023-06-14,S03,高雄夢時代店,南區,C02,零食,92,57.2,0,0,2,200,7.0
2023-06-15,S03,高雄夢時代店,南區,C02,零食,100,56.2,0,0,3,371,6.0
2023-06-16,S03,高雄夢時代店,南區,C02,零食,137,56.9,0,0,4,323,6.8
2023-06-17,S03,高雄夢時代店,南區,C02,零食,167,55.2,0,1,5,487,10.5
2023-06-18,S03,高雄夢時代店,南區,C02,零食,243,50.2,1,1,6,864,11.8
2023-06-19,S03,高雄夢時代店,南區,C02,零食,105,57.0,0,0,0,372,7.1
2023-06-20,S03,高雄夢時代店,南區,C02,零食,81,59.2,0,0,1,202,6.4
2023-06-21,S03,高雄夢時代店,南區,C02,零食,84,56.4,0,0,2,288,6.3
2023-06-22,S03,高雄夢時代店,南區,C02,零食,113,54.0,0,0,3,276,7.3
2023-06-23,S03,高雄夢時代店,南區,C02,零食,119,57.5,0,0,4,393,7.0
2023-06-24,S03,高雄夢時代店,南區,C02,零食,156,52.7,0,1,5,392,10.3
2023-06-25,S03,高雄夢時代店,南區,C02,零食,172,55.1,0,1,6,419,10.9
2023-06-26,S03,高雄夢時代店,南區,C02,零食,84,58.0,0,0,0,295,5.9
2023-06-27,S03,高雄夢時代店,南區,C02,零食,90,54.0,0,0,1,196,6.4
2023-06-28,S03,高雄夢時代店,南區,C02,零食,100,52.9,0,0,2,238,6.7
2023-06-29,S03,高雄夢時代店,南區,C02,零食,156,50.3,1,0,3,303,8.0
2023-06-30,S03,高雄夢時代店,南區,C02,零食,131,52.4,0,0,4,375,8.1
2023-07-01,S03,高雄夢時代店,南區,C02,零食,170,55.6,0,1,5,568,9.4
2023-07-02,S03,高雄夢時代店,南區,C02,零食,151,53.9,0,1,6,407,10.9
2023-07-03,S03,高雄夢時代店,南區,C02,零食,96,51.3,0,0,0,331,6.1
2023-07-04,S03,高雄夢時代店,南區,C02,零食,107,54.7,0,0,1,384,6.2
2023-07-05,S03,高雄夢時代店,南區,C02,零食,107,52.0,0,0,2,296,6.3
2023-07-06,S03,高雄夢時代店,南區,C02,零食,105,58.1,0,0,3,264,6.4
2023-07-07,S03,高雄夢時代店,南區,C02,零食,109,58.4,0,0,4,281,7.4
2023-07-08,S03,高雄夢時代店,南區,C02,零食,149,55.4,0,1,5,327,9.9
2023-07-09,S03,高雄夢時代店,南區,C02,零食,184,50.3,0,1,6,561,11.0
2023-07-10,S03,高雄夢時代店,南區,C02,零食,101,54.9,0,0,0,285,6.8
2023-07-11,S03,高雄夢時代店,南區,C02,零食,90,58.6,0,0,1,208,6.3
2023-07-12,S03,高雄夢時代店,南區,C02,零食,152,47.2,1,0,2,312,7.2
2023-07-13,S03,高雄夢時代店,南區,C02,零食,98,60.1,0,0,3,292,7.4
2023-07-14,S03,高雄夢時代店,南區,C02,零食,110,57.7,0,0,4,218,7.0
2023-07-15,S03,高雄夢時代店,南區,C02,零食,163,56.5,0,1,5,411,9.2
2023-07-16,S03,高雄夢時代店,南區,C02,零食,158,56.9,0,1,6,298,10.2
2023-07-17,S03,高雄夢時代店,南區,C02,零食,80,59.6,0,0,0,253,5.8
2023-07-18,S03,高雄夢時代店,南區,C02,零食,128,53.2,0,0,1,423,7.2
2023-07-19,S03,高雄夢時代店,南區,C02,零食,113,56.4,0,0,2,311,7.5
2023-07-20,S03,高雄夢時代店,南區,C02,零食,116,57.8,0,0,3,242,6.1
2023-07-21,S03,高雄夢時代店,南區,C02,零食,184,46.7,1,0,4,408,7.7
2023-07-22,S03,高雄夢時代店,南區,C02,零食,170,58.7,0,1,5,478,10.7
2023-07-23,S03,高雄夢時代店,南區,C02,零食,157,54.2,0,1,6,329,9.7
2023-07-24,S03,高雄夢時代店,南區,C02,零食,89,57.8,0,0,0,291,5.4
2023-07-25,S03,高雄夢時代店,南區,C02,零食,96,55.3,0,0,1,169,6.6
2023-07-26,S03,高雄夢時代店,南區,C02,零食,98,52.6,0,0,2,173,6.8
2023-07-27,S03,高雄夢時代店,南區,C02,零食,108,51.2,0,0,3,190,6.5
2023-07-28,S03,高雄夢時代店,南區,C02,零食,135,58.1,0,0,4,426,7.4
2023-07-29,S03,高雄夢時代店,南區,C02,零食,198,51.9,0,1,5,472,10.5
2023-07-30,S03,高雄夢時代店,南區,C02,零食,155,51.7,0,1,6,344,9.3
2023-07-31,S03,高雄夢時代店,南區,C02,零食,90,52.4,0,0,0,262,6.2
2023-08-01,S03,高雄夢時代店,南區,C02,零食,118,54.5,0,0,1,264,7.1
2023-08-02,S03,高雄夢時代店,南區,C02,零食,92,53.4,0,0,2,241,6.6
2023-08-03,S03,高雄夢時代店,南區,C02,零食,108,52.4,0,0,3,249,6.6
2023-08-04,S03,高雄夢時代店,南區,C02,零食,119,59.7,0,0,4,353,6.1
2023-08-05,S03,高雄夢時代店,南區,C02,零食,159,51.8,0,1,5,363,10.4
2023-08-06,S03,高雄夢時代店,南區,C02,零食,155,55.3,0,1,6,397,9.3
2023-08-07,S03,高雄夢時代店,南區,C02,零食,84,54.0,0,0,0,170,5.7
2023-08-08,S03,高雄夢時代店,南區,C02,零食,88,51.8,0,0,1,174,6.2
2023-08-09,S03,高雄夢時代店,南區,C02,零食,79,56.4,0,0,2,177,5.5
2023-08-10,S03,高雄夢時代店,南區,C02,零食,82,59.8,0,0,3,154,6.2
2023-08-11,S03,高雄夢時代店,南區,C02,零食,112,55.3,0,0,4,277,6.2
2023-08-12,S03,高雄夢時代店,南區,C02,零食,154,54.3,0,1,5,387,9.3
2023-08-13,S03,高雄夢時代店,南區,C02,零食,163,57.3,0,1,6,306,10.0
2023-08-14,S03,高雄夢時代店,南區,C02,零食,105,49.3,0,0,0,272,7.4
2023-08-15,S03,高雄夢時代店,南區,C02,零食,137,46.9,1,0,1,244,6.6
2023-08-16,S03,高雄夢時代店,南區,C02,零食,100,53.8,0,0,2,291,6.3
2023-08-17,S03,高雄夢時代店,南區,C02,零食,105,52.7,0,0,3,271,6.1
2023-08-18,S03,高雄夢時代店,南區,C02,零食,90,50.1,0,0,4,217,6.6
2023-08-19,S03,高雄夢時代店,南區,C02,零食,173,52.1,0,1,5,561,10.6
2023-08-20,S03,高雄夢時代店,南區,C02,零食,176,57.8,0,1,6,360,9.8
2023-08-21,S03,高雄夢時代店,南區,C02,零食,100,57.0,0,0,0,269,6.4
2023-08-22,S03,高雄夢時代店,南區,C02,零食,123,51.2,0,0,1,400,7.5
2023-08-23,S03,高雄夢時代店,南區,C02,零食,98,53.0,0,0,2,344,6.0
2023-08-24,S03,高雄夢時代店,南區,C02,零食,153,48.3,1,0,3,277,8.4
2023-08-25,S03,高雄夢時代店,南區,C02,零食,117,54.1,0,0,4,266,6.8
2023-08-26,S03,高雄夢時代店,南區,C02,零食,139,58.0,0,1,5,410,9.7
2023-08-27,S03,高雄夢時代店,南區,C02,零食,229,47.1,1,1,6,659,11.6
2023-08-28,S03,高雄夢時代店,南區,C02,零食,90,56.2,0,0,0,221,5.8
2023-08-29,S03,高雄夢時代店,南區,C02,零食,106,54.6,0,0,1,277,7.3
2023-08-30,S03,高雄夢時代店,南區,C02,零食,134,47.5,1,0,2,430,7.0
2023-08-31,S03,高雄夢時代店,南區,C02,零食,98,52.3,0,0,3,264,7.4
2023-09-01,S03,高雄夢時代店,南區,C02,零食,125,52.1,0,0,4,214,6.6
2023-09-02,S03,高雄夢時代店,南區,C02,零食,121,57.6,0,1,5,354,8.4
2023-09-03,S03,高雄夢時代店,南區,C02,零食,149,53.7,0,1,6,478,9.8
2023-09-04,S03,高雄夢時代店,南區,C02,零食,97,51.4,0,0,0,247,6.6
2023-09-05,S03,高雄夢時代店,南區,C02,零食,107,52.4,0,0,1,383,6.8
2023-09-06,S03,高雄夢時代店,南區,C02,零食,104,56.9,0,0,2,187,5.3
2023-09-07,S03,高雄夢時代店,南區,C02,零食,98,53.4,0,0,3,265,5.8
2023-09-08,S03,高雄夢時代店,南區,C02,零食,169,47.1,1,0,4,522,8.6
2023-09-09,S03,高雄夢時代店,南區,C02,零食,168,55.6,0,1,5,288,10.6
2023-09-10,S03,高雄夢時代店,南區,C02,零食,149,59.1,0,1,6,524,9.2
2023-09-11,S03,高雄夢時代店,南區,C02,零食,85,53.9,0,0,0,197,5.5
2023-09-12,S03,高雄夢時代店,南區,C02,零食,68,62.0,0,0,1,154,6.3
2023-09-13,S03,高雄夢時代店,南區,C02,零食,100,53.2,0,0,2,362,6.8
2023-09-14,S03,高雄夢時代店,南區,C02,零食,115,53.3,0,0,3,219,6.5
2023-09-15,S03,高雄夢時代店,南區,C02,零食,108,58.8,0,0,4,337,6.0
2023-09-16,S03,高雄夢時代店,南區,C02,零食,151,54.3,0,1,5,545,10.2
2023-09-17,S03,高雄夢時代店,南區,C02,零食,123,58.6,0,1,6,397,9.0
2023-09-18,S03,高雄夢時代店,南區,C02,零食,102,53.4,0,0,0,350,6.7
2023-09-19,S03,高雄夢時代店,南區,C02,零食,88,60.7,0,0,1,193,7.2
2023-09-20,S03,高雄夢時代店,南區,C02,零食,91,53.3,0,0,2,270,6.6
2023-09-21,S03,高雄夢時代店,南區,C02,零食,52,57.1,0,0,3,155,4.6
2023-09-22,S03,高雄夢時代店,南區,C02,零食,92,58.7,0,0,4,201,6.6
2023-09-23,S03,高雄夢時代店,南區,C02,零食,257,45.2,1,1,5,778,12.4
2023-09-24,S03,高雄夢時代店,南區,C02,零食,152,55.3,0,1,6,470,9.7
2023-09-25,S03,高雄夢時代店,南區,C02,零食,81,49.7,0,0,0,209,6.3
2023-09-26,S03,高雄夢時代店,南區,C02,零食,93,60.1,0,0,1,226,5.8
2023-09-27,S03,高雄夢時代店,南區,C02,零食,103,51.1,0,0,2,332,5.8
2023-09-28,S03,高雄夢時代店,南區,C02,零食,98,51.1,0,0,3,252,6.4
2023-09-29,S03,高雄夢時代店,南區,C02,零食,114,55.1,0,0,4,301,7.0
2023-09-30,S03,高雄夢時代店,南區,C02,零食,150,52.8,0,1,5,488,9.7
2023-10-01,S03,高雄夢時代店,南區,C02,零食,220,47.9,1,1,6,609,11.1
2023-10-02,S03,高雄夢時代店,南區,C02,零食,74,56.2,0,0,0,223,5.5
2023-10-03,S03,高雄夢時代店,南區,C02,零食,100,55.0,0,0,1,237,6.4
2023-10-04,S03,高雄夢時代店,南區,C02,零食,145,44.9,1,0,2,335,7.7
2023-10-05,S03,高雄夢時代店,南區,C02,零食,75,54.9,0,0,3,251,5.2
2023-10-06,S03,高雄夢時代店,南區,C02,零食,140,44.3,1,0,4,475,8.4
2023-10-07,S03,高雄夢時代店,南區,C02,零食,148,56.9,0,1,5,463,10.3
2023-10-08,S03,高雄夢時代店,南區,C02,零食,166,55.7,0,1,6,334,10.3
2023-10-09,S03,高雄夢時代店,南區,C02,零食,101,53.8,0,0,0,286,7.1
2023-10-10,S03,高雄夢時代店,南區,C02,零食,117,54.5,0,1,1,232,9.9
2023-10-11,S03,高雄夢時代店,南區,C02,零食,89,58.9,0,0,2,315,5.9
2023-10-12,S03,高雄夢時代店,南區,C02,零食,92,54.4,0,0,3,276,6.5
2023-10-13,S03,高雄夢時代店,南區,C02,零食,110,57.5,0,0,4,234,6.9
2023-10-14,S03,高雄夢時代店,南區,C02,零食,148,50.6,0,1,5,479,9.5
2023-10-15,S03,高雄夢時代店,南區,C02,零食,134,55.4,0,1,6,409,9.8
2023-10-16,S03,高雄夢時代店,南區,C02,零食,107,55.3,0,0,0,317,6.3
2023-10-17,S03,高雄夢時代店,南區,C02,零食,102,54.6,0,0,1,349,6.3
2023-10-18,S03,高雄夢時代店,南區,C02,零食,68,54.7,0,0,2,254,4.9
2023-10-19,S03,高雄夢時代店,南區,C02,零食,95,54.3,0,0,3,300,6.5
2023-10-20,S03,高雄夢時代店,南區,C02,零食,99,55.8,0,0,4,318,6.6
2023-10-21,S03,高雄夢時代店,南區,C02,零食,164,55.1,0,1,5,284,11.2
2023-10-22,S03,高雄夢時代店,南區,C02,零食,134,55.7,0,1,6,470,9.0
2023-10-23,S03,高雄夢時代店,南區,C02,零食,125,45.2,1,0,0,220,6.6
2023-10-24,S03,高雄夢時代店,南區,C02,零食,102,58.1,0,0,1,218,6.9
2023-10-25,S03,高雄夢時代店,南區,C02,零食,77,55.6,0,0,2,215,6.5
2023-10-26,S03,高雄夢時代店,南區,C02,零食,95,58.1,0,0,3,222,6.8
2023-10-27,S03,高雄夢時代店,南區,C02,零食,101,51.5,0,0,4,182,6.4
2023-10-28,S03,高雄夢時代店,南區,C02,零食,131,57.3,0,1,5,390,9.6
2023-10-29,S03,高雄夢時代店,南區,C02,零食,288,47.3,1,1,6,825,13.7
2023-10-30,S03,高雄夢時代店,南區,C02,零食,90,51.1,0,0,0,220,6.7
2023-10-31,S03,高雄夢時代店,南區,C02,零食,90,58.0,0,0,1,282,7.0
2023-11-01,S03,高雄夢時代店,南區,C02,零食,93,54.0,0,0,2,263,6.3
2023-11-02,S03,高雄夢時代店,南區,C02,零食,125,48.0,1,0,3,428,7.5
2023-11-03,S03,高雄夢時代店,南區,C02,零食,99,55.8,0,0,4,235,5.9
2023-11-04,S03,高雄夢時代店,南區,C02,零食,160,52.7,0,1,5,399,10.0
2023-11-05,S03,高雄夢時代店,南區,C02,零食,158,53.4,0,1,6,322,9.4
2023-11-06,S03,高雄夢時代店,南區,C02,零食,101,57.9,0,0,0,376,6.5
2023-11-07,S03,高雄夢時代店,南區,C02,零食,88,56.0,0,0,1,326,6.1
2023-11-08,S03,高雄夢時代店,南區,C02,零食,74,54.9,0,0,2,160,6.1
2023-11-09,S03,高雄夢時代店,南區,C02,零食,146,46.2,1,0,3,270,7.3
2023-11-10,S03,高雄夢時代店,南區,C02,零食,172,50.7,1,0,4,359,9.0
2023-11-11,S03,高雄夢時代店,南區,C02,零食,154,57.9,0,1,5,497,10.6
2023-11-12,S03,高雄夢時代店,南區,C02,零食,156,59.2,0,1,6,289,9.6
2023-11-13,S03,高雄夢時代店,南區,C02,零食,129,44.9,1,0,0,415,6.8
2023-11-14,S03,高雄夢時代店,南區,C02,零食,90,54.5,0,0,1,161,5.6
2023-11-15,S03,高雄夢時代店,南區,C02,零食,125,53.3,0,0,2,257,6.7
2023-11-16,S03,高雄夢時代店,南區,C02,零食,88,59.2,0,0,3,276,5.4
2023-11-17,S03,高雄夢時代店,南區,C02,零食,145,45.4,1,0,4,450,8.4
2023-11-18,S03,高雄夢時代店,南區,C02,零食,149,58.0,0,1,5,368,10.3
2023-11-19,S03,高雄夢時代店,南區,C02,零食,166,52.1,0,1,6,371,10.3
2023-11-20,S03,高雄夢時代店,南區,C02,零食,75,54.5,0,0,0,187,5.7
2023-11-21,S03,高雄夢時代店,南區,C02,零食,93,54.2,0,0,1,204,6.1
2023-11-22,S03,高雄夢時代店,南區,C02,零食,95,52.9,0,0,2,210,6.3
2023-11-23,S03,高雄夢時代店,南區,C02,零食,158,48.4,1,0,3,396,8.7
2023-11-24,S03,高雄夢時代店,南區,C02,零食,118,56.2,0,0,4,377,7.8
2023-11-25,S03,高雄夢時代店,南區,C02,零食,122,56.9,0,1,5,298,9.1
2023-11-26,S03,高雄夢時代店,南區,C02,零食,141,55.1,0,1,6,430,8.7
2023-11-27,S03,高雄夢時代店,南區,C02,零食,73,60.3,0,0,0,167,5.7
2023-11-28,S03,高雄夢時代店,南區,C02,零食,145,43.3,1,0,1,330,6.5
2023-11-29,S03,高雄夢時代店,南區,C02,零食,66,54.6,0,0,2,219,5.0
2023-11-30,S03,高雄夢時代店,南區,C02,零食,80,52.5,0,0,3,150,6.2
2023-12-01,S03,高雄夢時代店,南區,C02,零食,142,54.6,0,0,4,382,7.2
2023-12-02,S03,高雄夢時代店,南區,C02,零食,188,52.5,0,1,5,518,10.8
2023-12-03,S03,高雄夢時代店,南區,C02,零食,140,58.5,0,1,6,416,9.2
2023-12-04,S03,高雄夢時代店,南區,C02,零食,84,54.2,0,0,0,205,6.1
2023-12-05,S03,高雄夢時代店,南區,C02,零食,119,54.4,0,0,1,210,7.3
2023-12-06,S03,高雄夢時代店,南區,C02,零食,106,59.6,0,0,2,305,6.6
2023-12-07,S03,高雄夢時代店,南區,C02,零食,93,59.3,0,0,3,333,6.2
2023-12-08,S03,高雄夢時代店,南區,C02,零食,122,58.8,0,0,4,402,6.9
2023-12-09,S03,高雄夢時代店,南區,C02,零食,153,61.7,0,1,5,500,8.7
2023-12-10,S03,高雄夢時代店,南區,C02,零食,266,46.6,1,1,6,928,13.1
2023-12-11,S03,高雄夢時代店,南區,C02,零食,108,58.7,0,0,0,214,8.8
2023-12-12,S03,高雄夢時代店,南區,C02,零食,142,46.5,1,0,1,367,8.0
2023-12-13,S03,高雄夢時代店,南區,C02,零食,161,47.1,1,0,2,276,8.2
2023-12-14,S03,高雄夢時代店,南區,C02,零食,113,52.3,0,0,3,409,6.8
2023-12-15,S03,高雄夢時代店,南區,C02,零食,137,55.4,0,0,4,331,7.8
2023-12-16,S03,高雄夢時代店,南區,C02,零食,191,57.8,0,1,5,606,10.0
2023-12-17,S03,高雄夢時代店,南區,C02,零食,193,55.3,0,1,6,409,11.0
2023-12-18,S03,高雄夢時代店,南區,C02,零食,93,56.5,0,0,0,309,6.2
2023-12-19,S03,高雄夢時代店,南區,C02,零食,90,53.7,0,0,1,168,7.2
2023-12-20,S03,高雄夢時代店,南區,C02,零食,103,55.0,0,0,2,234,7.0
2023-12-21,S03,高雄夢時代店,南區,C02,零食,101,55.2,0,0,3,192,7.2
2023-12-22,S03,高雄夢時代店,南區,C02,零食,119,53.2,0,0,4,196,6.8
2023-12-23,S03,高雄夢時代店,南區,C02,零食,154,56.0,0,1,5,502,9.7
2023-12-24,S03,高雄夢時代店,南區,C02,零食,246,46.9,1,1,6,630,11.8
2023-12-25,S03,高雄夢時代店,南區,C02,零食,143,50.8,0,1,0,261,9.7
2023-12-26,S03,高雄夢時代店,南區,C02,零食,109,52.8,0,0,1,376,7.6
2023-12-27,S03,高雄夢時代店,南區,C02,零食,98,58.2,0,0,2,202,6.4
2023-12-28,S03,高雄夢時代店,南區,C02,零食,102,51.7,0,0,3,263,6.4
2023-12-29,S03,高雄夢時代店,南區,C02,零食,117,58.4,0,0,4,338,7.2
2023-12-30,S03,高雄夢時代店,南區,C02,零食,164,56.9,0,1,5,384,10.5
2023-12-31,S03,高雄夢時代店,南區,C02,零食,148,54.7,0,1,6,383,9.7
2024-01-01,S03,高雄夢時代店,南區,C02,零食,121,54.9,0,1,0,236,8.7
2024-01-02,S03,高雄夢時代店,南區,C02,零食,120,56.0,0,0,1,199,7.4
2024-01-03,S03,高雄夢時代店,南區,C02,零食,110,51.7,0,0,2,226,7.1
2024-01-04,S03,高雄夢時代店,南區,C02,零食,120,52.0,0,0,3,353,7.9
2024-01-05,S03,高雄夢時代店,南區,C02,零食,148,56.8,0,0,4,266,7.9
2024-01-06,S03,高雄夢時代店,南區,C02,零食,260,49.0,1,1,5,845,13.3
2024-01-07,S03,高雄夢時代店,南區,C02,零食,156,53.5,0,1,6,278,8.8
2024-01-08,S03,高雄夢時代店,南區,C02,零食,87,52.7,0,0,0,286,5.6
2024-01-09,S03,高雄夢時代店,南區,C02,零食,136,52.3,0,0,1,449,8.4
2024-01-10,S03,高雄夢時代店,南區,C02,零食,95,55.9,0,0,2,246,6.2
2024-01-11,S03,高雄夢時代店,南區,C02,零食,116,54.8,0,0,3,281,7.4
2024-01-12,S03,高雄夢時代店,南區,C02,零食,136,49.0,0,0,4,439,7.1
2024-01-13,S03,高雄夢時代店,南區,C02,零食,182,53.1,0,1,5,292,10.1
2024-01-14,S03,高雄夢時代店,南區,C02,零食,185,60.6,0,1,6,514,10.3
2024-01-15,S03,高雄夢時代店,南區,C02,零食,89,54.0,0,0,0,312,6.4
2024-01-16,S03,高雄夢時代店,南區,C02,零食,155,48.8,1,0,1,549,8.2
2024-01-17,S03,高雄夢時代店,南區,C02,零食,142,49.1,1,0,2,242,8.2
2024-01-18,S03,高雄夢時代店,南區,C02,零食,96,61.1,0,0,3,244,6.5
2024-01-19,S03,高雄夢時代店,南區,C02,零食,127,53.8,0,0,4,333,7.0
2024-01-20,S03,高雄夢時代店,南區,C02,零食,151,54.1,0,1,5,254,10.1
2024-01-21,S03,高雄夢時代店,南區,C02,零食,185,58.8,0,1,6,654,10.2
2024-01-22,S03,高雄夢時代店,南區,C02,零食,105,51.3,0,0,0,227,6.8
2024-01-23,S03,高雄夢時代店,南區,C02,零食,102,53.5,0,0,1,312,6.9
2024-01-24,S03,高雄夢時代店,南區,C02,零食,96,55.8,0,0,2,345,6.1
2024-01-25,S03,高雄夢時代店,南區,C02,零食,109,53.7,0,0,3,182,6.5
2024-01-26,S03,高雄夢時代店,南區,C02,零食,119,55.1,0,0,4,230,7.2
2024-01-27,S03,高雄夢時代店,南區,C02,零食,169,57.8,0,1,5,561,10.3
2024-01-28,S03,高雄夢時代店,南區,C02,零食,176,55.5,0,1,6,375,11.4
2024-01-29,S03,高雄夢時代店,南區,C02,零食,101,56.8,0,0,0,293,6.4
2024-01-30,S03,高雄夢時代店,南區,C02,零食,96,56.7,0,0,1,212,6.9
2024-01-31,S03,高雄夢時代店,南區,C02,零食,76,60.2,0,0,2,213,6.0
2024-02-01,S03,高雄夢時代店,南區,C02,零食,121,55.1,0,0,3,392,7.2
2024-02-02,S03,高雄夢時代店,南區,C02,零食,109,56.4,0,0,4,323,6.3
2024-02-03,S03,高雄夢時代店,南區,C02,零食,179,60.4,0,1,5,441,10.4
2024-02-04,S03,高雄夢時代店,南區,C02,零食,162,59.0,0,1,6,375,9.4
2024-02-05,S03,高雄夢時代店,南區,C02,零食,81,56.0,0,0,0,258,6.5
2024-02-06,S03,高雄夢時代店,南區,C02,零食,141,49.0,1,0,1,390,7.2
2024-02-07,S03,高雄夢時代店,南區,C02,零食,105,51.2,0,0,2,376,6.6
2024-02-08,S03,高雄夢時代店,南區,C02,零食,108,50.8,0,0,3,189,7.1
2024-02-09,S03,高雄夢時代店,南區,C02,零食,96,53.9,0,0,4,201,6.2
2024-02-10,S03,高雄夢時代店,南區,C02,零食,127,54.0,0,1,5,382,9.3
2024-02-11,S03,高雄夢時代店,南區,C02,零食,120,54.7,0,1,6,422,8.7
2024-02-12,S03,高雄夢時代店,南區,C02,零食,86,54.4,0,0,0,240,6.4
2024-02-13,S03,高雄夢時代店,南區,C02,零食,97,58.8,0,0,1,246,5.9
2024-02-14,S03,高雄夢時代店,南區,C02,零食,110,51.4,0,0,2,323,7.0
2024-02-15,S03,高雄夢時代店,南區,C02,零食,67,58.2,0,0,3,149,5.6
2024-02-16,S03,高雄夢時代店,南區,C02,零食,88,56.5,0,0,4,155,6.0
2024-02-17,S03,高雄夢時代店,南區,C02,零食,163,51.8,0,1,5,410,9.5
2024-02-18,S03,高雄夢時代店,南區,C02,零食,144,57.2,0,1,6,350,9.7
2024-02-19,S03,高雄夢時代店,南區,C02,零食,93,55.1,0,0,0,264,6.2
2024-02-20,S03,高雄夢時代店,南區,C02,零食,116,50.4,0,0,1,275,6.4
2024-02-21,S03,高雄夢時代店,南區,C02,零食,102,55.3,0,0,2,197,6.5
2024-02-22,S03,高雄夢時代店,南區,C02,零食,98,60.5,0,0,3,305,5.7
2024-02-23,S03,高雄夢時代店,南區,C02,零食,110,58.2,0,0,4,228,6.4
2024-02-24,S03,高雄夢時代店,南區,C02,零食,145,59.6,0,1,5,347,10.5
2024-02-25,S03,高雄夢時代店,南區,C02,零食,251,44.3,1,1,6,757,12.2
2024-02-26,S03,高雄夢時代店,南區,C02,零食,96,52.9,0,0,0,342,6.7
2024-02-27,S03,高雄夢時代店,南區,C02,零食,126,54.9,0,0,1,214,6.8
2024-02-28,S03,高雄夢時代店,南區,C02,零食,92,51.3,0,1,2,333,7.9
2024-02-29,S03,高雄夢時代店,南區,C02,零食,114,54.3,0,0,3,358,6.9
2024-03-01,S03,高雄夢時代店,南區,C02,零食,104,54.9,0,0,4,362,6.7
2024-03-02,S03,高雄夢時代店,南區,C02,零食,173,55.9,0,1,5,374,9.1
2024-03-03,S03,高雄夢時代店,南區,C02,零食,149,58.3,0,1,6,360,10.0
2024-03-04,S03,高雄夢時代店,南區,C02,零食,88,56.8,0,0,0,197,6.6
2024-03-05,S03,高雄夢時代店,南區,C02,零食,87,49.6,0,0,1,161,5.5
2024-03-06,S03,高雄夢時代店,南區,C02,零食,106,55.8,0,0,2,349,5.9
2024-03-07,S03,高雄夢時代店,南區,C02,零食,96,54.6,0,0,3,258,7.1
2024-03-08,S03,高雄夢時代店,南區,C02,零食,91,52.9,0,0,4,317,5.9
2024-03-09,S03,高雄夢時代店,南區,C02,零食,174,50.7,0,1,5,318,11.5
2024-03-10,S03,高雄夢時代店,南區,C02,零食,265,45.2,1,1,6,585,12.8
2024-03-11,S03,高雄夢時代店,南區,C02,零食,100,55.7,0,0,0,357,6.5
2024-03-12,S03,高雄夢時代店,南區,C02,零食,147,46.7,1,0,1,354,7.8
2024-03-13,S03,高雄夢時代店,南區,C02,零食,106,54.6,0,0,2,378,6.4
2024-03-14,S03,高雄夢時代店,南區,C02,零食,178,43.6,1,0,3,379,8.4
2024-03-15,S03,高雄夢時代店,南區,C02,零食,109,57.6,0,0,4,304,6.5
2024-03-16,S03,高雄夢時代店,南區,C02,零食,159,57.1,0,1,5,353,11.5
2024-03-17,S03,高雄夢時代店,南區,C02,零食,170,53.5,0,1,6,471,10.8
2024-03-18,S03,高雄夢時代店,南區,C02,零食,101,54.6,0,0,0,333,7.4
2024-03-19,S03,高雄夢時代店,南區,C02,零食,109,56.0,0,0,1,394,6.6
2024-03-20,S03,高雄夢時代店,南區,C02,零食,109,54.6,0,0,2,360,6.5
2024-03-21,S03,高雄夢時代店,南區,C02,零食,105,54.9,0,0,3,267,7.1
2024-03-22,S03,高雄夢時代店,南區,C02,零食,108,56.0,0,0,4,299,6.3
2024-03-23,S03,高雄夢時代店,南區,C02,零食,181,56.3,0,1,5,504,10.8
2024-03-24,S03,高雄夢時代店,南區,C02,零食,191,58.8,0,1,6,362,10.8
2024-03-25,S03,高雄夢時代店,南區,C02,零食,101,55.0,0,0,0,289,5.6
2024-03-26,S03,高雄夢時代店,南區,C02,零食,99,57.4,0,0,1,332,6.4
2024-03-27,S03,高雄夢時代店,南區,C02,零食,109,53.3,0,0,2,354,6.3
2024-03-28,S03,高雄夢時代店,南區,C02,零食,122,51.9,0,0,3,328,7.0
2024-03-29,S03,高雄夢時代店,南區,C02,零食,108,58.4,0,0,4,255,6.3
2024-03-30,S03,高雄夢時代店,南區,C02,零食,185,52.5,0,1,5,680,10.1
2024-03-31,S03,高雄夢時代店,南區,C02,零食,145,53.8,0,1,6,404,9.9
2024-04-01,S03,高雄夢時代店,南區,C02,零食,94,55.6,0,0,0,324,7.6
2024-04-02,S03,高雄夢時代店,南區,C02,零食,136,55.7,0,0,1,435,7.1
2024-04-03,S03,高雄夢時代店,南區,C02,零食,77,60.9,0,0,2,235,5.1
2024-04-04,S03,高雄夢時代店,南區,C02,零食,145,55.0,0,1,3,325,9.4
2024-04-05,S03,高雄夢時代店,南區,C02,零食,138,54.4,0,1,4,242,8.8
2024-04-06,S03,高雄夢時代店,南區,C02,零食,161,54.2,0,1,5,437,9.6
2024-04-07,S03,高雄夢時代店,南區,C02,零食,150,50.6,0,1,6,407,10.2
2024-04-08,S03,高雄夢時代店,南區,C02,零食,92,54.2,0,0,0,205,5.4
2024-04-09,S03,高雄夢時代店,南區,C02,零食,185,44.0,1,0,1,596,8.8
2024-04-10,S03,高雄夢時代店,南區,C02,零食,113,54.5,0,0,2,317,6.3
2024-04-11,S03,高雄夢時代店,南區,C02,零食,114,56.8,0,0,3,360,7.0
2024-04-12,S03,高雄夢時代店,南區,C02,零食,115,51.4,0,0,4,296,7.0
2024-04-13,S03,高雄夢時代店,南區,C02,零食,127,53.8,0,1,5,242,9.0
2024-04-14,S03,高雄夢時代店,南區,C02,零食,160,57.4,0,1,6,451,10.1
2024-04-15,S03,高雄夢時代店,南區,C02,零食,143,48.8,1,0,0,306,7.4
2024-04-16,S03,高雄夢時代店,南區,C02,零食,95,58.9,0,0,1,302,6.2
2024-04-17,S03,高雄夢時代店,南區,C02,零食,95,60.5,0,0,2,294,6.2
2024-04-18,S03,高雄夢時代店,南區,C02,零食,90,52.7,0,0,3,195,5.8
2024-04-19,S03,高雄夢時代店,南區,C02,零食,121,55.1,0,0,4,311,6.5
2024-04-20,S03,高雄夢時代店,南區,C02,零食,168,55.2,0,1,5,339,10.4
2024-04-21,S03,高雄夢時代店,南區,C02,零食,163,54.1,0,1,6,476,11.5
2024-04-22,S03,高雄夢時代店,南區,C02,零食,110,54.7,0,0,0,347,6.4
2024-04-23,S03,高雄夢時代店,南區,C02,零食,99,56.7,0,0,1,359,5.8
2024-04-24,S03,高雄夢時代店,南區,C02,零食,126,46.5,0,0,2,434,7.1
2024-04-25,S03,高雄夢時代店,南區,C02,零食,106,55.0,0,0,3,231,6.7
2024-04-26,S03,高雄夢時代店,南區,C02,零食,108,55.5,0,0,4,291,7.6
2024-04-27,S03,高雄夢時代店,南區,C02,零食,187,54.6,0,1,5,410,10.6
2024-04-28,S03,高雄夢時代店,南區,C02,零食,182,52.7,0,1,6,375,10.6
2024-04-29,S03,高雄夢時代店,南區,C02,零食,82,51.6,0,0,0,241,5.4
2024-04-30,S03,高雄夢時代店,南區,C02,零食,107,54.1,0,0,1,342,7.0
2024-05-01,S03,高雄夢時代店,南區,C02,零食,147,56.6,0,1,2,388,9.3
2024-05-02,S03,高雄夢時代店,南區,C02,零食,177,42.8,1,0,3,336,8.2
2024-05-03,S03,高雄夢時代店,南區,C02,零食,120,56.7,0,0,4,412,6.0
2024-05-04,S03,高雄夢時代店,南區,C02,零食,188,58.3,0,1,5,648,11.0
2024-05-05,S03,高雄夢時代店,南區,C02,零食,154,54.1,0,1,6,368,9.3
2024-05-06,S03,高雄夢時代店,南區,C02,零食,90,56.7,0,0,0,331,6.6
2024-05-07,S03,高雄夢時代店,南區,C02,零食,94,55.7,0,0,1,230,6.8
2024-05-08,S03,高雄夢時代店,南區,C02,零食,141,49.0,1,0,2,365,7.5
2024-05-09,S03,高雄夢時代店,南區,C02,零食,168,46.6,1,0,3,580,9.0
2024-05-10,S03,高雄夢時代店,南區,C02,零食,117,56.2,0,0,4,228,7.0
2024-05-11,S03,高雄夢時代店,南區,C02,零食,299,50.1,1,1,5,606,12.6
2024-05-12,S03,高雄夢時代店,南區,C02,零食,184,59.3,0,1,6,337,11.0
2024-05-13,S03,高雄夢時代店,南區,C02,零食,103,54.0,0,0,0,375,6.1
2024-05-14,S03,高雄夢時代店,南區,C02,零食,141,54.9,0,0,1,363,9.3
2024-05-15,S03,高雄夢時代店,南區,C02,零食,110,54.3,0,0,2,246,6.8
2024-05-16,S03,高雄夢時代店,南區,C02,零食,108,51.8,0,0,3,345,7.2
2024-05-17,S03,高雄夢時代店,南區,C02,零食,88,58.5,0,0,4,286,6.8
2024-05-18,S03,高雄夢時代店,南區,C02,零食,177,56.7,0,1,5,627,11.1
2024-05-19,S03,高雄夢時代店,南區,C02,零食,275,47.6,1,1,6,908,13.6
2024-05-20,S03,高雄夢時代店,南區,C02,零食,107,55.0,0,0,0,221,6.8
2024-05-21,S03,高雄夢時代店,南區,C02,零食,120,55.9,0,0,1,399,7.3
2024-05-22,S03,高雄夢時代店,南區,C02,零食,171,48.4,1,0,2,598,9.2
2024-05-23,S03,高雄夢時代店,南區,C02,零食,115,55.2,0,0,3,364,6.6
2024-05-24,S03,高雄夢時代店,南區,C02,零食,115,56.0,0,0,4,384,7.5
2024-05-25,S03,高雄夢時代店,南區,C02,零食,186,56.3,0,1,5,371,10.1
2024-05-26,S03,高雄夢時代店,南區,C02,零食,183,55.0,0,1,6,450,10.5
2024-05-27,S03,高雄夢時代店,南區,C02,零食,89,56.8,0,0,0,220,5.9
2024-05-28,S03,高雄夢時代店,南區,C02,零食,192,43.0,1,0,1,341,8.7
2024-05-29,S03,高雄夢時代店,南區,C02,零食,192,46.2,1,0,2,508,8.7
2024-05-30,S03,高雄夢時代店,南區,C02,零食,120,55.4,0,0,3,309,8.2
2024-05-31,S03,高雄夢時代店,南區,C02,零食,130,55.5,0,0,4,456,7.1
2024-06-01,S03,高雄夢時代店,南區,C02,零食,187,54.0,0,1,5,470,10.5
2024-06-02,S03,高雄夢時代店,南區,C02,零食,186,54.5,0,1,6,311,10.2
2024-06-03,S03,高雄夢時代店,南區,C02,零食,99,56.9,0,0,0,285,6.9
2024-06-04,S03,高雄夢時代店,南區,C02,零食,134,47.4,0,0,1,313,7.6
2024-06-05,S03,高雄夢時代店,南區,C02,零食,98,57.3,0,0,2,349,6.8
2024-06-06,S03,高雄夢時代店,南區,C02,零食,113,55.7,0,0,3,303,5.9
2024-06-07,S03,高雄夢時代店,南區,C02,零食,149,55.4,0,0,4,241,7.6
2024-06-08,S03,高雄夢時代店,南區,C02,零食,198,53.4,0,1,5,468,11.0
2024-06-09,S03,高雄夢時代店,南區,C02,零食,145,61.2,0,1,6,272,9.5
2024-06-10,S03,高雄夢時代店,南區,C02,零食,104,52.3,0,0,0,211,7.1
2024-06-11,S03,高雄夢時代店,南區,C02,零食,135,50.1,0,0,1,328,7.4
2024-06-12,S03,高雄夢時代店,南區,C02,零食,111,56.2,0,0,2,188,5.7
2024-06-13,S03,高雄夢時代店,南區,C02,零食,132,53.3,0,0,3,308,6.4
2024-06-14,S03,高雄夢時代店,南區,C02,零食,111,60.7,0,0,4,353,7.2
2024-06-15,S03,高雄夢時代店,南區,C02,零食,177,57.8,0,1,5,437,10.4
2024-06-16,S03,高雄夢時代店,南區,C02,零食,202,50.2,0,1,6,467,10.9
2024-06-17,S03,高雄夢時代店,南區,C02,零食,89,58.4,0,0,0,307,7.2
2024-06-18,S03,高雄夢時代店,南區,C02,零食,199,46.4,1,0,1,519,10.4
2024-06-19,S03,高雄夢時代店,南區,C02,零食,198,41.1,1,0,2,595,8.5
2024-06-20,S03,高雄夢時代店,南區,C02,零食,116,60.9,0,0,3,258,6.7
2024-06-21,S03,高雄夢時代店,南區,C02,零食,104,50.2,0,0,4,307,6.3
2024-06-22,S03,高雄夢時代店,南區,C02,零食,169,54.7,0,1,5,399,10.1
2024-06-23,S03,高雄夢時代店,南區,C02,零食,161,54.6,0,1,6,459,10.0
2024-06-24,S03,高雄夢時代店,南區,C02,零食,112,50.8,0,0,0,233,6.4
2024-06-25,S03,高雄夢時代店,南區,C02,零食,114,54.8,0,0,1,401,7.4
2024-06-26,S03,高雄夢時代店,南區,C02,零食,181,47.8,1,0,2,464,8.4
2024-06-27,S03,高雄夢時代店,南區,C02,零食,106,57.5,0,0,3,206,6.2
2024-06-28,S03,高雄夢時代店,南區,C02,零食,113,58.4,0,0,4,347,6.8
2024-06-29,S03,高雄夢時代店,南區,C02,零食,215,60.0,0,1,5,369,11.0
2024-06-30,S03,高雄夢時代店,南區,C02,零食,223,58.0,0,1,6,782,12.2
2024-07-01,S03,高雄夢時代店,南區,C02,零食,107,53.8,0,0,0,329,6.2
2024-07-02,S03,高雄夢時代店,南區,C02,零食,118,53.7,0,0,1,342,7.5
2024-07-03,S03,高雄夢時代店,南區,C02,零食,112,55.1,0,0,2,187,6.9
2024-07-04,S03,高雄夢時代店,南區,C02,零食,105,54.4,0,0,3,246,6.2
2024-07-05,S03,高雄夢時代店,南區,C02,零食,140,53.8,0,0,4,443,7.7
2024-07-06,S03,高雄夢時代店,南區,C02,零食,175,53.5,0,1,5,603,9.9
2024-07-07,S03,高雄夢時代店,南區,C02,零食,170,53.8,0,1,6,361,9.7
2024-07-08,S03,高雄夢時代店,南區,C02,零食,90,61.1,0,0,0,249,6.4
2024-07-09,S03,高雄夢時代店,南區,C02,零食,133,56.8,0,0,1,456,7.4
2024-07-10,S03,高雄夢時代店,南區,C02,零食,126,54.1,0,0,2,436,6.3
2024-07-11,S03,高雄夢時代店,南區,C02,零食,114,56.2,0,0,3,200,6.6
2024-07-12,S03,高雄夢時代店,南區,C02,零食,124,50.0,0,0,4,224,7.7
2024-07-13,S03,高雄夢時代店,南區,C02,零食,179,50.7,0,1,5,362,10.3
2024-07-14,S03,高雄夢時代店,南區,C02,零食,326,41.7,1,1,6,710,14.4
2024-07-15,S03,高雄夢時代店,南區,C02,零食,94,56.4,0,0,0,231,6.4
2024-07-16,S03,高雄夢時代店,南區,C02,零食,208,48.6,1,0,1,456,9.6
2024-07-17,S03,高雄夢時代店,南區,C02,零食,137,52.9,0,0,2,430,7.7
2024-07-18,S03,高雄夢時代店,南區,C02,零食,103,53.1,0,0,3,177,6.4
2024-07-19,S03,高雄夢時代店,南區,C02,零食,113,56.8,0,0,4,368,7.0
2024-07-20,S03,高雄夢時代店,南區,C02,零食,192,54.3,0,1,5,476,12.5
2024-07-21,S03,高雄夢時代店,南區,C02,零食,290,44.0,1,1,6,1023,12.8
2024-07-22,S03,高雄夢時代店,南區,C02,零食,97,57.0,0,0,0,259,6.8
2024-07-23,S03,高雄夢時代店,南區,C02,零食,117,52.7,0,0,1,331,6.7
2024-07-24,S03,高雄夢時代店,南區,C02,零食,113,58.0,0,0,2,344,7.3
2024-07-25,S03,高雄夢時代店,南區,C02,零食,92,57.4,0,0,3,165,6.1
2024-07-26,S03,高雄夢時代店,南區,C02,零食,140,52.9,0,0,4,465,8.3
2024-07-27,S03,高雄夢時代店,南區,C02,零食,175,54.5,0,1,5,496,10.4
2024-07-28,S03,高雄夢時代店,南區,C02,零食,195,58.6,0,1,6,440,11.0
2024-07-29,S03,高雄夢時代店,南區,C02,零食,92,57.7,0,0,0,254,6.9
2024-07-30,S03,高雄夢時代店,南區,C02,零食,135,53.0,0,0,1,449,7.0
2024-07-31,S03,高雄夢時代店,南區,C02,零食,107,53.8,0,0,2,356,5.9
2024-08-01,S03,高雄夢時代店,南區,C02,零食,112,56.5,0,0,3,265,6.6
2024-08-02,S03,高雄夢時代店,南區,C02,零食,130,53.9,0,0,4,381,7.0
2024-08-03,S03,高雄夢時代店,南區,C02,零食,306,49.6,1,1,5,1031,13.3
2024-08-04,S03,高雄夢時代店,南區,C02,零食,211,51.8,0,1,6,379,11.8
2024-08-05,S03,高雄夢時代店,南區,C02,零食,142,47.5,1,0,0,322,7.1
2024-08-06,S03,高雄夢時代店,南區,C02,零食,111,60.4,0,0,1,351,6.2
2024-08-07,S03,高雄夢時代店,南區,C02,零食,109,51.7,0,0,2,260,6.4
2024-08-08,S03,高雄夢時代店,南區,C02,零食,104,55.7,0,0,3,366,6.0
2024-08-09,S03,高雄夢時代店,南區,C02,零食,124,55.0,0,0,4,423,7.8
2024-08-10,S03,高雄夢時代店,南區,C02,零食,197,58.7,0,1,5,619,11.0
2024-08-11,S03,高雄夢時代店,南區,C02,零食,161,56.1,0,1,6,393,9.5
2024-08-12,S03,高雄夢時代店,南區,C02,零食,115,49.6,0,0,0,353,7.0
2024-08-13,S03,高雄夢時代店,南區,C02,零食,122,57.2,0,0,1,304,7.1
2024-08-14,S03,高雄夢時代店,南區,C02,零食,134,54.0,0,0,2,328,7.6
2024-08-15,S03,高雄夢時代店,南區,C02,零食,123,53.6,0,0,3,386,7.2
2024-08-16,S03,高雄夢時代店,南區,C02,零食,188,48.5,1,0,4,370,8.3
2024-08-17,S03,高雄夢時代店,南區,C02,零食,219,58.4,0,1,5,588,11.4
2024-08-18,S03,高雄夢時代店,南區,C02,零食,168,57.3,0,1,6,411,10.5
2024-08-19,S03,高雄夢時代店,南區,C02,零食,105,57.6,0,0,0,279,7.6
2024-08-20,S03,高雄夢時代店,南區,C02,零食,104,53.6,0,0,1,215,6.7
2024-08-21,S03,高雄夢時代店,南區,C02,零食,111,51.9,0,0,2,318,6.5
2024-08-22,S03,高雄夢時代店,南區,C02,零食,108,56.3,0,0,3,301,6.5
2024-08-23,S03,高雄夢時代店,南區,C02,零食,144,49.7,0,0,4,285,7.1
2024-08-24,S03,高雄夢時代店,南區,C02,零食,152,56.0,0,1,5,474,10.3
2024-08-25,S03,高雄夢時代店,南區,C02,零食,207,53.4,0,1,6,353,10.9
2024-08-26,S03,高雄夢時代店,南區,C02,零食,107,57.8,0,0,0,274,7.1
2024-08-27,S03,高雄夢時代店,南區,C02,零食,119,53.7,0,0,1,271,7.5
2024-08-28,S03,高雄夢時代店,南區,C02,零食,108,55.5,0,0,2,195,7.1
2024-08-29,S03,高雄夢時代店,南區,C02,零食,111,51.9,0,0,3,339,6.9
2024-08-30,S03,高雄夢時代店,南區,C02,零食,126,51.6,0,0,4,424,7.2
2024-08-31,S03,高雄夢時代店,南區,C02,零食,165,56.8,0,1,5,568,10.6
2024-09-01,S03,高雄夢時代店,南區,C02,零食,179,54.5,0,1,6,356,10.3
2024-09-02,S03,高雄夢時代店,南區,C02,零食,166,40.4,1,0,0,581,7.9
2024-09-03,S03,高雄夢時代店,南區,C02,零食,110,56.4,0,0,1,334,7.1
2024-09-04,S03,高雄夢時代店,南區,C02,零食,120,51.1,0,0,2,329,6.9
2024-09-05,S03,高雄夢時代店,南區,C02,零食,191,43.5,1,0,3,347,9.6
2024-09-06,S03,高雄夢時代店,南區,C02,零食,113,58.3,0,0,4,205,5.8
2024-09-07,S03,高雄夢時代店,南區,C02,零食,180,48.7,0,1,5,520,10.0
2024-09-08,S03,高雄夢時代店,南區,C02,零食,176,54.8,0,1,6,403,10.5
2024-09-09,S03,高雄夢時代店,南區,C02,零食,116,53.2,0,0,0,214,7.9
2024-09-10,S03,高雄夢時代店,南區,C02,零食,106,60.7,0,0,1,340,5.2
2024-09-11,S03,高雄夢時代店,南區,C02,零食,114,50.6,0,0,2,341,7.2
2024-09-12,S03,高雄夢時代店,南區,C02,零食,121,54.7,0,0,3,358,6.7
2024-09-13,S03,高雄夢時代店,南區,C02,零食,129,51.5,0,0,4,338,7.8
2024-09-14,S03,高雄夢時代店,南區,C02,零食,203,55.2,0,1,5,362,10.8
2024-09-15,S03,高雄夢時代店,南區,C02,零食,186,55.3,0,1,6,583,11.0
2024-09-16,S03,高雄夢時代店,南區,C02,零食,97,54.9,0,0,0,345,6.4
2024-09-17,S03,高雄夢時代店,南區,C02,零食,124,53.8,0,0,1,416,6.8
2024-09-18,S03,高雄夢時代店,南區,C02,零食,115,55.7,0,0,2,373,6.7
2024-09-19,S03,高雄夢時代店,南區,C02,零食,93,53.2,0,0,3,278,6.8
2024-09-20,S03,高雄夢時代店,南區,C02,零食,119,59.0,0,0,4,427,6.9
2024-09-21,S03,高雄夢時代店,南區,C02,零食,191,55.3,0,1,5,632,10.5
2024-09-22,S03,高雄夢時代店,南區,C02,零食,293,45.5,1,1,6,909,13.6
2024-09-23,S03,高雄夢時代店,南區,C02,零食,115,55.9,0,0,0,397,7.0
2024-09-24,S03,高雄夢時代店,南區,C02,零食,100,57.2,0,0,1,253,6.8
2024-09-25,S03,高雄夢時代店,南區,C02,零食,104,55.5,0,0,2,250,6.5
2024-09-26,S03,高雄夢時代店,南區,C02,零食,97,59.9,0,0,3,297,6.1
2024-09-27,S03,高雄夢時代店,南區,C02,零食,136,51.6,0,0,4,369,7.8
2024-09-28,S03,高雄夢時代店,南區,C02,零食,168,55.3,0,1,5,588,9.2
2024-09-29,S03,高雄夢時代店,南區,C02,零食,178,54.0,0,1,6,356,10.7
2024-09-30,S03,高雄夢時代店,南區,C02,零食,101,57.2,0,0,0,250,5.7
2024-10-01,S03,高雄夢時代店,南區,C02,零食,100,55.9,0,0,1,301,5.9
2024-10-02,S03,高雄夢時代店,南區,C02,零食,110,52.4,0,0,2,322,6.3
2024-10-03,S03,高雄夢時代店,南區,C02,零食,148,49.2,1,0,3,410,7.1
2024-10-04,S03,高雄夢時代店,南區,C02,零食,111,55.4,0,0,4,366,7.3
2024-10-05,S03,高雄夢時代店,南區,C02,零食,175,49.2,0,1,5,383,10.3
2024-10-06,S03,高雄夢時代店,南區,C02,零食,261,47.7,1,1,6,748,12.3
2024-10-07,S03,高雄夢時代店,南區,C02,零食,85,52.9,0,0,0,242,6.6
2024-10-08,S03,高雄夢時代店,南區,C02,零食,112,53.6,0,0,1,346,6.8
2024-10-09,S03,高雄夢時代店,南區,C02,零食,106,55.3,0,0,2,287,6.5
2024-10-10,S03,高雄夢時代店,南區,C02,零食,149,56.4,0,1,3,527,9.4
2024-10-11,S03,高雄夢時代店,南區,C02,零食,158,46.9,1,0,4,275,7.1
2024-10-12,S03,高雄夢時代店,南區,C02,零食,255,51.4,1,1,5,691,11.8
2024-10-13,S03,高雄夢時代店,南區,C02,零食,154,53.6,0,1,6,386,9.8
2024-10-14,S03,高雄夢時代店,南區,C02,零食,94,53.1,0,0,0,314,6.0
2024-10-15,S03,高雄夢時代店,南區,C02,零食,101,59.4,0,0,1,305,6.4
2024-10-16,S03,高雄夢時代店,南區,C02,零食,106,53.2,0,0,2,175,6.4
2024-10-17,S03,高雄夢時代店,南區,C02,零食,106,54.1,0,0,3,270,6.3
2024-10-18,S03,高雄夢時代店,南區,C02,零食,113,56.6,0,0,4,344,6.2
2024-10-19,S03,高雄夢時代店,南區,C02,零食,144,52.6,0,1,5,474,9.2
2024-10-20,S03,高雄夢時代店,南區,C02,零食,185,55.7,0,1,6,402,10.8
2024-10-21,S03,高雄夢時代店,南區,C02,零食,109,53.4,0,0,0,262,5.8
2024-10-22,S03,高雄夢時代店,南區,C02,零食,120,54.7,0,0,1,305,7.0
2024-10-23,S03,高雄夢時代店,南區,C02,零食,105,53.5,0,0,2,329,7.2
2024-10-24,S03,高雄夢時代店,南區,C02,零食,177,42.7,1,0,3,629,8.3
2024-10-25,S03,高雄夢時代店,南區,C02,零食,123,56.7,0,0,4,246,5.9
2024-10-26,S03,高雄夢時代店,南區,C02,零食,252,44.2,1,1,5,846,12.6
2024-10-27,S03,高雄夢時代店,南區,C02,零食,194,59.6,0,1,6,524,10.8
2024-10-28,S03,高雄夢時代店,南區,C02,零食,81,52.7,0,0,0,151,5.6
2024-10-29,S03,高雄夢時代店,南區,C02,零食,111,53.3,0,0,1,388,6.7
2024-10-30,S03,高雄夢時代店,南區,C02,零食,115,54.0,0,0,2,376,5.9
2024-10-31,S03,高雄夢時代店,南區,C02,零食,121,57.1,0,0,3,252,6.9
2024-11-01,S03,高雄夢時代店,南區,C02,零食,105,55.7,0,0,4,237,6.6
2024-11-02,S03,高雄夢時代店,南區,C02,零食,162,57.1,0,1,5,396,10.3
2024-11-03,S03,高雄夢時代店,南區,C02,零食,170,58.9,0,1,6,394,10.6
2024-11-04,S03,高雄夢時代店,南區,C02,零食,100,54.4,0,0,0,235,6.2
2024-11-05,S03,高雄夢時代店,南區,C02,零食,96,59.9,0,0,1,271,6.0
2024-11-06,S03,高雄夢時代店,南區,C02,零食,105,56.6,0,0,2,270,6.4
2024-11-07,S03,高雄夢時代店,南區,C02,零食,106,53.5,0,0,3,207,6.7
2024-11-08,S03,高雄夢時代店,南區,C02,零食,112,51.7,0,0,4,203,6.9
2024-11-09,S03,高雄夢時代店,南區,C02,零食,162,55.7,0,1,5,353,10.8
2024-11-10,S03,高雄夢時代店,南區,C02,零食,138,52.4,0,1,6,317,9.6
2024-11-11,S03,高雄夢時代店,南區,C02,零食,90,56.1,0,0,0,162,6.2
2024-11-12,S03,高雄夢時代店,南區,C02,零食,94,56.5,0,0,1,305,6.0
2024-11-13,S03,高雄夢時代店,南區,C02,零食,99,53.7,0,0,2,198,6.4
2024-11-14,S03,高雄夢時代店,南區,C02,零食,105,56.0,0,0,3,245,6.3
2024-11-15,S03,高雄夢時代店,南區,C02,零食,139,53.7,0,0,4,447,8.0
2024-11-16,S03,高雄夢時代店,南區,C02,零食,184,53.5,0,1,5,588,10.7
2024-11-17,S03,高雄夢時代店,南區,C02,零食,177,55.0,0,1,6,603,10.7
2024-11-18,S03,高雄夢時代店,南區,C02,零食,91,52.3,0,0,0,194,6.1
2024-11-19,S03,高雄夢時代店,南區,C02,零食,111,54.5,0,0,1,192,6.6
2024-11-20,S03,高雄夢時代店,南區,C02,零食,113,52.7,0,0,2,338,7.1
2024-11-21,S03,高雄夢時代店,南區,C02,零食,98,56.1,0,0,3,264,6.2
2024-11-22,S03,高雄夢時代店,南區,C02,零食,130,51.6,0,0,4,463,6.6
2024-11-23,S03,高雄夢時代店,南區,C02,零食,141,61.6,0,1,5,360,8.7
2024-11-24,S03,高雄夢時代店,南區,C02,零食,176,54.5,0,1,6,416,10.5
2024-11-25,S03,高雄夢時代店,南區,C02,零食,157,47.4,1,0,0,264,8.3
2024-11-26,S03,高雄夢時代店,南區,C02,零食,98,53.8,0,0,1,311,6.0
2024-11-27,S03,高雄夢時代店,南區,C02,零食,94,62.6,0,0,2,230,5.6
2024-11-28,S03,高雄夢時代店,南區,C02,零食,106,51.3,0,0,3,254,7.1
2024-11-29,S03,高雄夢時代店,南區,C02,零食,130,60.7,0,0,4,443,6.9
2024-11-30,S03,高雄夢時代店,南區,C02,零食,154,60.4,0,1,5,489,9.6
2024-12-01,S03,高雄夢時代店,南區,C02,零食,297,45.0,1,1,6,481,12.9
2024-12-02,S03,高雄夢時代店,南區,C02,零食,108,55.1,0,0,0,290,6.8
2024-12-03,S03,高雄夢時代店,南區,C02,零食,124,59.6,0,0,1,297,7.5
2024-12-04,S03,高雄夢時代店,南區,C02,零食,109,59.2,0,0,2,270,6.7
2024-12-05,S03,高雄夢時代店,南區,C02,零食,133,55.9,0,0,3,418,6.8
2024-12-06,S03,高雄夢時代店,南區,C02,零食,140,51.0,0,0,4,502,7.0
2024-12-07,S03,高雄夢時代店,南區,C02,零食,236,52.8,0,1,5,380,12.0
2024-12-08,S03,高雄夢時代店,南區,C02,零食,165,55.0,0,1,6,354,10.7
2024-12-09,S03,高雄夢時代店,南區,C02,零食,112,54.5,0,0,0,220,6.7
2024-12-10,S03,高雄夢時代店,南區,C02,零食,118,45.4,0,0,1,229,6.9
2024-12-11,S03,高雄夢時代店,南區,C02,零食,108,60.5,0,0,2,285,7.4
2024-12-12,S03,高雄夢時代店,南區,C02,零食,106,54.0,0,0,3,377,7.1
2024-12-13,S03,高雄夢時代店,南區,C02,零食,211,45.8,1,0,4,693,8.7
2024-12-14,S03,高雄夢時代店,南區,C02,零食,179,56.1,0,1,5,293,11.5
2024-12-15,S03,高雄夢時代店,南區,C02,零食,275,47.2,1,1,6,501,12.0
2024-12-16,S03,高雄夢時代店,南區,C02,零食,103,58.8,0,0,0,184,6.5
2024-12-17,S03,高雄夢時代店,南區,C02,零食,183,46.1,1,0,1,537,8.5
2024-12-18,S03,高雄夢時代店,南區,C02,零食,95,57.3,0,0,2,320,5.5
2024-12-19,S03,高雄夢時代店,南區,C02,零食,121,58.1,0,0,3,307,7.2
2024-12-20,S03,高雄夢時代店,南區,C02,零食,112,57.5,0,0,4,301,7.6
2024-12-21,S03,高雄夢時代店,南區,C02,零食,319,47.8,1,1,5,1096,14.4
2024-12-22,S03,高雄夢時代店,南區,C02,零食,167,56.1,0,1,6,416,10.3
2024-12-23,S03,高雄夢時代店,南區,C02,零食,99,54.7,0,0,0,357,6.5
2024-12-24,S03,高雄夢時代店,南區,C02,零食,175,44.0,1,0,1,526,7.1
2024-12-25,S03,高雄夢時代店,南區,C02,零食,160,60.9,0,1,2,524,9.8
2024-12-26,S03,高雄夢時代店,南區,C02,零食,117,53.6,0,0,3,230,7.9
2024-12-27,S03,高雄夢時代店,南區,C02,零食,145,55.9,0,0,4,285,8.3
2024-12-28,S03,高雄夢時代店,南區,C02,零食,169,58.0,0,1,5,463,10.6
2024-12-29,S03,高雄夢時代店,南區,C02,零食,209,54.1,0,1,6,710,11.3
2024-12-30,S03,高雄夢時代店,南區,C02,零食,111,58.3,0,0,0,278,6.3
2023-01-01,S03,高雄夢時代店,南區,C03,鮮食,87,83.3,0,1,6,254,8.7
2023-01-02,S03,高雄夢時代店,南區,C03,鮮食,51,83.3,0,0,0,158,5.5
2023-01-03,S03,高雄夢時代店,南區,C03,鮮食,51,76.6,0,0,1,133,5.0
2023-01-04,S03,高雄夢時代店,南區,C03,鮮食,50,79.4,0,0,2,156,5.8
2023-01-05,S03,高雄夢時代店,南區,C03,鮮食,58,80.2,0,0,3,115,5.3
2023-01-06,S03,高雄夢時代店,南區,C03,鮮食,66,79.6,0,0,4,129,5.2
2023-01-07,S03,高雄夢時代店,南區,C03,鮮食,74,77.1,0,1,5,162,7.7
2023-01-08,S03,高雄夢時代店,南區,C03,鮮食,93,81.2,0,1,6,165,7.1
2023-01-09,S03,高雄夢時代店,南區,C03,鮮食,53,77.4,0,0,0,131,5.1
2023-01-10,S03,高雄夢時代店,南區,C03,鮮食,39,81.7,0,0,1,150,5.2
2023-01-11,S03,高雄夢時代店,南區,C03,鮮食,73,70.8,1,0,2,168,5.2
2023-01-12,S03,高雄夢時代店,南區,C03,鮮食,53,79.7,0,0,3,106,4.0
2023-01-13,S03,高雄夢時代店,南區,C03,鮮食,71,82.0,0,0,4,262,5.7
2023-01-14,S03,高雄夢時代店,南區,C03,鮮食,88,80.8,0,1,5,169,8.2
2023-01-15,S03,高雄夢時代店,南區,C03,鮮食,76,81.5,0,1,6,243,7.3
2023-01-16,S03,高雄夢時代店,南區,C03,鮮食,62,80.7,0,0,0,183,4.8
2023-01-17,S03,高雄夢時代店,南區,C03,鮮食,53,82.7,0,0,1,191,6.4
2023-01-18,S03,高雄夢時代店,南區,C03,鮮食,53,82.9,0,0,2,101,5.9
2023-01-19,S03,高雄夢時代店,南區,C03,鮮食,73,79.2,0,0,3,204,5.5
2023-01-20,S03,高雄夢時代店,南區,C03,鮮食,82,69.0,1,0,4,262,5.9
2023-01-21,S03,高雄夢時代店,南區,C03,鮮食,111,81.0,0,1,5,214,8.8
2023-01-22,S03,高雄夢時代店,南區,C03,鮮食,92,77.0,0,1,6,180,8.0
2023-01-23,S03,高雄夢時代店,南區,C03,鮮食,44,78.5,0,0,0,160,5.6
2023-01-24,S03,高雄夢時代店,南區,C03,鮮食,49,77.9,0,0,1,102,4.6
2023-01-25,S03,高雄夢時代店,南區,C03,鮮食,61,83.6,0,0,2,198,4.7
2023-01-26,S03,高雄夢時代店,南區,C03,鮮食,48,81.5,0,0,3,112,5.2
2023-01-27,S03,高雄夢時代店,南區,C03,鮮食,84,72.5,1,0,4,229,5.7
2023-01-28,S03,高雄夢時代店,南區,C03,鮮食,107,78.8,0,1,5,355,8.8
2023-01-29,S03,高雄夢時代店,南區,C03,鮮食,138,69.0,1,1,6,415,9.5
2023-01-30,S03,高雄夢時代店,南區,C03,鮮食,41,90.6,0,0,0,112,4.9
2023-01-31,S03,高雄夢時代店,南區,C03,鮮食,59,78.7,0,0,1,189,5.9
2023-02-01,S03,高雄夢時代店,南區,C03,鮮食,65,84.1,0,0,2,199,6.0
2023-02-02,S03,高雄夢時代店,南區,C03,鮮食,51,77.7,0,0,3,137,5.1
2023-02-03,S03,高雄夢時代店,南區,C03,鮮食,69,87.4,0,0,4,219,5.3
2023-02-04,S03,高雄夢時代店,南區,C03,鮮食,90,78.1,0,1,5,190,8.2
2023-02-05,S03,高雄夢時代店,南區,C03,鮮食,128,69.0,1,1,6,254,9.7
2023-02-06,S03,高雄夢時代店,南區,C03,鮮食,47,85.8,0,0,0,113,4.7
2023-02-07,S03,高雄夢時代店,南區,C03,鮮食,61,77.3,0,0,1,111,5.6
2023-02-08,S03,高雄夢時代店,南區,C03,鮮食,57,76.6,0,0,2,137,5.4
2023-02-09,S03,高雄夢時代店,南區,C03,鮮食,57,87.7,0,0,3,210,5.0
2023-02-10,S03,高雄夢時代店,南區,C03,鮮食,76,67.9,1,0,4,195,6.0
2023-02-11,S03,高雄夢時代店,南區,C03,鮮食,105,77.3,0,1,5,239,8.8
2023-02-12,S03,高雄夢時代店,南區,C03,鮮食,84,78.1,0,1,6,301,7.8
2023-02-13,S03,高雄夢時代店,南區,C03,鮮食,50,83.8,0,0,0,141,5.3
2023-02-14,S03,高雄夢時代店,南區,C03,鮮食,53,81.8,0,0,1,150,5.3
2023-02-15,S03,高雄夢時代店,南區,C03,鮮食,60,75.2,0,0,2,195,6.6
2023-02-16,S03,高雄夢時代店,南區,C03,鮮食,47,82.0,0,0,3,145,4.6
2023-02-17,S03,高雄夢時代店,南區,C03,鮮食,97,70.3,1,0,4,282,6.1
2023-02-18,S03,高雄夢時代店,南區,C03,鮮食,107,75.3,0,1,5,378,9.2
2023-02-19,S03,高雄夢時代店,南區,C03,鮮食,98,83.1,0,1,6,194,8.5
2023-02-20,S03,高雄夢時代店,南區,C03,鮮食,74,64.5,1,0,0,200,5.6
2023-02-21,S03,高雄夢時代店,南區,C03,鮮食,60,86.2,0,0,1,172,4.8
2023-02-22,S03,高雄夢時代店,南區,C03,鮮食,57,76.4,0,0,2,189,5.9
2023-02-23,S03,高雄夢時代店,南區,C03,鮮食,76,63.7,1,0,3,215,6.6
2023-02-24,S03,高雄夢時代店,南區,C03,鮮食,77,82.6,0,0,4,181,5.5
2023-02-25,S03,高雄夢時代店,南區,C03,鮮食,95,80.4,0,1,5,271,8.6
2023-02-26,S03,高雄夢時代店,南區,C03,鮮食,126,78.6,0,1,6,407,9.2
2023-02-27,S03,高雄夢時代店,南區,C03,鮮食,57,79.8,0,0,0,137,5.7
2023-02-28,S03,高雄夢時代店,南區,C03,鮮食,97,75.0,0,1,1,294,8.5
2023-03-01,S03,高雄夢時代店,南區,C03,鮮食,62,79.5,0,0,2,174,6.1
2023-03-02,S03,高雄夢時代店,南區,C03,鮮食,61,81.9,0,0,3,196,4.9
2023-03-03,S03,高雄夢時代店,南區,C03,鮮食,76,79.2,0,0,4,286,5.9
2023-03-04,S03,高雄夢時代店,南區,C03,鮮食,109,82.8,0,1,5,399,8.0
2023-03-05,S03,高雄夢時代店,南區,C03,鮮食,125,65.4,1,1,6,382,9.1
2023-03-06,S03,高雄夢時代店,南區,C03,鮮食,63,81.0,0,0,0,172,5.7
2023-03-07,S03,高雄夢時代店,南區,C03,鮮食,51,83.9,0,0,1,174,5.6
2023-03-08,S03,高雄夢時代店,南區,C03,鮮食,98,69.3,1,0,2,183,6.0
2023-03-09,S03,高雄夢時代店,南區,C03,鮮食,73,73.6,1,0,3,273,6.2
2023-03-10,S03,高雄夢時代店,南區,C03,鮮食,69,78.4,0,0,4,164,5.8
2023-03-11,S03,高雄夢時代店,南區,C03,鮮食,100,77.0,0,1,5,183,8.8
2023-03-12,S03,高雄夢時代店,南區,C03,鮮食,125,69.7,1,1,6,400,9.1
2023-03-13,S03,高雄夢時代店,南區,C03,鮮食,73,63.3,1,0,0,145,5.7
2023-03-14,S03,高雄夢時代店,南區,C03,鮮食,90,68.0,1,0,1,265,5.8
2023-03-15,S03,高雄夢時代店,南區,C03,鮮食,64,78.7,0,0,2,144,5.1
2023-03-16,S03,高雄夢時代店,南區,C03,鮮食,58,75.3,0,0,3,131,5.8
2023-03-17,S03,高雄夢時代店,南區,C03,鮮食,67,78.8,0,0,4,145,5.3
2023-03-18,S03,高雄夢時代店,南區,C03,鮮食,97,73.9,0,1,5,274,8.4
2023-03-19,S03,高雄夢時代店,南區,C03,鮮食,91,79.5,0,1,6,183,8.1
2023-03-20,S03,高雄夢時代店,南區,C03,鮮食,80,82.9,0,0,0,190,5.3
2023-03-21,S03,高雄夢時代店,南區,C03,鮮食,94,82.9,0,0,1,254,7.1
2023-03-22,S03,高雄夢時代店,南區,C03,鮮食,82,75.7,1,0,2,292,6.0
2023-03-23,S03,高雄夢時代店,南區,C03,鮮食,67,82.0,0,0,3,161,4.8
2023-03-24,S03,高雄夢時代店,南區,C03,鮮食,86,81.8,0,0,4,261,5.8
2023-03-25,S03,高雄夢時代店,南區,C03,鮮食,114,78.1,0,1,5,182,9.2
2023-03-26,S03,高雄夢時代店,南區,C03,鮮食,105,79.9,0,1,6,231,7.9
2023-03-27,S03,高雄夢時代店,南區,C03,鮮食,64,80.8,0,0,0,141,5.1
2023-03-28,S03,高雄夢時代店,南區,C03,鮮食,77,81.5,0,0,1,244,5.1
2023-03-29,S03,高雄夢時代店,南區,C03,鮮食,58,73.6,0,0,2,153,5.7
2023-03-30,S03,高雄夢時代店,南區,C03,鮮食,74,82.3,0,0,3,182,6.3
2023-03-31,S03,高雄夢時代店,南區,C03,鮮食,63,79.7,0,0,4,195,4.9
2023-04-01,S03,高雄夢時代店,南區,C03,鮮食,119,79.3,0,1,5,352,9.8
2023-04-02,S03,高雄夢時代店,南區,C03,鮮食,112,78.1,0,1,6,257,9.1
2023-04-03,S03,高雄夢時代店,南區,C03,鮮食,74,75.6,0,0,0,140,4.9
2023-04-04,S03,高雄夢時代店,南區,C03,鮮食,89,85.0,0,1,1,212,7.5
2023-04-05,S03,高雄夢時代店,南區,C03,鮮食,105,77.7,0,1,2,280,9.1
2023-04-06,S03,高雄夢時代店,南區,C03,鮮食,68,78.4,0,0,3,208,5.7
2023-04-07,S03,高雄夢時代店,南區,C03,鮮食,112,69.0,1,0,4,375,7.1
2023-04-08,S03,高雄夢時代店,南區,C03,鮮食,102,75.6,0,1,5,208,8.4
2023-04-09,S03,高雄夢時代店,南區,C03,鮮食,117,85.4,0,1,6,278,9.1
2023-04-10,S03,高雄夢時代店,南區,C03,鮮食,76,79.7,0,0,0,153,6.6
2023-04-11,S03,高雄夢時代店,南區,C03,鮮食,71,80.0,0,0,1,139,5.9
2023-04-12,S03,高雄夢時代店,南區,C03,鮮食,64,87.8,0,0,2,214,6.0
2023-04-13,S03,高雄夢時代店,南區,C03,鮮食,62,78.0,0,0,3,223,6.2
2023-04-14,S03,高雄夢時代店,南區,C03,鮮食,69,75.0,0,0,4,213,6.1
2023-04-15,S03,高雄夢時代店,南區,C03,鮮食,96,82.8,0,1,5,320,8.9
2023-04-16,S03,高雄夢時代店,南區,C03,鮮食,102,73.6,0,1,6,312,9.3
2023-04-17,S03,高雄夢時代店,南區,C03,鮮食,64,83.9,0,0,0,117,4.7
2023-04-18,S03,高雄夢時代店,南區,C03,鮮食,71,82.5,0,0,1,133,5.9
2023-04-19,S03,高雄夢時代店,南區,C03,鮮食,58,79.1,0,0,2,186,5.6
2023-04-20,S03,高雄夢時代店,南區,C03,鮮食,75,78.5,0,0,3,194,6.3
2023-04-21,S03,高雄夢時代店,南區,C03,鮮食,63,73.6,0,0,4,198,5.0
2023-04-22,S03,高雄夢時代店,南區,C03,鮮食,150,73.2,0,1,5,424,9.0
2023-04-23,S03,高雄夢時代店,南區,C03,鮮食,110,80.4,0,1,6,295,10.4
2023-04-24,S03,高雄夢時代店,南區,C03,鮮食,56,78.8,0,0,0,200,5.2
2023-04-25,S03,高雄夢時代店,南區,C03,鮮食,81,76.7,0,0,1,171,6.2
2023-04-26,S03,高雄夢時代店,南區,C03,鮮食,93,68.7,1,0,2,314,6.4
2023-04-27,S03,高雄夢時代店,南區,C03,鮮食,80,81.9,0,0,3,185,5.5
2023-04-28,S03,高雄夢時代店,南區,C03,鮮食,89,85.3,0,0,4,183,6.0
2023-04-29,S03,高雄夢時代店,南區,C03,鮮食,132,83.6,0,1,5,409,8.7
2023-04-30,S03,高雄夢時代店,南區,C03,鮮食,124,75.3,0,1,6,338,8.9
2023-05-01,S03,高雄夢時代店,南區,C03,鮮食,108,69.1,1,1,0,359,8.5
2023-05-02,S03,高雄夢時代店,南區,C03,鮮食,64,77.5,0,0,1,236,5.2
2023-05-03,S03,高雄夢時代店,南區,C03,鮮食,86,77.9,0,0,2,277,6.2
2023-05-04,S03,高雄夢時代店,南區,C03,鮮食,68,81.6,0,0,3,234,6.4
2023-05-05,S03,高雄夢時代店,南區,C03,鮮食,75,76.3,0,0,4,239,5.5
2023-05-06,S03,高雄夢時代店,南區,C03,鮮食,107,87.8,0,1,5,201,8.1
2023-05-07,S03,高雄夢時代店,南區,C03,鮮食,106,75.1,0,1,6,367,9.0
2023-05-08,S03,高雄夢時代店,南區,C03,鮮食,63,77.7,0,0,0,250,5.5
2023-05-09,S03,高雄夢時代店,南區,C03,鮮食,54,71.4,0,0,1,189,4.9
2023-05-10,S03,高雄夢時代店,南區,C03,鮮食,70,70.4,0,0,2,138,6.2
2023-05-11,S03,高雄夢時代店,南區,C03,鮮食,56,79.3,0,0,3,188,5.2
2023-05-12,S03,高雄夢時代店,南區,C03,鮮食,73,80.0,0,0,4,146,6.3
2023-05-13,S03,高雄夢時代店,南區,C03,鮮食,133,77.9,0,1,5,483,9.5
2023-05-14,S03,高雄夢時代店,南區,C03,鮮食,162,67.3,1,1,6,289,10.0
2023-05-15,S03,高雄夢時代店,南區,C03,鮮食,76,85.4,0,0,0,257,5.5
2023-05-16,S03,高雄夢時代店,南區,C03,鮮食,89,74.8,0,0,1,249,7.2
2023-05-17,S03,高雄夢時代店,南區,C03,鮮食,84,79.1,0,0,2,218,5.7
2023-05-18,S03,高雄夢時代店,南區,C03,鮮食,85,79.0,0,0,3,302,6.1
2023-05-19,S03,高雄夢時代店,南區,C03,鮮食,68,79.5,0,0,4,140,5.3
2023-05-20,S03,高雄夢時代店,南區,C03,鮮食,130,87.1,0,1,5,469,9.3
2023-05-21,S03,高雄夢時代店,南區,C03,鮮食,132,75.3,0,1,6,319,9.9
2023-05-22,S03,高雄夢時代店,南區,C03,鮮食,81,85.0,0,0,0,251,5.8
2023-05-23,S03,高雄夢時代店,南區,C03,鮮食,58,85.0,0,0,1,130,5.3
2023-05-24,S03,高雄夢時代店,南區,C03,鮮食,70,88.4,0,0,2,255,6.0
2023-05-25,S03,高雄夢時代店,南區,C03,鮮食,64,77.8,0,0,3,124,6.3
2023-05-26,S03,高雄夢時代店,南區,C03,鮮食,72,74.7,0,0,4,265,5.4
2023-05-27,S03,高雄夢時代店,南區,C03,鮮食,112,83.2,0,1,5,255,8.2
2023-05-28,S03,高雄夢時代店,南區,C03,鮮食,106,82.3,0,1,6,320,8.8
2023-05-29,S03,高雄夢時代店,南區,C03,鮮食,74,80.3,0,0,0,264,6.2
2023-05-30,S03,高雄夢時代店,南區,C03,鮮食,78,81.6,0,0,1,285,6.2
2023-05-31,S03,高雄夢時代店,南區,C03,鮮食,79,66.2,1,0,2,222,4.8
2023-06-01,S03,高雄夢時代店,南區,C03,鮮食,83,74.5,0,0,3,214,5.7
2023-06-02,S03,高雄夢時代店,南區,C03,鮮食,73,78.8,0,0,4,204,5.9
2023-06-03,S03,高雄夢時代店,南區,C03,鮮食,105,84.8,0,1,5,298,8.1
2023-06-04,S03,高雄夢時代店,南區,C03,鮮食,106,77.0,0,1,6,199,8.6
2023-06-05,S03,高雄夢時代店,南區,C03,鮮食,80,79.1,0,0,0,257,5.9
2023-06-06,S03,高雄夢時代店,南區,C03,鮮食,88,80.4,0,0,1,264,5.6
2023-06-07,S03,高雄夢時代店,南區,C03,鮮食,100,70.7,1,0,2,356,5.7
2023-06-08,S03,高雄夢時代店,南區,C03,鮮食,73,79.8,0,0,3,216,5.8
2023-06-09,S03,高雄夢時代店,南區,C03,鮮食,90,76.7,0,0,4,264,6.1
2023-06-10,S03,高雄夢時代店,南區,C03,鮮食,112,82.7,0,1,5,305,8.7
2023-06-11,S03,高雄夢時代店,南區,C03,鮮食,144,77.8,0,1,6,259,9.8
2023-06-12,S03,高雄夢時代店,南區,C03,鮮食,71,76.0,0,0,0,162,5.5
2023-06-13,S03,高雄夢時代店,南區,C03,鮮食,98,62.7,1,0,1,172,6.3
2023-06-14,S03,高雄夢時代店,南區,C03,鮮食,95,68.2,1,0,2,271,6.7
2023-06-15,S03,高雄夢時代店,南區,C03,鮮食,98,68.7,1,0,3,201,6.5
2023-06-16,S03,高雄夢時代店,南區,C03,鮮食,77,74.2,0,0,4,187,6.2
2023-06-17,S03,高雄夢時代店,南區,C03,鮮食,133,81.8,0,1,5,366,9.3
2023-06-18,S03,高雄夢時代店,南區,C03,鮮食,134,77.7,0,1,6,335,9.6
2023-06-19,S03,高雄夢時代店,南區,C03,鮮食,85,85.4,0,0,0,200,6.6
2023-06-20,S03,高雄夢時代店,南區,C03,鮮食,65,88.9,0,0,1,146,6.4
2023-06-21,S03,高雄夢時代店,南區,C03,鮮食,91,81.3,0,0,2,296,6.5
2023-06-22,S03,高雄夢時代店,南區,C03,鮮食,78,79.1,0,0,3,189,5.6
2023-06-23,S03,高雄夢時代店,南區,C03,鮮食,94,77.8,0,0,4,235,6.9
2023-06-24,S03,高雄夢時代店,南區,C03,鮮食,166,66.0,1,1,5,550,11.5
2023-06-25,S03,高雄夢時代店,南區,C03,鮮食,105,83.0,0,1,6,264,9.2
2023-06-26,S03,高雄夢時代店,南區,C03,鮮食,59,88.2,0,0,0,133,5.3
2023-06-27,S03,高雄夢時代店,南區,C03,鮮食,69,79.8,0,0,1,255,5.4
2023-06-28,S03,高雄夢時代店,南區,C03,鮮食,125,68.3,1,0,2,240,7.9
2023-06-29,S03,高雄夢時代店,南區,C03,鮮食,79,82.3,0,0,3,248,6.0
2023-06-30,S03,高雄夢時代店,南區,C03,鮮食,95,88.0,0,0,4,265,6.6
2023-07-01,S03,高雄夢時代店,南區,C03,鮮食,128,78.8,0,1,5,268,9.3
2023-07-02,S03,高雄夢時代店,南區,C03,鮮食,119,82.5,0,1,6,369,8.8
2023-07-03,S03,高雄夢時代店,南區,C03,鮮食,61,79.2,0,0,0,132,5.7
2023-07-04,S03,高雄夢時代店,南區,C03,鮮食,60,79.4,0,0,1,193,5.4
2023-07-05,S03,高雄夢時代店,南區,C03,鮮食,78,82.8,0,0,2,249,5.4
2023-07-06,S03,高雄夢時代店,南區,C03,鮮食,67,84.8,0,0,3,200,6.4
2023-07-07,S03,高雄夢時代店,南區,C03,鮮食,91,78.3,0,0,4,254,6.2
2023-07-08,S03,高雄夢時代店,南區,C03,鮮食,112,76.9,0,1,5,385,7.9
2023-07-09,S03,高雄夢時代店,南區,C03,鮮食,140,80.8,0,1,6,388,9.6
2023-07-10,S03,高雄夢時代店,南區,C03,鮮食,66,89.0,0,0,0,193,6.4
2023-07-11,S03,高雄夢時代店,南區,C03,鮮食,68,86.1,0,0,1,185,6.6
2023-07-12,S03,高雄夢時代店,南區,C03,鮮食,89,80.9,0,0,2,167,6.2
2023-07-13,S03,高雄夢時代店,南區,C03,鮮食,64,87.4,0,0,3,137,5.5
2023-07-14,S03,高雄夢時代店,南區,C03,鮮食,81,79.6,0,0,4,282,6.5
2023-07-15,S03,高雄夢時代店,南區,C03,鮮食,104,80.2,0,1,5,188,8.2
2023-07-16,S03,高雄夢時代店,南區,C03,鮮食,132,79.7,0,1,6,233,8.8
2023-07-17,S03,高雄夢時代店,南區,C03,鮮食,71,77.4,0,0,0,278,5.7
2023-07-18,S03,高雄夢時代店,南區,C03,鮮食,71,84.0,0,0,1,215,6.4
2023-07-19,S03,高雄夢時代店,南區,C03,鮮食,69,81.5,0,0,2,140,6.1
2023-07-20,S03,高雄夢時代店,南區,C03,鮮食,60,76.3,0,0,3,199,4.5
2023-07-21,S03,高雄夢時代店,南區,C03,鮮食,85,80.5,0,0,4,184,6.1
2023-07-22,S03,高雄夢時代店,南區,C03,鮮食,114,82.5,0,1,5,309,9.6
2023-07-23,S03,高雄夢時代店,南區,C03,鮮食,102,79.5,0,1,6,289,8.5
2023-07-24,S03,高雄夢時代店,南區,C03,鮮食,60,79.2,0,0,0,223,5.4
2023-07-25,S03,高雄夢時代店,南區,C03,鮮食,75,80.5,0,0,1,177,6.2
2023-07-26,S03,高雄夢時代店,南區,C03,鮮食,82,77.7,0,0,2,279,6.1
2023-07-27,S03,高雄夢時代店,南區,C03,鮮食,63,72.8,0,0,3,233,6.1
2023-07-28,S03,高雄夢時代店,南區,C03,鮮食,89,79.7,0,0,4,207,6.0
2023-07-29,S03,高雄夢時代店,南區,C03,鮮食,134,78.3,0,1,5,408,9.1
2023-07-30,S03,高雄夢時代店,南區,C03,鮮食,130,75.7,0,1,6,217,9.3
2023-07-31,S03,高雄夢時代店,南區,C03,鮮食,61,70.6,0,0,0,189,5.6
2023-08-01,S03,高雄夢時代店,南區,C03,鮮食,95,64.8,1,0,1,251,7.4
2023-08-02,S03,高雄夢時代店,南區,C03,鮮食,86,78.1,0,0,2,235,5.7
2023-08-03,S03,高雄夢時代店,南區,C03,鮮食,67,83.2,0,0,3,138,6.0
2023-08-04,S03,高雄夢時代店,南區,C03,鮮食,109,69.2,1,0,4,391,7.1
2023-08-05,S03,高雄夢時代店,南區,C03,鮮食,113,81.8,0,1,5,194,8.9
2023-08-06,S03,高雄夢時代店,南區,C03,鮮食,141,78.6,0,1,6,423,9.6
2023-08-07,S03,高雄夢時代店,南區,C03,鮮食,94,70.6,1,0,0,173,6.9
2023-08-08,S03,高雄夢時代店,南區,C03,鮮食,55,85.2,0,0,1,174,5.3
2023-08-09,S03,高雄夢時代店,南區,C03,鮮食,97,70.6,1,0,2,330,6.8
2023-08-10,S03,高雄夢時代店,南區,C03,鮮食,81,75.4,0,0,3,193,5.4
2023-08-11,S03,高雄夢時代店,南區,C03,鮮食,84,74.2,0,0,4,174,5.5
2023-08-12,S03,高雄夢時代店,南區,C03,鮮食,135,80.3,0,1,5,397,9.2
2023-08-13,S03,高雄夢時代店,南區,C03,鮮食,116,86.6,0,1,6,198,8.6
2023-08-14,S03,高雄夢時代店,南區,C03,鮮食,62,76.9,0,0,0,240,5.7
2023-08-15,S03,高雄夢時代店,南區,C03,鮮食,100,64.2,1,0,1,189,7.2
2023-08-16,S03,高雄夢時代店,南區,C03,鮮食,60,85.3,0,0,2,190,4.6
2023-08-17,S03,高雄夢時代店,南區,C03,鮮食,72,84.2,0,0,3,232,5.3
2023-08-18,S03,高雄夢時代店,南區,C03,鮮食,101,66.7,0,0,4,211,6.5
2023-08-19,S03,高雄夢時代店,南區,C03,鮮食,117,78.6,0,1,5,326,8.6
2023-08-20,S03,高雄夢時代店,南區,C03,鮮食,111,79.2,0,1,6,383,9.1
2023-08-21,S03,高雄夢時代店,南區,C03,鮮食,74,76.4,0,0,0,132,5.1
2023-08-22,S03,高雄夢時代店,南區,C03,鮮食,99,73.8,0,0,1,229,6.7
2023-08-23,S03,高雄夢時代店,南區,C03,鮮食,76,79.6,0,0,2,193,6.2
2023-08-24,S03,高雄夢時代店,南區,C03,鮮食,61,74.4,0,0,3,133,6.2
2023-08-25,S03,高雄夢時代店,南區,C03,鮮食,77,77.7,0,0,4,212,5.4
2023-08-26,S03,高雄夢時代店,南區,C03,鮮食,129,83.3,0,1,5,404,9.8
2023-08-27,S03,高雄夢時代店,南區,C03,鮮食,144,78.3,0,1,6,401,10.0
2023-08-28,S03,高雄夢時代店,南區,C03,鮮食,67,74.0,0,0,0,183,4.9
2023-08-29,S03,高雄夢時代店,南區,C03,鮮食,57,76.3,0,0,1,177,5.7
2023-08-30,S03,高雄夢時代店,南區,C03,鮮食,87,74.0,0,0,2,230,5.8
2023-08-31,S03,高雄夢時代店,南區,C03,鮮食,75,77.2,0,0,3,168,6.0
2023-09-01,S03,高雄夢時代店,南區,C03,鮮食,106,69.2,1,0,4,272,6.4
2023-09-02,S03,高雄夢時代店,南區,C03,鮮食,92,79.0,0,1,5,195,7.4
2023-09-03,S03,高雄夢時代店,南區,C03,鮮食,127,85.4,0,1,6,225,9.6
2023-09-04,S03,高雄夢時代店,南區,C03,鮮食,73,84.3,0,0,0,178,5.7
2023-09-05,S03,高雄夢時代店,南區,C03,鮮食,83,75.7,0,0,1,141,6.0
2023-09-06,S03,高雄夢時代店,南區,C03,鮮食,72,76.2,0,0,2,234,6.5
2023-09-07,S03,高雄夢時代店,南區,C03,鮮食,81,81.9,0,0,3,193,5.4
2023-09-08,S03,高雄夢時代店,南區,C03,鮮食,77,78.4,0,0,4,272,6.2
2023-09-09,S03,高雄夢時代店,南區,C03,鮮食,122,75.9,1,1,5,255,8.5
2023-09-10,S03,高雄夢時代店,南區,C03,鮮食,117,80.7,0,1,6,201,9.3
2023-09-11,S03,高雄夢時代店,南區,C03,鮮食,76,80.2,0,0,0,137,6.9
2023-09-12,S03,高雄夢時代店,南區,C03,鮮食,74,80.3,0,0,1,193,5.1
2023-09-13,S03,高雄夢時代店,南區,C03,鮮食,81,79.8,0,0,2,179,5.8
2023-09-14,S03,高雄夢時代店,南區,C03,鮮食,77,80.4,0,0,3,168,6.0
2023-09-15,S03,高雄夢時代店,南區,C03,鮮食,101,63.4,1,0,4,173,6.4
2023-09-16,S03,高雄夢時代店,南區,C03,鮮食,171,66.9,1,1,5,493,11.5
2023-09-17,S03,高雄夢時代店,南區,C03,鮮食,159,63.9,1,1,6,448,9.9
2023-09-18,S03,高雄夢時代店,南區,C03,鮮食,59,83.2,0,0,0,180,5.4
2023-09-19,S03,高雄夢時代店,南區,C03,鮮食,52,79.6,0,0,1,141,5.5
2023-09-20,S03,高雄夢時代店,南區,C03,鮮食,96,73.1,1,0,2,341,6.5
2023-09-21,S03,高雄夢時代店,南區,C03,鮮食,58,78.8,0,0,3,128,6.2
2023-09-22,S03,高雄夢時代店,南區,C03,鮮食,69,80.1,0,0,4,231,6.0
2023-09-23,S03,高雄夢時代店,南區,C03,鮮食,109,76.1,0,1,5,298,9.2
2023-09-24,S03,高雄夢時代店,南區,C03,鮮食,105,82.5,0,1,6,285,8.7
2023-09-25,S03,高雄夢時代店,南區,C03,鮮食,64,76.6,0,0,0,143,5.7
2023-09-26,S03,高雄夢時代店,南區,C03,鮮食,88,82.3,0,0,1,309,7.4
2023-09-27,S03,高雄夢時代店,南區,C03,鮮食,93,70.6,1,0,2,275,6.8
2023-09-28,S03,高雄夢時代店,南區,C03,鮮食,70,72.6,0,0,3,195,5.3
2023-09-29,S03,高雄夢時代店,南區,C03,鮮食,77,75.9,0,0,4,136,5.7
2023-09-30,S03,高雄夢時代店,南區,C03,鮮食,102,78.8,0,1,5,302,9.5
2023-10-01,S03,高雄夢時代店,南區,C03,鮮食,111,82.6,0,1,6,392,8.2
2023-10-02,S03,高雄夢時代店,南區,C03,鮮食,61,82.4,0,0,0,203,5.0
2023-10-03,S03,高雄夢時代店,南區,C03,鮮食,66,78.4,0,0,1,233,5.6
2023-10-04,S03,高雄夢時代店,南區,C03,鮮食,79,82.9,0,0,2,161,6.3
2023-10-05,S03,高雄夢時代店,南區,C03,鮮食,78,76.0,0,0,3,247,6.1
2023-10-06,S03,高雄夢時代店,南區,C03,鮮食,70,82.5,0,0,4,209,5.1
2023-10-07,S03,高雄夢時代店,南區,C03,鮮食,104,83.6,0,1,5,313,8.0
2023-10-08,S03,高雄夢時代店,南區,C03,鮮食,104,85.9,0,1,6,189,8.3
2023-10-09,S03,高雄夢時代店,南區,C03,鮮食,85,66.5,1,0,0,207,6.8
2023-10-10,S03,高雄夢時代店,南區,C03,鮮食,73,82.2,0,1,1,254,8.0
2023-10-11,S03,高雄夢時代店,南區,C03,鮮食,81,73.5,0,0,2,192,5.8
2023-10-12,S03,高雄夢時代店,南區,C03,鮮食,68,85.4,0,0,3,233,5.3
2023-10-13,S03,高雄夢時代店,南區,C03,鮮食,102,71.5,1,0,4,212,6.9
2023-10-14,S03,高雄夢時代店,南區,C03,鮮食,99,79.5,0,1,5,323,8.3
2023-10-15,S03,高雄夢時代店,南區,C03,鮮食,90,84.8,0,1,6,297,8.3
2023-10-16,S03,高雄夢時代店,南區,C03,鮮食,61,85.4,0,0,0,130,4.6
2023-10-17,S03,高雄夢時代店,南區,C03,鮮食,66,83.0,0,0,1,234,5.0
2023-10-18,S03,高雄夢時代店,南區,C03,鮮食,83,81.1,0,0,2,257,7.0
2023-10-19,S03,高雄夢時代店,南區,C03,鮮食,80,81.3,0,0,3,269,6.0
2023-10-20,S03,高雄夢時代店,南區,C03,鮮食,94,71.7,1,0,4,326,7.0
2023-10-21,S03,高雄夢時代店,南區,C03,鮮食,140,79.9,0,1,5,248,9.1
2023-10-22,S03,高雄夢時代店,南區,C03,鮮食,108,81.2,0,1,6,275,8.1
2023-10-23,S03,高雄夢時代店,南區,C03,鮮食,77,77.2,0,0,0,280,5.9
2023-10-24,S03,高雄夢時代店,南區,C03,鮮食,56,70.2,0,0,1,139,5.6
2023-10-25,S03,高雄夢時代店,南區,C03,鮮食,71,75.1,0,0,2,182,5.5
2023-10-26,S03,高雄夢時代店,南區,C03,鮮食,104,68.2,1,0,3,367,6.9
2023-10-27,S03,高雄夢時代店,南區,C03,鮮食,61,74.0,0,0,4,138,5.4
2023-10-28,S03,高雄夢時代店,南區,C03,鮮食,114,78.0,0,1,5,215,8.8
2023-10-29,S03,高雄夢時代店,南區,C03,鮮食,101,83.2,0,1,6,206,8.8
2023-10-30,S03,高雄夢時代店,南區,C03,鮮食,83,76.5,0,0,0,209,6.3
2023-10-31,S03,高雄夢時代店,南區,C03,鮮食,62,84.4,0,0,1,216,5.5
2023-11-01,S03,高雄夢時代店,南區,C03,鮮食,67,82.8,0,0,2,193,6.3
2023-11-02,S03,高雄夢時代店,南區,C03,鮮食,74,72.4,0,0,3,174,5.9
2023-11-03,S03,高雄夢時代店,南區,C03,鮮食,75,83.4,0,0,4,180,5.3
2023-11-04,S03,高雄夢時代店,南區,C03,鮮食,109,82.6,0,1,5,311,8.5
2023-11-05,S03,高雄夢時代店,南區,C03,鮮食,117,74.4,0,1,6,259,9.5
2023-11-06,S03,高雄夢時代店,南區,C03,鮮食,58,82.0,0,0,0,194,6.4
2023-11-07,S03,高雄夢時代店,南區,C03,鮮食,74,74.4,0,0,1,191,5.5
2023-11-08,S03,高雄夢時代店,南區,C03,鮮食,72,72.4,1,0,2,256,5.8
2023-11-09,S03,高雄夢時代店,南區,C03,鮮食,76,78.7,0,0,3,139,5.6
2023-11-10,S03,高雄夢時代店,南區,C03,鮮食,68,84.2,0,0,4,122,6.1
2023-11-11,S03,高雄夢時代店,南區,C03,鮮食,120,84.0,0,1,5,245,8.6
2023-11-12,S03,高雄夢時代店,南區,C03,鮮食,106,81.7,0,1,6,301,9.1
2023-11-13,S03,高雄夢時代店,南區,C03,鮮食,67,83.5,0,0,0,245,6.0
2023-11-14,S03,高雄夢時代店,南區,C03,鮮食,85,83.8,0,0,1,295,5.2
2023-11-15,S03,高雄夢時代店,南區,C03,鮮食,79,85.8,0,0,2,221,5.8
2023-11-16,S03,高雄夢時代店,南區,C03,鮮食,66,80.8,0,0,3,219,5.2
2023-11-17,S03,高雄夢時代店,南區,C03,鮮食,67,85.2,0,0,4,211,4.6
2023-11-18,S03,高雄夢時代店,南區,C03,鮮食,109,76.1,0,1,5,333,8.6
2023-11-19,S03,高雄夢時代店,南區,C03,鮮食,113,80.4,0,1,6,338,9.2
2023-11-20,S03,高雄夢時代店,南區,C03,鮮食,65,83.0,0,0,0,247,5.0
2023-11-21,S03,高雄夢時代店,南區,C03,鮮食,67,80.0,0,0,1,125,6.3
2023-11-22,S03,高雄夢時代店,南區,C03,鮮食,82,64.6,1,0,2,268,5.8
2023-11-23,S03,高雄夢時代店,南區,C03,鮮食,66,78.0,0,0,3,219,6.3
2023-11-24,S03,高雄夢時代店,南區,C03,鮮食,80,83.0,0,0,4,237,5.2
2023-11-25,S03,高雄夢時代店,南區,C03,鮮食,148,72.0,1,1,5,475,9.6
2023-11-26,S03,高雄夢時代店,南區,C03,鮮食,106,76.6,0,1,6,261,8.7
2023-11-27,S03,高雄夢時代店,南區,C03,鮮食,63,90.7,0,0,0,120,6.1
2023-11-28,S03,高雄夢時代店,南區,C03,鮮食,65,81.1,0,0,1,215,6.6
2023-11-29,S03,高雄夢時代店,南區,C03,鮮食,61,81.0,0,0,2,138,6.5
2023-11-30,S03,高雄夢時代店,南區,C03,鮮食,68,79.0,0,0,3,158,7.2
2023-12-01,S03,高雄夢時代店,南區,C03,鮮食,81,83.5,0,0,4,240,7.0
2023-12-02,S03,高雄夢時代店,南區,C03,鮮食,105,78.5,0,1,5,199,7.3
2023-12-03,S03,高雄夢時代店,南區,C03,鮮食,129,84.7,0,1,6,412,9.3
2023-12-04,S03,高雄夢時代店,南區,C03,鮮食,67,83.3,0,0,0,124,6.0
2023-12-05,S03,高雄夢時代店,南區,C03,鮮食,53,81.2,0,0,1,169,5.3
2023-12-06,S03,高雄夢時代店,南區,C03,鮮食,85,72.6,1,0,2,181,6.7
2023-12-07,S03,高雄夢時代店,南區,C03,鮮食,78,74.8,0,0,3,163,6.4
2023-12-08,S03,高雄夢時代店,南區,C03,鮮食,78,82.2,0,0,4,166,5.4
2023-12-09,S03,高雄夢時代店,南區,C03,鮮食,88,82.3,0,1,5,254,8.0
2023-12-10,S03,高雄夢時代店,南區,C03,鮮食,105,78.3,0,1,6,353,8.2
2023-12-11,S03,高雄夢時代店,南區,C03,鮮食,64,82.7,0,0,0,128,4.8
2023-12-12,S03,高雄夢時代店,南區,C03,鮮食,68,77.8,0,0,1,235,5.6
2023-12-13,S03,高雄夢時代店,南區,C03,鮮食,71,81.4,0,0,2,216,5.1
2023-12-14,S03,高雄夢時代店,南區,C03,鮮食,46,89.8,0,0,3,137,5.5
2023-12-15,S03,高雄夢時代店,南區,C03,鮮食,58,79.4,0,0,4,124,6.0
2023-12-16,S03,高雄夢時代店,南區,C03,鮮食,115,79.6,0,1,5,381,8.9
2023-12-17,S03,高雄夢時代店,南區,C03,鮮食,137,65.5,1,1,6,424,9.0
2023-12-18,S03,高雄夢時代店,南區,C03,鮮食,59,79.5,0,0,0,134,5.7
2023-12-19,S03,高雄夢時代店,南區,C03,鮮食,68,67.5,0,0,1,220,5.5
2023-12-20,S03,高雄夢時代店,南區,C03,鮮食,62,80.5,0,0,2,162,6.0
2023-12-21,S03,高雄夢時代店,南區,C03,鮮食,71,77.0,0,0,3,250,5.1
2023-12-22,S03,高雄夢時代店,南區,C03,鮮食,84,79.6,0,0,4,161,6.6
2023-12-23,S03,高雄夢時代店,南區,C03,鮮食,158,70.2,1,1,5,325,10.7
2023-12-24,S03,高雄夢時代店,南區,C03,鮮食,88,77.2,0,1,6,190,8.5
2023-12-25,S03,高雄夢時代店,南區,C03,鮮食,91,85.2,0,1,0,303,9.0
2023-12-26,S03,高雄夢時代店,南區,C03,鮮食,70,83.9,0,0,1,179,5.0
2023-12-27,S03,高雄夢時代店,南區,C03,鮮食,73,82.3,0,0,2,137,4.6
2023-12-28,S03,高雄夢時代店,南區,C03,鮮食,67,80.8,0,0,3,185,6.0
2023-12-29,S03,高雄夢時代店,南區,C03,鮮食,85,78.2,0,0,4,239,6.7
2023-12-30,S03,高雄夢時代店,南區,C03,鮮食,118,83.0,0,1,5,209,8.4
2023-12-31,S03,高雄夢時代店,南區,C03,鮮食,109,73.2,0,1,6,338,8.8
2024-01-01,S03,高雄夢時代店,南區,C03,鮮食,76,79.5,0,1,0,170,8.3
2024-01-02,S03,高雄夢時代店,南區,C03,鮮食,56,79.6,0,0,1,207,5.5
2024-01-03,S03,高雄夢時代店,南區,C03,鮮食,74,79.2,0,0,2,262,6.0
2024-01-04,S03,高雄夢時代店,南區,C03,鮮食,70,81.6,0,0,3,171,6.1
2024-01-05,S03,高雄夢時代店,南區,C03,鮮食,79,83.5,0,0,4,158,6.2
2024-01-06,S03,高雄夢時代店,南區,C03,鮮食,113,85.0,0,1,5,225,8.9
2024-01-07,S03,高雄夢時代店,南區,C03,鮮食,79,85.9,0,1,6,186,8.2
2024-01-08,S03,高雄夢時代店,南區,C03,鮮食,70,84.0,0,0,0,143,5.0
2024-01-09,S03,高雄夢時代店,南區,C03,鮮食,83,78.2,0,0,1,226,5.3
2024-01-10,S03,高雄夢時代店,南區,C03,鮮食,52,86.7,0,0,2,125,5.0
2024-01-11,S03,高雄夢時代店,南區,C03,鮮食,72,80.6,0,0,3,201,5.2
2024-01-12,S03,高雄夢時代店,南區,C03,鮮食,87,84.1,0,0,4,197,5.7
2024-01-13,S03,高雄夢時代店,南區,C03,鮮食,109,82.2,0,1,5,282,9.4
2024-01-14,S03,高雄夢時代店,南區,C03,鮮食,127,79.6,0,1,6,241,9.1
2024-01-15,S03,高雄夢時代店,南區,C03,鮮食,64,72.9,0,0,0,139,5.9
2024-01-16,S03,高雄夢時代店,南區,C03,鮮食,112,71.9,1,0,1,226,6.4
2024-01-17,S03,高雄夢時代店,南區,C03,鮮食,67,81.9,0,0,2,238,6.0
2024-01-18,S03,高雄夢時代店,南區,C03,鮮食,59,77.5,0,0,3,187,4.8
2024-01-19,S03,高雄夢時代店,南區,C03,鮮食,69,86.5,0,0,4,205,5.1
2024-01-20,S03,高雄夢時代店,南區,C03,鮮食,127,76.8,0,1,5,285,9.7
2024-01-21,S03,高雄夢時代店,南區,C03,鮮食,103,80.7,0,1,6,182,8.0
2024-01-22,S03,高雄夢時代店,南區,C03,鮮食,74,80.8,0,0,0,241,4.9
2024-01-23,S03,高雄夢時代店,南區,C03,鮮食,55,81.3,0,0,1,108,5.8
2024-01-24,S03,高雄夢時代店,南區,C03,鮮食,68,73.9,0,0,2,238,5.6
2024-01-25,S03,高雄夢時代店,南區,C03,鮮食,63,90.2,0,0,3,124,6.0
2024-01-26,S03,高雄夢時代店,南區,C03,鮮食,93,80.7,0,0,4,227,6.9
2024-01-27,S03,高雄夢時代店,南區,C03,鮮食,125,79.0,0,1,5,427,9.1
2024-01-28,S03,高雄夢時代店,南區,C03,鮮食,136,74.6,0,1,6,343,10.1
2024-01-29,S03,高雄夢時代店,南區,C03,鮮食,78,83.3,0,0,0,204,5.2
2024-01-30,S03,高雄夢時代店,南區,C03,鮮食,73,82.7,0,0,1,220,5.7
2024-01-31,S03,高雄夢時代店,南區,C03,鮮食,85,81.3,0,0,2,261,5.3
2024-02-01,S03,高雄夢時代店,南區,C03,鮮食,89,73.4,0,0,3,318,6.1
2024-02-02,S03,高雄夢時代店,南區,C03,鮮食,70,76.4,0,0,4,127,6.0
2024-02-03,S03,高雄夢時代店,南區,C03,鮮食,105,79.5,0,1,5,286,8.6
2024-02-04,S03,高雄夢時代店,南區,C03,鮮食,103,85.3,0,1,6,213,8.4
2024-02-05,S03,高雄夢時代店,南區,C03,鮮食,63,81.4,0,0,0,116,5.0
2024-02-06,S03,高雄夢時代店,南區,C03,鮮食,65,86.9,0,0,1,207,6.2
2024-02-07,S03,高雄夢時代店,南區,C03,鮮食,102,73.3,1,0,2,315,7.0
2024-02-08,S03,高雄夢時代店,南區,C03,鮮食,60,75.6,0,0,3,123,5.2
2024-02-09,S03,高雄夢時代店,南區,C03,鮮食,80,76.4,0,0,4,242,5.8
2024-02-10,S03,高雄夢時代店,南區,C03,鮮食,162,69.7,1,1,5,269,9.3
2024-02-11,S03,高雄夢時代店,南區,C03,鮮食,124,78.4,0,1,6,239,9.1
2024-02-12,S03,高雄夢時代店,南區,C03,鮮食,79,88.4,0,0,0,275,5.5
2024-02-13,S03,高雄夢時代店,南區,C03,鮮食,70,79.9,0,0,1,258,6.2
2024-02-14,S03,高雄夢時代店,南區,C03,鮮食,63,81.6,0,0,2,134,5.6
2024-02-15,S03,高雄夢時代店,南區,C03,鮮食,60,76.6,0,0,3,164,5.9
2024-02-16,S03,高雄夢時代店,南區,C03,鮮食,96,74.3,1,0,4,313,6.8
2024-02-17,S03,高雄夢時代店,南區,C03,鮮食,113,76.7,0,1,5,366,9.3
2024-02-18,S03,高雄夢時代店,南區,C03,鮮食,118,83.8,0,1,6,342,9.0
2024-02-19,S03,高雄夢時代店,南區,C03,鮮食,71,78.1,0,0,0,241,5.8
2024-02-20,S03,高雄夢時代店,南區,C03,鮮食,82,86.0,0,0,1,257,6.2
2024-02-21,S03,高雄夢時代店,南區,C03,鮮食,88,80.4,0,0,2,159,6.3
2024-02-22,S03,高雄夢時代店,南區,C03,鮮食,73,81.9,0,0,3,179,4.9
2024-02-23,S03,高雄夢時代店,南區,C03,鮮食,78,76.8,0,0,4,177,4.7
2024-02-24,S03,高雄夢時代店,南區,C03,鮮食,133,77.6,0,1,5,323,9.2
2024-02-25,S03,高雄夢時代店,南區,C03,鮮食,100,80.5,0,1,6,369,8.7
2024-02-26,S03,高雄夢時代店,南區,C03,鮮食,63,78.2,0,0,0,174,5.3
2024-02-27,S03,高雄夢時代店,南區,C03,鮮食,71,82.9,0,0,1,148,5.5
2024-02-28,S03,高雄夢時代店,南區,C03,鮮食,103,75.6,0,1,2,201,8.6
2024-02-29,S03,高雄夢時代店,南區,C03,鮮食,66,75.8,0,0,3,229,5.6
2024-03-01,S03,高雄夢時代店,南區,C03,鮮食,89,83.8,0,0,4,251,6.1
2024-03-02,S03,高雄夢時代店,南區,C03,鮮食,118,75.8,0,1,5,284,8.8
2024-03-03,S03,高雄夢時代店,南區,C03,鮮食,131,77.1,0,1,6,459,9.1
2024-03-04,S03,高雄夢時代店,南區,C03,鮮食,64,89.7,0,0,0,194,5.7
2024-03-05,S03,高雄夢時代店,南區,C03,鮮食,74,79.2,0,0,1,175,5.6
2024-03-06,S03,高雄夢時代店,南區,C03,鮮食,63,82.6,0,0,2,164,6.8
2024-03-07,S03,高雄夢時代店,南區,C03,鮮食,68,92.8,0,0,3,171,6.1
2024-03-08,S03,高雄夢時代店,南區,C03,鮮食,70,75.4,0,0,4,176,6.0
2024-03-09,S03,高雄夢時代店,南區,C03,鮮食,136,81.4,0,1,5,299,10.3
2024-03-10,S03,高雄夢時代店,南區,C03,鮮食,107,79.9,0,1,6,307,8.8
2024-03-11,S03,高雄夢時代店,南區,C03,鮮食,102,63.6,1,0,0,249,7.2
2024-03-12,S03,高雄夢時代店,南區,C03,鮮食,82,85.7,0,0,1,198,5.5
2024-03-13,S03,高雄夢時代店,南區,C03,鮮食,73,82.0,0,0,2,159,6.3
2024-03-14,S03,高雄夢時代店,南區,C03,鮮食,88,69.6,1,0,3,286,6.5
2024-03-15,S03,高雄夢時代店,南區,C03,鮮食,84,78.1,0,0,4,237,4.4
2024-03-16,S03,高雄夢時代店,南區,C03,鮮食,116,75.8,0,1,5,416,9.3
2024-03-17,S03,高雄夢時代店,南區,C03,鮮食,122,81.3,0,1,6,413,8.8
2024-03-18,S03,高雄夢時代店,南區,C03,鮮食,68,73.6,0,0,0,132,5.8
2024-03-19,S03,高雄夢時代店,南區,C03,鮮食,94,79.7,0,0,1,258,7.3
2024-03-20,S03,高雄夢時代店,南區,C03,鮮食,83,73.7,0,0,2,161,6.8
2024-03-21,S03,高雄夢時代店,南區,C03,鮮食,71,79.1,0,0,3,167,5.3
2024-03-22,S03,高雄夢時代店,南區,C03,鮮食,92,67.6,0,0,4,295,6.4
2024-03-23,S03,高雄夢時代店,南區,C03,鮮食,127,73.5,0,1,5,430,9.2
2024-03-24,S03,高雄夢時代店,南區,C03,鮮食,120,75.3,0,1,6,254,8.7
2024-03-25,S03,高雄夢時代店,南區,C03,鮮食,74,83.4,0,0,0,240,5.2
2024-03-26,S03,高雄夢時代店,南區,C03,鮮食,87,85.1,0,0,1,153,6.6
2024-03-27,S03,高雄夢時代店,南區,C03,鮮食,75,80.3,0,0,2,163,4.7
2024-03-28,S03,高雄夢時代店,南區,C03,鮮食,79,80.1,0,0,3,257,6.1
2024-03-29,S03,高雄夢時代店,南區,C03,鮮食,73,82.8,0,0,4,238,6.0
2024-03-30,S03,高雄夢時代店,南區,C03,鮮食,186,64.4,1,1,5,413,11.0
2024-03-31,S03,高雄夢時代店,南區,C03,鮮食,123,77.7,0,1,6,291,8.1
2024-04-01,S03,高雄夢時代店,南區,C03,鮮食,65,77.9,0,0,0,193,5.5
2024-04-02,S03,高雄夢時代店,南區,C03,鮮食,121,66.8,1,0,1,414,7.5
2024-04-03,S03,高雄夢時代店,南區,C03,鮮食,96,70.0,1,0,2,191,6.6
2024-04-04,S03,高雄夢時代店,南區,C03,鮮食,91,82.6,0,1,3,226,7.7
2024-04-05,S03,高雄夢時代店,南區,C03,鮮食,86,80.7,0,1,4,165,7.7
2024-04-06,S03,高雄夢時代店,南區,C03,鮮食,148,82.0,0,1,5,305,9.0
2024-04-07,S03,高雄夢時代店,南區,C03,鮮食,180,65.7,1,1,6,358,9.9
2024-04-08,S03,高雄夢時代店,南區,C03,鮮食,74,81.0,0,0,0,136,6.1
2024-04-09,S03,高雄夢時代店,南區,C03,鮮食,80,79.4,0,0,1,277,5.6
2024-04-10,S03,高雄夢時代店,南區,C03,鮮食,113,67.2,0,0,2,245,7.2
2024-04-11,S03,高雄夢時代店,南區,C03,鮮食,74,82.0,0,0,3,245,5.8
2024-04-12,S03,高雄夢時代店,南區,C03,鮮食,72,83.6,0,0,4,223,6.0
2024-04-13,S03,高雄夢時代店,南區,C03,鮮食,148,82.3,0,1,5,355,10.0
2024-04-14,S03,高雄夢時代店,南區,C03,鮮食,134,86.1,0,1,6,456,8.8
2024-04-15,S03,高雄夢時代店,南區,C03,鮮食,95,74.0,0,0,0,290,5.6
2024-04-16,S03,高雄夢時代店,南區,C03,鮮食,88,69.7,1,0,1,239,6.6
2024-04-17,S03,高雄夢時代店,南區,C03,鮮食,89,69.0,1,0,2,227,6.6
2024-04-18,S03,高雄夢時代店,南區,C03,鮮食,75,77.0,0,0,3,233,5.8
2024-04-19,S03,高雄夢時代店,南區,C03,鮮食,77,82.9,0,0,4,181,6.1
2024-04-20,S03,高雄夢時代店,南區,C03,鮮食,164,79.8,0,1,5,381,10.3
2024-04-21,S03,高雄夢時代店,南區,C03,鮮食,129,80.9,0,1,6,427,8.3
2024-04-22,S03,高雄夢時代店,南區,C03,鮮食,81,77.6,0,0,0,186,6.1
2024-04-23,S03,高雄夢時代店,南區,C03,鮮食,99,79.5,0,0,1,226,6.0
2024-04-24,S03,高雄夢時代店,南區,C03,鮮食,86,80.7,0,0,2,304,6.1
2024-04-25,S03,高雄夢時代店,南區,C03,鮮食,105,68.0,1,0,3,328,6.4
2024-04-26,S03,高雄夢時代店,南區,C03,鮮食,102,75.0,0,0,4,264,5.4
2024-04-27,S03,高雄夢時代店,南區,C03,鮮食,156,75.0,0,1,5,556,9.6
2024-04-28,S03,高雄夢時代店,南區,C03,鮮食,129,79.2,0,1,6,441,9.5
2024-04-29,S03,高雄夢時代店,南區,C03,鮮食,69,83.2,0,0,0,136,6.5
2024-04-30,S03,高雄夢時代店,南區,C03,鮮食,76,85.8,0,0,1,277,4.9
2024-05-01,S03,高雄夢時代店,南區,C03,鮮食,119,84.1,0,1,2,211,9.5
2024-05-02,S03,高雄夢時代店,南區,C03,鮮食,85,85.7,0,0,3,273,6.8
2024-05-03,S03,高雄夢時代店,南區,C03,鮮食,94,72.1,0,0,4,337,6.7
2024-05-04,S03,高雄夢時代店,南區,C03,鮮食,136,86.0,0,1,5,438,10.1
2024-05-05,S03,高雄夢時代店,南區,C03,鮮食,136,85.7,0,1,6,367,8.8
2024-05-06,S03,高雄夢時代店,南區,C03,鮮食,90,73.7,0,0,0,179,6.7
2024-05-07,S03,高雄夢時代店,南區,C03,鮮食,95,81.4,0,0,1,206,6.3
2024-05-08,S03,高雄夢時代店,南區,C03,鮮食,89,80.3,0,0,2,280,5.8
2024-05-09,S03,高雄夢時代店,南區,C03,鮮食,81,81.1,0,0,3,250,6.8
2024-05-10,S03,高雄夢時代店,南區,C03,鮮食,69,77.1,0,0,4,180,5.4
2024-05-11,S03,高雄夢時代店,南區,C03,鮮食,130,91.1,0,1,5,347,9.8
2024-05-12,S03,高雄夢時代店,南區,C03,鮮食,146,80.4,0,1,6,364,9.3
2024-05-13,S03,高雄夢時代店,南區,C03,鮮食,78,81.2,0,0,0,218,6.9
2024-05-14,S03,高雄夢時代店,南區,C03,鮮食,89,79.2,0,0,1,272,5.8
2024-05-15,S03,高雄夢時代店,南區,C03,鮮食,89,82.0,0,0,2,186,6.1
2024-05-16,S03,高雄夢時代店,南區,C03,鮮食,97,74.5,0,0,3,353,5.7
2024-05-17,S03,高雄夢時代店,南區,C03,鮮食,104,79.9,0,0,4,374,6.5
2024-05-18,S03,高雄夢時代店,南區,C03,鮮食,128,88.9,0,1,5,328,8.4
2024-05-19,S03,高雄夢時代店,南區,C03,鮮食,159,79.8,0,1,6,447,9.8
2024-05-20,S03,高雄夢時代店,南區,C03,鮮食,79,74.4,0,0,0,181,6.1
2024-05-21,S03,高雄夢時代店,南區,C03,鮮食,73,81.7,0,0,1,167,5.5
2024-05-22,S03,高雄夢時代店,南區,C03,鮮食,74,86.8,0,0,2,169,5.5
2024-05-23,S03,高雄夢時代店,南區,C03,鮮食,87,85.6,0,0,3,139,6.0
2024-05-24,S03,高雄夢時代店,南區,C03,鮮食,92,82.1,0,0,4,241,5.7
2024-05-25,S03,高雄夢時代店,南區,C03,鮮食,139,78.8,0,1,5,392,10.2
2024-05-26,S03,高雄夢時代店,南區,C03,鮮食,148,78.8,0,1,6,532,10.3
2024-05-27,S03,高雄夢時代店,南區,C03,鮮食,88,79.3,0,0,0,209,6.2
2024-05-28,S03,高雄夢時代店,南區,C03,鮮食,99,83.0,0,0,1,238,6.7
2024-05-29,S03,高雄夢時代店,南區,C03,鮮食,86,79.2,0,0,2,189,5.8
2024-05-30,S03,高雄夢時代店,南區,C03,鮮食,97,86.1,0,0,3,210,6.4
2024-05-31,S03,高雄夢時代店,南區,C03,鮮食,102,77.3,0,0,4,291,6.0
2024-06-01,S03,高雄夢時代店,南區,C03,鮮食,136,78.1,0,1,5,302,10.3
2024-06-02,S03,高雄夢時代店,南區,C03,鮮食,137,81.7,0,1,6,313,9.9
2024-06-03,S03,高雄夢時代店,南區,C03,鮮食,85,77.6,0,0,0,306,5.9
2024-06-04,S03,高雄夢時代店,南區,C03,鮮食,111,74.0,0,0,1,398,7.0
2024-06-05,S03,高雄夢時代店,南區,C03,鮮食,89,88.0,0,0,2,257,5.8
2024-06-06,S03,高雄夢時代店,南區,C03,鮮食,96,71.7,0,0,3,297,6.4
2024-06-07,S03,高雄夢時代店,南區,C03,鮮食,94,76.3,0,0,4,168,6.8
2024-06-08,S03,高雄夢時代店,南區,C03,鮮食,134,84.3,0,1,5,312,9.5
2024-06-09,S03,高雄夢時代店,南區,C03,鮮食,146,66.0,1,1,6,251,8.8
2024-06-10,S03,高雄夢時代店,南區,C03,鮮食,68,76.5,0,0,0,145,5.4
2024-06-11,S03,高雄夢時代店,南區,C03,鮮食,84,81.5,0,0,1,177,5.8
2024-06-12,S03,高雄夢時代店,南區,C03,鮮食,122,71.1,1,0,2,385,8.1
2024-06-13,S03,高雄夢時代店,南區,C03,鮮食,85,80.6,0,0,3,162,6.6
2024-06-14,S03,高雄夢時代店,南區,C03,鮮食,88,76.0,0,0,4,301,6.3
2024-06-15,S03,高雄夢時代店,南區,C03,鮮食,140,82.4,0,1,5,471,9.6
2024-06-16,S03,高雄夢時代店,南區,C03,鮮食,142,83.0,0,1,6,323,9.0
2024-06-17,S03,高雄夢時代店,南區,C03,鮮食,80,80.6,0,0,0,179,5.9
2024-06-18,S03,高雄夢時代店,南區,C03,鮮食,85,74.6,0,0,1,272,6.3
2024-06-19,S03,高雄夢時代店,南區,C03,鮮食,125,62.6,1,0,2,439,7.1
2024-06-20,S03,高雄夢時代店,南區,C03,鮮食,92,81.4,0,0,3,265,6.7
2024-06-21,S03,高雄夢時代店,南區,C03,鮮食,101,81.2,0,0,4,310,6.1
2024-06-22,S03,高雄夢時代店,南區,C03,鮮食,139,87.2,0,1,5,290,9.5
2024-06-23,S03,高雄夢時代店,南區,C03,鮮食,123,81.3,0,1,6,242,8.7
2024-06-24,S03,高雄夢時代店,南區,C03,鮮食,75,80.7,0,0,0,146,5.7
2024-06-25,S03,高雄夢時代店,南區,C03,鮮食,95,78.6,0,0,1,350,5.3
2024-06-26,S03,高雄夢時代店,南區,C03,鮮食,84,77.1,0,0,2,154,6.1
2024-06-27,S03,高雄夢時代店,南區,C03,鮮食,118,79.0,0,0,3,352,7.1
2024-06-28,S03,高雄夢時代店,南區,C03,鮮食,154,66.0,1,0,4,265,7.1
2024-06-29,S03,高雄夢時代店,南區,C03,鮮食,123,84.1,0,1,5,350,9.2
2024-06-30,S03,高雄夢時代店,南區,C03,鮮食,153,82.6,0,1,6,419,9.4
2024-07-01,S03,高雄夢時代店,南區,C03,鮮食,78,71.3,0,0,0,270,5.9
2024-07-02,S03,高雄夢時代店,南區,C03,鮮食,82,78.9,0,0,1,171,6.1
2024-07-03,S03,高雄夢時代店,南區,C03,鮮食,91,81.7,0,0,2,232,6.2
2024-07-04,S03,高雄夢時代店,南區,C03,鮮食,85,81.7,0,0,3,161,6.1
2024-07-05,S03,高雄夢時代店,南區,C03,鮮食,113,79.7,0,0,4,391,7.6
2024-07-06,S03,高雄夢時代店,南區,C03,鮮食,127,86.1,0,1,5,315,8.9
2024-07-07,S03,高雄夢時代店,南區,C03,鮮食,149,86.1,0,1,6,430,9.3
2024-07-08,S03,高雄夢時代店,南區,C03,鮮食,84,74.7,0,0,0,298,6.2
2024-07-09,S03,高雄夢時代店,南區,C03,鮮食,80,81.1,0,0,1,271,6.3
2024-07-10,S03,高雄夢時代店,南區,C03,鮮食,80,83.8,0,0,2,150,5.9
2024-07-11,S03,高雄夢時代店,南區,C03,鮮食,74,80.4,0,0,3,249,5.4
2024-07-12,S03,高雄夢時代店,南區,C03,鮮食,97,84.8,0,0,4,211,5.7
2024-07-13,S03,高雄夢時代店,南區,C03,鮮食,139,80.4,0,1,5,357,9.3
2024-07-14,S03,高雄夢時代店,南區,C03,鮮食,124,83.4,0,1,6,241,9.3
2024-07-15,S03,高雄夢時代店,南區,C03,鮮食,116,67.2,1,0,0,410,7.2
2024-07-16,S03,高雄夢時代店,南區,C03,鮮食,108,64.1,1,0,1,191,6.8
2024-07-17,S03,高雄夢時代店,南區,C03,鮮食,85,66.7,1,0,2,258,6.2
2024-07-18,S03,高雄夢時代店,南區,C03,鮮食,102,78.8,0,0,3,209,5.9
2024-07-19,S03,高雄夢時代店,南區,C03,鮮食,98,79.0,0,0,4,331,6.9
2024-07-20,S03,高雄夢時代店,南區,C03,鮮食,165,74.1,0,1,5,341,9.3
2024-07-21,S03,高雄夢時代店,南區,C03,鮮食,137,81.7,0,1,6,441,9.0
2024-07-22,S03,高雄夢時代店,南區,C03,鮮食,73,80.3,0,0,0,197,5.4
2024-07-23,S03,高雄夢時代店,南區,C03,鮮食,70,84.9,0,0,1,190,6.5
2024-07-24,S03,高雄夢時代店,南區,C03,鮮食,85,79.9,0,0,2,173,6.5
2024-07-25,S03,高雄夢時代店,南區,C03,鮮食,75,81.8,0,0,3,200,6.6
2024-07-26,S03,高雄夢時代店,南區,C03,鮮食,104,83.5,0,0,4,260,6.6
2024-07-27,S03,高雄夢時代店,南區,C03,鮮食,168,71.7,0,1,5,339,10.4
2024-07-28,S03,高雄夢時代店,南區,C03,鮮食,152,84.8,0,1,6,480,9.2
2024-07-29,S03,高雄夢時代店,南區,C03,鮮食,72,83.4,0,0,0,130,5.9
2024-07-30,S03,高雄夢時代店,南區,C03,鮮食,81,81.7,0,0,1,258,6.0
2024-07-31,S03,高雄夢時代店,南區,C03,鮮食,69,79.6,0,0,2,140,6.1
2024-08-01,S03,高雄夢時代店,南區,C03,鮮食,68,88.9,0,0,3,217,5.6
2024-08-02,S03,高雄夢時代店,南區,C03,鮮食,116,66.7,1,0,4,221,6.6
2024-08-03,S03,高雄夢時代店,南區,C03,鮮食,115,82.8,0,1,5,300,9.0
2024-08-04,S03,高雄夢時代店,南區,C03,鮮食,123,77.3,0,1,6,387,9.1
2024-08-05,S03,高雄夢時代店,南區,C03,鮮食,62,76.8,0,0,0,235,4.7
2024-08-06,S03,高雄夢時代店,南區,C03,鮮食,97,76.3,0,0,1,206,6.3
2024-08-07,S03,高雄夢時代店,南區,C03,鮮食,96,68.6,0,0,2,261,6.4
2024-08-08,S03,高雄夢時代店,南區,C03,鮮食,82,73.0,0,0,3,277,6.6
2024-08-09,S03,高雄夢時代店,南區,C03,鮮食,90,80.1,0,0,4,214,6.6
2024-08-10,S03,高雄夢時代店,南區,C03,鮮食,214,67.9,1,1,5,603,11.2
2024-08-11,S03,高雄夢時代店,南區,C03,鮮食,151,82.4,0,1,6,405,9.4
2024-08-12,S03,高雄夢時代店,南區,C03,鮮食,90,76.1,0,0,0,215,6.1
2024-08-13,S03,高雄夢時代店,南區,C03,鮮食,104,82.2,0,0,1,355,6.9
2024-08-14,S03,高雄夢時代店,南區,C03,鮮食,105,80.8,0,0,2,196,6.8
2024-08-15,S03,高雄夢時代店,南區,C03,鮮食,109,71.0,0,0,3,285,6.8
2024-08-16,S03,高雄夢時代店,南區,C03,鮮食,87,85.1,0,0,4,171,5.9
2024-08-17,S03,高雄夢時代店,南區,C03,鮮食,132,74.7,0,1,5,481,9.4
2024-08-18,S03,高雄夢時代店,南區,C03,鮮食,148,67.2,0,1,6,405,9.0
2024-08-19,S03,高雄夢時代店,南區,C03,鮮食,66,80.0,0,0,0,245,5.5
2024-08-20,S03,高雄夢時代店,南區,C03,鮮食,74,77.9,0,0,1,139,6.0
2024-08-21,S03,高雄夢時代店,南區,C03,鮮食,98,66.9,1,0,2,356,6.9
2024-08-22,S03,高雄夢時代店,南區,C03,鮮食,81,80.8,0,0,3,287,6.1
2024-08-23,S03,高雄夢時代店,南區,C03,鮮食,87,77.3,0,0,4,267,6.1
2024-08-24,S03,高雄夢時代店,南區,C03,鮮食,153,80.0,0,1,5,532,10.3
2024-08-25,S03,高雄夢時代店,南區,C03,鮮食,123,77.6,0,1,6,431,8.8
2024-08-26,S03,高雄夢時代店,南區,C03,鮮食,81,83.4,0,0,0,220,5.9
2024-08-27,S03,高雄夢時代店,南區,C03,鮮食,88,77.2,0,0,1,235,6.5
2024-08-28,S03,高雄夢時代店,南區,C03,鮮食,79,80.3,0,0,2,270,6.1
2024-08-29,S03,高雄夢時代店,南區,C03,鮮食,74,83.3,0,0,3,125,5.7
2024-08-30,S03,高雄夢時代店,南區,C03,鮮食,84,80.7,0,0,4,172,6.0
2024-08-31,S03,高雄夢時代店,南區,C03,鮮食,131,78.6,0,1,5,335,9.5
2024-09-01,S03,高雄夢時代店,南區,C03,鮮食,156,84.1,0,1,6,312,9.3
2024-09-02,S03,高雄夢時代店,南區,C03,鮮食,85,77.0,0,0,0,152,6.6
2024-09-03,S03,高雄夢時代店,南區,C03,鮮食,86,81.5,0,0,1,305,6.2
2024-09-04,S03,高雄夢時代店,南區,C03,鮮食,89,80.9,0,0,2,200,6.8
2024-09-05,S03,高雄夢時代店,南區,C03,鮮食,86,75.5,0,0,3,276,5.9
2024-09-06,S03,高雄夢時代店,南區,C03,鮮食,91,85.1,0,0,4,302,5.5
2024-09-07,S03,高雄夢時代店,南區,C03,鮮食,123,79.6,0,1,5,352,9.0
2024-09-08,S03,高雄夢時代店,南區,C03,鮮食,143,81.3,0,1,6,259,9.4
2024-09-09,S03,高雄夢時代店,南區,C03,鮮食,90,85.5,0,0,0,164,6.2
2024-09-10,S03,高雄夢時代店,南區,C03,鮮食,92,78.0,0,0,1,319,6.6
2024-09-11,S03,高雄夢時代店,南區,C03,鮮食,83,70.7,0,0,2,153,5.8
2024-09-12,S03,高雄夢時代店,南區,C03,鮮食,96,72.6,0,0,3,225,5.7
2024-09-13,S03,高雄夢時代店,南區,C03,鮮食,104,69.7,1,0,4,332,6.7
2024-09-14,S03,高雄夢時代店,南區,C03,鮮食,126,81.2,0,1,5,230,9.1
2024-09-15,S03,高雄夢時代店,南區,C03,鮮食,132,75.1,0,1,6,296,10.0
2024-09-16,S03,高雄夢時代店,南區,C03,鮮食,75,84.1,0,0,0,242,5.8
2024-09-17,S03,高雄夢時代店,南區,C03,鮮食,77,88.2,0,0,1,219,6.6
2024-09-18,S03,高雄夢時代店,南區,C03,鮮食,97,77.7,0,0,2,283,6.5
2024-09-19,S03,高雄夢時代店,南區,C03,鮮食,91,80.8,0,0,3,293,6.7
2024-09-20,S03,高雄夢時代店,南區,C03,鮮食,85,84.2,0,0,4,174,6.4
2024-09-21,S03,高雄夢時代店,南區,C03,鮮食,150,80.0,0,1,5,318,9.5
2024-09-22,S03,高雄夢時代店,南區,C03,鮮食,110,76.3,0,1,6,334,8.4
2024-09-23,S03,高雄夢時代店,南區,C03,鮮食,82,81.0,0,0,0,299,5.9
2024-09-24,S03,高雄夢時代店,南區,C03,鮮食,122,65.8,1,0,1,322,7.0
2024-09-25,S03,高雄夢時代店,南區,C03,鮮食,74,76.2,0,0,2,174,6.0
2024-09-26,S03,高雄夢時代店,南區,C03,鮮食,69,81.4,0,0,3,203,5.5
2024-09-27,S03,高雄夢時代店,南區,C03,鮮食,96,89.2,0,0,4,319,6.5
2024-09-28,S03,高雄夢時代店,南區,C03,鮮食,134,77.7,0,1,5,417,9.7
2024-09-29,S03,高雄夢時代店,南區,C03,鮮食,141,88.4,0,1,6,345,9.9
2024-09-30,S03,高雄夢時代店,南區,C03,鮮食,84,80.0,0,0,0,168,5.2
2024-10-01,S03,高雄夢時代店,南區,C03,鮮食,82,81.0,0,0,1,223,6.5
2024-10-02,S03,高雄夢時代店,南區,C03,鮮食,73,79.2,0,0,2,152,6.3
2024-10-03,S03,高雄夢時代店,南區,C03,鮮食,88,76.6,0,0,3,174,6.1
2024-10-04,S03,高雄夢時代店,南區,C03,鮮食,83,82.9,0,0,4,173,5.5
2024-10-05,S03,高雄夢時代店,南區,C03,鮮食,139,75.9,0,1,5,448,9.1
2024-10-06,S03,高雄夢時代店,南區,C03,鮮食,134,72.8,0,1,6,397,9.7
2024-10-07,S03,高雄夢時代店,南區,C03,鮮食,68,81.7,0,0,0,150,5.3
2024-10-08,S03,高雄夢時代店,南區,C03,鮮食,80,75.5,0,0,1,157,7.4
2024-10-09,S03,高雄夢時代店,南區,C03,鮮食,78,77.9,0,0,2,206,5.6
2024-10-10,S03,高雄夢時代店,南區,C03,鮮食,102,81.6,0,1,3,263,8.8
2024-10-11,S03,高雄夢時代店,南區,C03,鮮食,89,72.5,0,0,4,313,7.0
2024-10-12,S03,高雄夢時代店,南區,C03,鮮食,113,84.0,0,1,5,282,9.4
2024-10-13,S03,高雄夢時代店,南區,C03,鮮食,203,74.1,1,1,6,609,11.3
2024-10-14,S03,高雄夢時代店,南區,C03,鮮食,71,74.4,0,0,0,243,5.3
2024-10-15,S03,高雄夢時代店,南區,C03,鮮食,79,80.7,0,0,1,198,5.8
2024-10-16,S03,高雄夢時代店,南區,C03,鮮食,81,79.9,0,0,2,167,6.4
2024-10-17,S03,高雄夢時代店,南區,C03,鮮食,79,85.0,0,0,3,167,6.3
2024-10-18,S03,高雄夢時代店,南區,C03,鮮食,78,85.4,0,0,4,262,6.1
2024-10-19,S03,高雄夢時代店,南區,C03,鮮食,112,79.8,0,1,5,231,9.0
2024-10-20,S03,高雄夢時代店,南區,C03,鮮食,126,79.7,0,1,6,341,9.7
2024-10-21,S03,高雄夢時代店,南區,C03,鮮食,82,72.3,1,0,0,153,5.6
2024-10-22,S03,高雄夢時代店,南區,C03,鮮食,68,74.8,0,0,1,185,6.1
2024-10-23,S03,高雄夢時代店,南區,C03,鮮食,79,75.3,0,0,2,210,6.2
2024-10-24,S03,高雄夢時代店,南區,C03,鮮食,90,77.7,0,0,3,262,6.3
2024-10-25,S03,高雄夢時代店,南區,C03,鮮食,105,85.2,0,0,4,270,7.1
2024-10-26,S03,高雄夢時代店,南區,C03,鮮食,147,73.3,0,1,5,471,10.9
2024-10-27,S03,高雄夢時代店,南區,C03,鮮食,134,84.1,0,1,6,332,9.5
2024-10-28,S03,高雄夢時代店,南區,C03,鮮食,61,77.7,0,0,0,179,5.6
2024-10-29,S03,高雄夢時代店,南區,C03,鮮食,87,77.7,0,0,1,187,6.1
2024-10-30,S03,高雄夢時代店,南區,C03,鮮食,66,78.0,0,0,2,168,6.5
2024-10-31,S03,高雄夢時代店,南區,C03,鮮食,79,81.9,0,0,3,205,6.6
2024-11-01,S03,高雄夢時代店,南區,C03,鮮食,86,81.0,0,0,4,244,6.5
2024-11-02,S03,高雄夢時代店,南區,C03,鮮食,140,77.5,0,1,5,356,9.1
2024-11-03,S03,高雄夢時代店,南區,C03,鮮食,135,82.9,0,1,6,228,9.8
2024-11-04,S03,高雄夢時代店,南區,C03,鮮食,55,80.6,0,0,0,110,5.5
2024-11-05,S03,高雄夢時代店,南區,C03,鮮食,87,74.9,0,0,1,254,5.4
2024-11-06,S03,高雄夢時代店,南區,C03,鮮食,77,81.4,0,0,2,258,5.8
2024-11-07,S03,高雄夢時代店,南區,C03,鮮食,86,75.2,0,0,3,178,5.8
2024-11-08,S03,高雄夢時代店,南區,C03,鮮食,85,75.8,0,0,4,305,6.2
2024-11-09,S03,高雄夢時代店,南區,C03,鮮食,115,82.9,0,1,5,257,7.9
2024-11-10,S03,高雄夢時代店,南區,C03,鮮食,140,78.0,0,1,6,359,9.5
2024-11-11,S03,高雄夢時代店,南區,C03,鮮食,97,76.8,1,0,0,326,6.3
2024-11-12,S03,高雄夢時代店,南區,C03,鮮食,81,73.8,0,0,1,236,6.1
2024-11-13,S03,高雄夢時代店,南區,C03,鮮食,68,86.0,0,0,2,142,6.7
2024-11-14,S03,高雄夢時代店,南區,C03,鮮食,85,79.1,0,0,3,179,6.1
2024-11-15,S03,高雄夢時代店,南區,C03,鮮食,80,84.3,0,0,4,233,5.5
2024-11-16,S03,高雄夢時代店,南區,C03,鮮食,182,65.5,1,1,5,358,10.3
2024-11-17,S03,高雄夢時代店,南區,C03,鮮食,130,72.5,0,1,6,298,10.6
2024-11-18,S03,高雄夢時代店,南區,C03,鮮食,76,85.4,0,0,0,180,6.2
2024-11-19,S03,高雄夢時代店,南區,C03,鮮食,52,92.4,0,0,1,175,5.7
2024-11-20,S03,高雄夢時代店,南區,C03,鮮食,104,73.5,1,0,2,302,7.4
2024-11-21,S03,高雄夢時代店,南區,C03,鮮食,98,65.7,1,0,3,171,6.2
2024-11-22,S03,高雄夢時代店,南區,C03,鮮食,82,75.6,0,0,4,169,5.5
2024-11-23,S03,高雄夢時代店,南區,C03,鮮食,121,75.8,0,1,5,427,9.6
2024-11-24,S03,高雄夢時代店,南區,C03,鮮食,174,65.0,1,1,6,460,10.7
2024-11-25,S03,高雄夢時代店,南區,C03,鮮食,61,82.7,0,0,0,132,5.5
2024-11-26,S03,高雄夢時代店,南區,C03,鮮食,84,80.7,0,0,1,237,6.1
2024-11-27,S03,高雄夢時代店,南區,C03,鮮食,89,73.5,0,0,2,322,5.6
2024-11-28,S03,高雄夢時代店,南區,C03,鮮食,64,83.6,0,0,3,187,5.3
2024-11-29,S03,高雄夢時代店,南區,C03,鮮食,89,79.4,0,0,4,201,6.1
2024-11-30,S03,高雄夢時代店,南區,C03,鮮食,120,81.2,0,1,5,378,8.6
2024-12-01,S03,高雄夢時代店,南區,C03,鮮食,119,80.2,0,1,6,354,8.7
2024-12-02,S03,高雄夢時代店,南區,C03,鮮食,70,79.5,0,0,0,127,6.5
2024-12-03,S03,高雄夢時代店,南區,C03,鮮食,73,85.2,0,0,1,190,6.2
2024-12-04,S03,高雄夢時代店,南區,C03,鮮食,80,77.7,0,0,2,185,6.2
2024-12-05,S03,高雄夢時代店,南區,C03,鮮食,105,69.8,1,0,3,224,7.1
2024-12-06,S03,高雄夢時代店,南區,C03,鮮食,70,84.6,0,0,4,170,7.1
2024-12-07,S03,高雄夢時代店,南區,C03,鮮食,158,71.9,1,1,5,257,10.3
2024-12-08,S03,高雄夢時代店,南區,C03,鮮食,165,70.9,1,1,6,435,9.8
2024-12-09,S03,高雄夢時代店,南區,C03,鮮食,85,77.3,0,0,0,146,6.6
2024-12-10,S03,高雄夢時代店,南區,C03,鮮食,60,78.2,0,0,1,139,6.3
2024-12-11,S03,高雄夢時代店,南區,C03,鮮食,73,85.9,0,0,2,215,6.6
2024-12-12,S03,高雄夢時代店,南區,C03,鮮食,84,74.5,0,0,3,234,6.9
2024-12-13,S03,高雄夢時代店,南區,C03,鮮食,100,80.5,0,0,4,212,6.4
2024-12-14,S03,高雄夢時代店,南區,C03,鮮食,146,74.7,0,1,5,442,10.2
2024-12-15,S03,高雄夢時代店,南區,C03,鮮食,97,79.7,0,1,6,341,9.1
2024-12-16,S03,高雄夢時代店,南區,C03,鮮食,80,78.1,0,0,0,258,5.3
2024-12-17,S03,高雄夢時代店,南區,C03,鮮食,76,80.7,0,0,1,246,6.7
2024-12-18,S03,高雄夢時代店,南區,C03,鮮食,126,64.9,1,0,2,229,7.4
2024-12-19,S03,高雄夢時代店,南區,C03,鮮食,59,80.5,0,0,3,137,4.8
2024-12-20,S03,高雄夢時代店,南區,C03,鮮食,101,80.7,0,0,4,176,6.7
2024-12-21,S03,高雄夢時代店,南區,C03,鮮食,126,81.1,0,1,5,399,9.5
2024-12-22,S03,高雄夢時代店,南區,C03,鮮食,188,64.8,1,1,6,674,10.8
2024-12-23,S03,高雄夢時代店,南區,C03,鮮食,87,77.3,0,0,0,167,5.4
2024-12-24,S03,高雄夢時代店,南區,C03,鮮食,68,73.2,0,0,1,135,5.7
2024-12-25,S03,高雄夢時代店,南區,C03,鮮食,128,69.0,1,1,2,330,9.4
2024-12-26,S03,高雄夢時代店,南區,C03,鮮食,114,67.0,1,0,3,361,7.2
2024-12-27,S03,高雄夢時代店,南區,C03,鮮食,101,81.9,0,0,4,271,7.0
2024-12-28,S03,高雄夢時代店,南區,C03,鮮食,178,64.2,1,1,5,314,10.2
2024-12-29,S03,高雄夢時代店,南區,C03,鮮食,135,77.0,0,1,6,368,9.6
2024-12-30,S03,高雄夢時代店,南區,C03,鮮食,74,77.7,0,0,0,203,5.8
2023-01-01,S03,高雄夢時代店,南區,C04,日用品,96,103.6,1,1,6,227,7.8
2023-01-02,S03,高雄夢時代店,南區,C04,日用品,39,120.8,0,0,0,93,4.3
2023-01-03,S03,高雄夢時代店,南區,C04,日用品,45,114.3,0,0,1,96,5.1
2023-01-04,S03,高雄夢時代店,南區,C04,日用品,31,123.5,0,0,2,83,4.8
2023-01-05,S03,高雄夢時代店,南區,C04,日用品,40,129.0,0,0,3,155,5.3
2023-01-06,S03,高雄夢時代店,南區,C04,日用品,49,123.3,0,0,4,147,5.3
2023-01-07,S03,高雄夢時代店,南區,C04,日用品,92,109.1,1,1,5,339,8.5
2023-01-08,S03,高雄夢時代店,南區,C04,日用品,60,127.8,0,1,6,152,6.9
2023-01-09,S03,高雄夢時代店,南區,C04,日用品,39,116.1,0,0,0,138,5.7
2023-01-10,S03,高雄夢時代店,南區,C04,日用品,62,105.8,0,0,1,107,5.7
2023-01-11,S03,高雄夢時代店,南區,C04,日用品,26,137.7,0,0,2,65,4.4
2023-01-12,S03,高雄夢時代店,南區,C04,日用品,59,94.6,1,0,3,182,5.3
2023-01-13,S03,高雄夢時代店,南區,C04,日用品,62,122.2,0,0,4,208,5.5
2023-01-14,S03,高雄夢時代店,南區,C04,日用品,65,112.5,0,1,5,209,8.6
2023-01-15,S03,高雄夢時代店,南區,C04,日用品,98,110.2,1,1,6,256,8.3
2023-01-16,S03,高雄夢時代店,南區,C04,日用品,41,100.2,1,0,0,80,5.6
2023-01-17,S03,高雄夢時代店,南區,C04,日用品,31,117.2,0,0,1,97,5.3
2023-01-18,S03,高雄夢時代店,南區,C04,日用品,54,120.0,0,0,2,188,5.0
2023-01-19,S03,高雄夢時代店,南區,C04,日用品,62,118.8,0,0,3,195,5.3
2023-01-20,S03,高雄夢時代店,南區,C04,日用品,55,112.8,0,0,4,182,5.2
2023-01-21,S03,高雄夢時代店,南區,C04,日用品,82,91.3,1,1,5,291,7.9
2023-01-22,S03,高雄夢時代店,南區,C04,日用品,84,113.3,0,1,6,313,7.1
2023-01-23,S03,高雄夢時代店,南區,C04,日用品,42,122.4,0,0,0,87,5.3
2023-01-24,S03,高雄夢時代店,南區,C04,日用品,44,125.2,0,0,1,103,4.6
2023-01-25,S03,高雄夢時代店,南區,C04,日用品,60,108.4,1,0,2,202,5.6
2023-01-26,S03,高雄夢時代店,南區,C04,日用品,42,124.7,0,0,3,166,5.1
2023-01-27,S03,高雄夢時代店,南區,C04,日用品,69,108.0,1,0,4,242,7.2
2023-01-28,S03,高雄夢時代店,南區,C04,日用品,63,116.5,0,1,5,199,8.6
2023-01-29,S03,高雄夢時代店,南區,C04,日用品,71,133.9,0,1,6,232,8.1
2023-01-30,S03,高雄夢時代店,南區,C04,日用品,59,102.7,1,0,0,213,5.5
2023-01-31,S03,高雄夢時代店,南區,C04,日用品,55,119.4,0,0,1,131,5.7
2023-02-01,S03,高雄夢時代店,南區,C04,日用品,52,121.6,0,0,2,122,5.0
2023-02-02,S03,高雄夢時代店,南區,C04,日用品,49,125.9,0,0,3,145,6.0
2023-02-03,S03,高雄夢時代店,南區,C04,日用品,51,107.1,0,0,4,124,4.7
2023-02-04,S03,高雄夢時代店,南區,C04,日用品,71,122.0,0,1,5,228,8.4
2023-02-05,S03,高雄夢時代店,南區,C04,日用品,76,126.1,0,1,6,192,7.6
2023-02-06,S03,高雄夢時代店,南區,C04,日用品,42,115.4,0,0,0,98,5.5
2023-02-07,S03,高雄夢時代店,南區,C04,日用品,35,125.0,0,0,1,97,4.9
2023-02-08,S03,高雄夢時代店,南區,C04,日用品,50,123.4,0,0,2,161,5.9
2023-02-09,S03,高雄夢時代店,南區,C04,日用品,42,129.2,0,0,3,108,5.5
2023-02-10,S03,高雄夢時代店,南區,C04,日用品,85,108.8,1,0,4,149,5.7
2023-02-11,S03,高雄夢時代店,南區,C04,日用品,63,107.0,0,1,5,116,7.2
2023-02-12,S03,高雄夢時代店,南區,C04,日用品,78,124.4,0,1,6,241,8.6
2023-02-13,S03,高雄夢時代店,南區,C04,日用品,59,118.5,0,0,0,192,5.7
2023-02-14,S03,高雄夢時代店,南區,C04,日用品,58,118.2,0,0,1,166,6.0
2023-02-15,S03,高雄夢時代店,南區,C04,日用品,53,116.1,0,0,2,115,4.8
2023-02-16,S03,高雄夢時代店,南區,C04,日用品,55,119.3,0,0,3,129,5.5
2023-02-17,S03,高雄夢時代店,南區,C04,日用品,57,117.7,0,0,4,215,5.7
2023-02-18,S03,高雄夢時代店,南區,C04,日用品,106,98.8,1,1,5,265,9.3
2023-02-19,S03,高雄夢時代店,南區,C04,日用品,72,113.2,0,1,6,221,8.1
2023-02-20,S03,高雄夢時代店,南區,C04,日用品,35,125.9,0,0,0,120,4.4
2023-02-21,S03,高雄夢時代店,南區,C04,日用品,46,120.2,0,0,1,92,6.4
2023-02-22,S03,高雄夢時代店,南區,C04,日用品,44,128.0,0,0,2,122,4.6
2023-02-23,S03,高雄夢時代店,南區,C04,日用品,35,128.6,0,0,3,118,4.9
2023-02-24,S03,高雄夢時代店,南區,C04,日用品,57,123.7,0,0,4,128,5.3
2023-02-25,S03,高雄夢時代店,南區,C04,日用品,71,113.7,0,1,5,200,8.1
2023-02-26,S03,高雄夢時代店,南區,C04,日用品,93,118.2,0,1,6,310,8.5
2023-02-27,S03,高雄夢時代店,南區,C04,日用品,40,118.3,0,0,0,90,5.0
2023-02-28,S03,高雄夢時代店,南區,C04,日用品,75,118.0,0,1,1,214,7.5
2023-03-01,S03,高雄夢時代店,南區,C04,日用品,50,122.5,0,0,2,177,5.1
2023-03-02,S03,高雄夢時代店,南區,C04,日用品,37,122.9,0,0,3,137,5.6
2023-03-03,S03,高雄夢時代店,南區,C04,日用品,63,119.2,0,0,4,175,6.0
2023-03-04,S03,高雄夢時代店,南區,C04,日用品,106,97.2,1,1,5,229,8.9
2023-03-05,S03,高雄夢時代店,南區,C04,日用品,83,116.6,0,1,6,269,8.5
2023-03-06,S03,高雄夢時代店,南區,C04,日用品,43,119.1,0,0,0,94,5.6
2023-03-07,S03,高雄夢時代店,南區,C04,日用品,59,101.9,1,0,1,216,5.4
2023-03-08,S03,高雄夢時代店,南區,C04,日用品,66,105.1,1,0,2,133,5.8
2023-03-09,S03,高雄夢時代店,南區,C04,日用品,52,126.5,0,0,3,172,4.7
2023-03-10,S03,高雄夢時代店,南區,C04,日用品,67,101.3,1,0,4,165,5.2
2023-03-11,S03,高雄夢時代店,南區,C04,日用品,87,118.4,0,1,5,208,7.6
2023-03-12,S03,高雄夢時代店,南區,C04,日用品,75,127.4,0,1,6,201,7.6
2023-03-13,S03,高雄夢時代店,南區,C04,日用品,40,123.8,0,0,0,144,5.3
2023-03-14,S03,高雄夢時代店,南區,C04,日用品,83,98.6,1,0,1,279,6.7
2023-03-15,S03,高雄夢時代店,南區,C04,日用品,59,122.2,0,0,2,218,5.2
2023-03-16,S03,高雄夢時代店,南區,C04,日用品,48,131.1,0,0,3,140,5.0
2023-03-17,S03,高雄夢時代店,南區,C04,日用品,56,118.9,0,0,4,112,5.8
2023-03-18,S03,高雄夢時代店,南區,C04,日用品,96,116.9,0,1,5,311,8.7
2023-03-19,S03,高雄夢時代店,南區,C04,日用品,74,128.2,0,1,6,238,8.6
2023-03-20,S03,高雄夢時代店,南區,C04,日用品,51,101.8,0,0,0,166,5.1
2023-03-21,S03,高雄夢時代店,南區,C04,日用品,48,115.3,0,0,1,117,5.2
2023-03-22,S03,高雄夢時代店,南區,C04,日用品,62,119.1,0,0,2,141,5.8
2023-03-23,S03,高雄夢時代店,南區,C04,日用品,41,123.6,0,0,3,97,5.9
2023-03-24,S03,高雄夢時代店,南區,C04,日用品,59,114.3,0,0,4,195,6.0
2023-03-25,S03,高雄夢時代店,南區,C04,日用品,71,122.9,0,1,5,215,8.0
2023-03-26,S03,高雄夢時代店,南區,C04,日用品,95,124.9,0,1,6,245,8.8
2023-03-27,S03,高雄夢時代店,南區,C04,日用品,47,112.8,0,0,0,136,5.2
2023-03-28,S03,高雄夢時代店,南區,C04,日用品,49,122.1,0,0,1,183,5.3
2023-03-29,S03,高雄夢時代店,南區,C04,日用品,52,120.6,0,0,2,107,5.4
2023-03-30,S03,高雄夢時代店,南區,C04,日用品,57,117.1,0,0,3,159,5.3
2023-03-31,S03,高雄夢時代店,南區,C04,日用品,63,107.4,0,0,4,143,5.5
2023-04-01,S03,高雄夢時代店,南區,C04,日用品,93,115.3,0,1,5,322,8.0
2023-04-02,S03,高雄夢時代店,南區,C04,日用品,88,123.8,0,1,6,154,8.6
2023-04-03,S03,高雄夢時代店,南區,C04,日用品,46,111.2,0,0,0,124,5.1
2023-04-04,S03,高雄夢時代店,南區,C04,日用品,77,125.1,0,1,1,262,8.3
2023-04-05,S03,高雄夢時代店,南區,C04,日用品,55,122.2,0,1,2,127,7.1
2023-04-06,S03,高雄夢時代店,南區,C04,日用品,58,110.5,0,0,3,148,5.1
2023-04-07,S03,高雄夢時代店,南區,C04,日用品,61,123.7,0,0,4,219,5.8
2023-04-08,S03,高雄夢時代店,南區,C04,日用品,105,101.1,1,1,5,247,8.1
2023-04-09,S03,高雄夢時代店,南區,C04,日用品,120,105.2,1,1,6,235,9.9
2023-04-10,S03,高雄夢時代店,南區,C04,日用品,51,118.5,0,0,0,105,6.5
2023-04-11,S03,高雄夢時代店,南區,C04,日用品,54,119.4,0,0,1,177,6.1
2023-04-12,S03,高雄夢時代店,南區,C04,日用品,48,125.0,0,0,2,93,4.8
2023-04-13,S03,高雄夢時代店,南區,C04,日用品,64,121.6,0,0,3,143,4.3
2023-04-14,S03,高雄夢時代店,南區,C04,日用品,52,127.6,0,0,4,101,5.3
2023-04-15,S03,高雄夢時代店,南區,C04,日用品,86,126.4,0,1,5,220,8.4
2023-04-16,S03,高雄夢時代店,南區,C04,日用品,95,115.1,0,1,6,213,9.4
2023-04-17,S03,高雄夢時代店,南區,C04,日用品,48,112.6,0,0,0,156,5.6
2023-04-18,S03,高雄夢時代店,南區,C04,日用品,69,119.2,0,0,1,184,5.9
2023-04-19,S03,高雄夢時代店,南區,C04,日用品,46,124.3,0,0,2,141,5.5
2023-04-20,S03,高雄夢時代店,南區,C04,日用品,62,119.8,0,0,3,225,5.0
2023-04-21,S03,高雄夢時代店,南區,C04,日用品,50,118.7,0,0,4,133,5.4
2023-04-22,S03,高雄夢時代店,南區,C04,日用品,105,112.0,0,1,5,277,8.8
2023-04-23,S03,高雄夢時代店,南區,C04,日用品,99,124.4,0,1,6,343,9.0
2023-04-24,S03,高雄夢時代店,南區,C04,日用品,44,116.9,0,0,0,99,6.2
2023-04-25,S03,高雄夢時代店,南區,C04,日用品,57,119.3,0,0,1,121,4.0
2023-04-26,S03,高雄夢時代店,南區,C04,日用品,75,114.4,0,0,2,176,6.4
2023-04-27,S03,高雄夢時代店,南區,C04,日用品,82,99.3,1,0,3,268,5.6
2023-04-28,S03,高雄夢時代店,南區,C04,日用品,73,118.9,0,0,4,270,5.0
2023-04-29,S03,高雄夢時代店,南區,C04,日用品,125,100.5,1,1,5,372,9.3
2023-04-30,S03,高雄夢時代店,南區,C04,日用品,98,125.3,0,1,6,230,8.7
2023-05-01,S03,高雄夢時代店,南區,C04,日用品,63,114.0,0,1,0,169,7.7
2023-05-02,S03,高雄夢時代店,南區,C04,日用品,72,134.3,0,0,1,200,4.9
2023-05-03,S03,高雄夢時代店,南區,C04,日用品,64,125.4,0,0,2,160,5.0
2023-05-04,S03,高雄夢時代店,南區,C04,日用品,66,119.6,0,0,3,121,5.1
2023-05-05,S03,高雄夢時代店,南區,C04,日用品,83,110.9,0,0,4,175,6.2
2023-05-06,S03,高雄夢時代店,南區,C04,日用品,84,121.3,0,1,5,158,8.3
2023-05-07,S03,高雄夢時代店,南區,C04,日用品,86,118.7,0,1,6,229,8.0
2023-05-08,S03,高雄夢時代店,南區,C04,日用品,47,119.8,0,0,0,120,5.8
2023-05-09,S03,高雄夢時代店,南區,C04,日用品,62,106.6,1,0,1,215,5.6
2023-05-10,S03,高雄夢時代店,南區,C04,日用品,50,125.2,0,0,2,178,6.0
2023-05-11,S03,高雄夢時代店,南區,C04,日用品,78,124.7,0,0,3,151,5.9
2023-05-12,S03,高雄夢時代店,南區,C04,日用品,106,101.1,1,0,4,233,6.6
2023-05-13,S03,高雄夢時代店,南區,C04,日用品,94,129.7,0,1,5,284,8.9
2023-05-14,S03,高雄夢時代店,南區,C04,日用品,102,119.6,0,1,6,287,9.2
2023-05-15,S03,高雄夢時代店,南區,C04,日用品,53,122.0,0,0,0,157,4.6
2023-05-16,S03,高雄夢時代店,南區,C04,日用品,63,123.5,0,0,1,185,4.8
2023-05-17,S03,高雄夢時代店,南區,C04,日用品,53,125.4,0,0,2,172,4.6
2023-05-18,S03,高雄夢時代店,南區,C04,日用品,54,116.7,0,0,3,215,6.2
2023-05-19,S03,高雄夢時代店,南區,C04,日用品,57,121.2,0,0,4,206,5.0
2023-05-20,S03,高雄夢時代店,南區,C04,日用品,88,110.1,0,1,5,227,8.3
2023-05-21,S03,高雄夢時代店,南區,C04,日用品,127,106.1,0,1,6,253,8.4
2023-05-22,S03,高雄夢時代店,南區,C04,日用品,48,122.5,0,0,0,97,5.5
2023-05-23,S03,高雄夢時代店,南區,C04,日用品,69,112.1,0,0,1,138,6.5
2023-05-24,S03,高雄夢時代店,南區,C04,日用品,57,119.5,0,0,2,158,5.1
2023-05-25,S03,高雄夢時代店,南區,C04,日用品,57,113.9,0,0,3,168,5.2
2023-05-26,S03,高雄夢時代店,南區,C04,日用品,70,113.4,0,0,4,144,4.9
2023-05-27,S03,高雄夢時代店,南區,C04,日用品,109,122.5,0,1,5,295,8.1
2023-05-28,S03,高雄夢時代店,南區,C04,日用品,86,116.0,0,1,6,240,7.6
2023-05-29,S03,高雄夢時代店,南區,C04,日用品,52,124.0,0,0,0,195,5.0
2023-05-30,S03,高雄夢時代店,南區,C04,日用品,76,115.5,0,0,1,135,6.4
2023-05-31,S03,高雄夢時代店,南區,C04,日用品,76,121.9,0,0,2,194,5.5
2023-06-01,S03,高雄夢時代店,南區,C04,日用品,61,116.1,0,0,3,221,5.6
2023-06-02,S03,高雄夢時代店,南區,C04,日用品,68,119.5,0,0,4,173,6.0
2023-06-03,S03,高雄夢時代店,南區,C04,日用品,135,101.0,1,1,5,481,9.8
2023-06-04,S03,高雄夢時代店,南區,C04,日用品,106,119.2,0,1,6,367,8.5
2023-06-05,S03,高雄夢時代店,南區,C04,日用品,55,117.9,0,0,0,167,6.0
2023-06-06,S03,高雄夢時代店,南區,C04,日用品,70,117.8,0,0,1,196,5.5
2023-06-07,S03,高雄夢時代店,南區,C04,日用品,63,130.2,0,0,2,135,5.7
2023-06-08,S03,高雄夢時代店,南區,C04,日用品,56,116.2,0,0,3,188,5.4
2023-06-09,S03,高雄夢時代店,南區,C04,日用品,73,117.0,0,0,4,179,6.5
2023-06-10,S03,高雄夢時代店,南區,C04,日用品,117,115.8,0,1,5,338,8.8
2023-06-11,S03,高雄夢時代店,南區,C04,日用品,102,112.9,0,1,6,270,7.4
2023-06-12,S03,高雄夢時代店,南區,C04,日用品,66,120.7,0,0,0,136,6.0
2023-06-13,S03,高雄夢時代店,南區,C04,日用品,54,122.6,0,0,1,201,5.6
2023-06-14,S03,高雄夢時代店,南區,C04,日用品,63,123.7,0,0,2,177,5.7
2023-06-15,S03,高雄夢時代店,南區,C04,日用品,94,104.4,1,0,3,243,6.5
2023-06-16,S03,高雄夢時代店,南區,C04,日用品,66,122.1,0,0,4,173,5.8
2023-06-17,S03,高雄夢時代店,南區,C04,日用品,102,117.0,0,1,5,331,7.9
2023-06-18,S03,高雄夢時代店,南區,C04,日用品,108,108.9,0,1,6,377,7.6
2023-06-19,S03,高雄夢時代店,南區,C04,日用品,55,126.9,0,0,0,166,5.9
2023-06-20,S03,高雄夢時代店,南區,C04,日用品,61,123.5,0,0,1,189,5.5
2023-06-21,S03,高雄夢時代店,南區,C04,日用品,47,113.9,0,0,2,162,6.0
2023-06-22,S03,高雄夢時代店,南區,C04,日用品,75,120.7,0,0,3,241,5.6
2023-06-23,S03,高雄夢時代店,南區,C04,日用品,82,127.1,0,0,4,234,6.2
2023-06-24,S03,高雄夢時代店,南區,C04,日用品,103,112.4,0,1,5,178,8.4
2023-06-25,S03,高雄夢時代店,南區,C04,日用品,83,129.2,0,1,6,211,7.8
2023-06-26,S03,高雄夢時代店,南區,C04,日用品,68,124.2,0,0,0,210,5.3
2023-06-27,S03,高雄夢時代店,南區,C04,日用品,64,126.4,0,0,1,149,5.6
2023-06-28,S03,高雄夢時代店,南區,C04,日用品,39,117.8,0,0,2,109,4.5
2023-06-29,S03,高雄夢時代店,南區,C04,日用品,74,113.3,1,0,3,149,5.6
2023-06-30,S03,高雄夢時代店,南區,C04,日用品,60,117.6,0,0,4,199,4.8
2023-07-01,S03,高雄夢時代店,南區,C04,日用品,102,126.6,0,1,5,280,8.3
2023-07-02,S03,高雄夢時代店,南區,C04,日用品,92,123.8,0,1,6,337,8.5
2023-07-03,S03,高雄夢時代店,南區,C04,日用品,58,126.4,0,0,0,220,6.4
2023-07-04,S03,高雄夢時代店,南區,C04,日用品,66,112.6,0,0,1,179,4.7
2023-07-05,S03,高雄夢時代店,南區,C04,日用品,64,116.5,0,0,2,154,6.6
2023-07-06,S03,高雄夢時代店,南區,C04,日用品,55,127.3,0,0,3,154,4.7
2023-07-07,S03,高雄夢時代店,南區,C04,日用品,78,120.0,0,0,4,271,7.0
2023-07-08,S03,高雄夢時代店,南區,C04,日用品,96,120.4,0,1,5,182,9.4
2023-07-09,S03,高雄夢時代店,南區,C04,日用品,112,126.7,0,1,6,382,9.4
2023-07-10,S03,高雄夢時代店,南區,C04,日用品,81,102.1,1,0,0,228,5.4
2023-07-11,S03,高雄夢時代店,南區,C04,日用品,84,98.8,1,0,1,281,5.6
2023-07-12,S03,高雄夢時代店,南區,C04,日用品,70,122.7,0,0,2,191,5.2
2023-07-13,S03,高雄夢時代店,南區,C04,日用品,63,128.2,0,0,3,165,5.2
2023-07-14,S03,高雄夢時代店,南區,C04,日用品,76,119.4,0,0,4,154,6.6
2023-07-15,S03,高雄夢時代店,南區,C04,日用品,107,118.3,0,1,5,231,9.4
2023-07-16,S03,高雄夢時代店,南區,C04,日用品,120,121.1,0,1,6,237,9.1
2023-07-17,S03,高雄夢時代店,南區,C04,日用品,64,117.2,0,0,0,111,5.5
2023-07-18,S03,高雄夢時代店,南區,C04,日用品,57,118.3,0,0,1,116,5.0
2023-07-19,S03,高雄夢時代店,南區,C04,日用品,64,115.9,0,0,2,240,6.2
2023-07-20,S03,高雄夢時代店,南區,C04,日用品,84,112.9,0,0,3,205,5.7
2023-07-21,S03,高雄夢時代店,南區,C04,日用品,77,120.5,0,0,4,268,5.7
2023-07-22,S03,高雄夢時代店,南區,C04,日用品,112,116.2,0,1,5,328,9.4
2023-07-23,S03,高雄夢時代店,南區,C04,日用品,119,126.6,0,1,6,299,9.0
2023-07-24,S03,高雄夢時代店,南區,C04,日用品,62,116.6,0,0,0,199,5.4
2023-07-25,S03,高雄夢時代店,南區,C04,日用品,58,123.4,0,0,1,116,5.2
2023-07-26,S03,高雄夢時代店,南區,C04,日用品,70,118.7,0,0,2,197,6.7
2023-07-27,S03,高雄夢時代店,南區,C04,日用品,68,121.6,0,0,3,248,6.1
2023-07-28,S03,高雄夢時代店,南區,C04,日用品,63,114.7,0,0,4,185,5.6
2023-07-29,S03,高雄夢時代店,南區,C04,日用品,106,113.3,0,1,5,283,9.0
2023-07-30,S03,高雄夢時代店,南區,C04,日用品,101,114.7,0,1,6,324,8.7
2023-07-31,S03,高雄夢時代店,南區,C04,日用品,62,120.6,0,0,0,227,5.9
2023-08-01,S03,高雄夢時代店,南區,C04,日用品,62,107.3,0,0,1,156,6.6
2023-08-02,S03,高雄夢時代店,南區,C04,日用品,67,119.9,0,0,2,196,6.0
2023-08-03,S03,高雄夢時代店,南區,C04,日用品,81,129.0,0,0,3,238,7.0
2023-08-04,S03,高雄夢時代店,南區,C04,日用品,74,116.1,0,0,4,184,5.8
2023-08-05,S03,高雄夢時代店,南區,C04,日用品,98,112.2,0,1,5,210,9.0
2023-08-06,S03,高雄夢時代店,南區,C04,日用品,117,108.1,1,1,6,342,8.9
2023-08-07,S03,高雄夢時代店,南區,C04,日用品,61,111.5,0,0,0,188,5.5
2023-08-08,S03,高雄夢時代店,南區,C04,日用品,75,125.6,0,0,1,244,5.3
2023-08-09,S03,高雄夢時代店,南區,C04,日用品,62,118.3,0,0,2,190,5.5
2023-08-10,S03,高雄夢時代店,南區,C04,日用品,68,123.1,0,0,3,131,5.3
2023-08-11,S03,高雄夢時代店,南區,C04,日用品,61,122.5,0,0,4,142,6.3
2023-08-12,S03,高雄夢時代店,南區,C04,日用品,91,124.3,0,1,5,190,8.0
2023-08-13,S03,高雄夢時代店,南區,C04,日用品,132,105.3,1,1,6,357,8.1
2023-08-14,S03,高雄夢時代店,南區,C04,日用品,54,118.1,0,0,0,143,5.2
2023-08-15,S03,高雄夢時代店,南區,C04,日用品,99,100.4,1,0,1,180,6.9
2023-08-16,S03,高雄夢時代店,南區,C04,日用品,61,121.7,0,0,2,234,4.8
2023-08-17,S03,高雄夢時代店,南區,C04,日用品,59,117.7,0,0,3,147,6.0
2023-08-18,S03,高雄夢時代店,南區,C04,日用品,69,108.6,0,0,4,214,6.0
2023-08-19,S03,高雄夢時代店,南區,C04,日用品,69,122.8,0,1,5,240,7.7
2023-08-20,S03,高雄夢時代店,南區,C04,日用品,115,125.4,0,1,6,315,8.4
2023-08-21,S03,高雄夢時代店,南區,C04,日用品,50,121.5,0,0,0,182,4.6
2023-08-22,S03,高雄夢時代店,南區,C04,日用品,53,122.5,0,0,1,103,5.7
2023-08-23,S03,高雄夢時代店,南區,C04,日用品,43,129.7,0,0,2,141,4.7
2023-08-24,S03,高雄夢時代店,南區,C04,日用品,48,122.3,0,0,3,175,4.9
2023-08-25,S03,高雄夢時代店,南區,C04,日用品,69,124.3,0,0,4,220,6.2
2023-08-26,S03,高雄夢時代店,南區,C04,日用品,101,125.3,0,1,5,222,8.7
2023-08-27,S03,高雄夢時代店,南區,C04,日用品,125,112.9,0,1,6,203,8.7
2023-08-28,S03,高雄夢時代店,南區,C04,日用品,55,122.6,0,0,0,159,5.1
2023-08-29,S03,高雄夢時代店,南區,C04,日用品,72,122.5,0,0,1,177,6.5
2023-08-30,S03,高雄夢時代店,南區,C04,日用品,63,115.5,0,0,2,204,4.5
2023-08-31,S03,高雄夢時代店,南區,C04,日用品,65,108.0,0,0,3,137,5.6
2023-09-01,S03,高雄夢時代店,南區,C04,日用品,68,121.8,0,0,4,168,5.6
2023-09-02,S03,高雄夢時代店,南區,C04,日用品,148,95.2,1,1,5,284,9.7
2023-09-03,S03,高雄夢時代店,南區,C04,日用品,107,120.5,0,1,6,385,7.7
2023-09-04,S03,高雄夢時代店,南區,C04,日用品,42,113.3,0,0,0,99,4.7
2023-09-05,S03,高雄夢時代店,南區,C04,日用品,63,117.7,0,0,1,197,6.7
2023-09-06,S03,高雄夢時代店,南區,C04,日用品,63,108.8,0,0,2,184,5.1
2023-09-07,S03,高雄夢時代店,南區,C04,日用品,54,118.7,0,0,3,143,5.3
2023-09-08,S03,高雄夢時代店,南區,C04,日用品,72,135.0,0,0,4,255,6.6
2023-09-09,S03,高雄夢時代店,南區,C04,日用品,111,116.7,0,1,5,364,9.5
2023-09-10,S03,高雄夢時代店,南區,C04,日用品,103,122.3,0,1,6,238,9.3
2023-09-11,S03,高雄夢時代店,南區,C04,日用品,47,123.0,0,0,0,109,5.6
2023-09-12,S03,高雄夢時代店,南區,C04,日用品,94,94.2,1,0,1,238,6.8
2023-09-13,S03,高雄夢時代店,南區,C04,日用品,81,92.3,1,0,2,258,5.8
2023-09-14,S03,高雄夢時代店,南區,C04,日用品,71,107.3,0,0,3,202,5.0
2023-09-15,S03,高雄夢時代店,南區,C04,日用品,70,117.8,0,0,4,138,4.9
2023-09-16,S03,高雄夢時代店,南區,C04,日用品,101,121.3,0,1,5,308,9.2
2023-09-17,S03,高雄夢時代店,南區,C04,日用品,118,96.7,1,1,6,313,9.0
2023-09-18,S03,高雄夢時代店,南區,C04,日用品,54,119.0,0,0,0,173,5.3
2023-09-19,S03,高雄夢時代店,南區,C04,日用品,50,119.5,0,0,1,151,5.6
2023-09-20,S03,高雄夢時代店,南區,C04,日用品,66,121.3,0,0,2,213,5.6
2023-09-21,S03,高雄夢時代店,南區,C04,日用品,51,134.4,0,0,3,202,6.1
2023-09-22,S03,高雄夢時代店,南區,C04,日用品,64,107.0,0,0,4,208,5.5
2023-09-23,S03,高雄夢時代店,南區,C04,日用品,84,119.9,0,1,5,276,7.8
2023-09-24,S03,高雄夢時代店,南區,C04,日用品,96,114.8,0,1,6,322,8.8
2023-09-25,S03,高雄夢時代店,南區,C04,日用品,48,113.0,0,0,0,113,5.2
2023-09-26,S03,高雄夢時代店,南區,C04,日用品,46,133.9,0,0,1,98,5.6
2023-09-27,S03,高雄夢時代店,南區,C04,日用品,61,114.3,0,0,2,149,5.4
2023-09-28,S03,高雄夢時代店,南區,C04,日用品,70,104.4,0,0,3,240,5.6
2023-09-29,S03,高雄夢時代店,南區,C04,日用品,68,121.4,0,0,4,151,5.5
2023-09-30,S03,高雄夢時代店,南區,C04,日用品,99,124.7,0,1,5,261,9.0
2023-10-01,S03,高雄夢時代店,南區,C04,日用品,81,119.4,0,1,6,214,8.9
2023-10-02,S03,高雄夢時代店,南區,C04,日用品,57,125.0,0,0,0,141,5.3
2023-10-03,S03,高雄夢時代店,南區,C04,日用品,53,115.3,0,0,1,115,6.0
2023-10-04,S03,高雄夢時代店,南區,C04,日用品,61,123.2,0,0,2,204,5.5
2023-10-05,S03,高雄夢時代店,南區,C04,日用品,51,127.8,0,0,3,137,5.1
2023-10-06,S03,高雄夢時代店,南區,C04,日用品,62,119.3,0,0,4,223,5.7
2023-10-07,S03,高雄夢時代店,南區,C04,日用品,95,118.3,0,1,5,182,8.6
2023-10-08,S03,高雄夢時代店,南區,C04,日用品,119,125.0,0,1,6,401,10.4
2023-10-09,S03,高雄夢時代店,南區,C04,日用品,56,127.1,0,0,0,194,6.4
2023-10-10,S03,高雄夢時代店,南區,C04,日用品,76,121.3,0,1,1,139,7.4
2023-10-11,S03,高雄夢時代店,南區,C04,日用品,54,119.1,0,0,2,194,5.6
2023-10-12,S03,高雄夢時代店,南區,C04,日用品,55,121.9,0,0,3,178,6.2
2023-10-13,S03,高雄夢時代店,南區,C04,日用品,62,125.7,0,0,4,150,5.4
2023-10-14,S03,高雄夢時代店,南區,C04,日用品,81,123.4,0,1,5,217,7.9
2023-10-15,S03,高雄夢時代店,南區,C04,日用品,97,120.4,0,1,6,218,8.5
2023-10-16,S03,高雄夢時代店,南區,C04,日用品,34,121.2,0,0,0,113,5.1
2023-10-17,S03,高雄夢時代店,南區,C04,日用品,75,117.3,0,0,1,182,5.3
2023-10-18,S03,高雄夢時代店,南區,C04,日用品,52,118.4,0,0,2,182,5.7
2023-10-19,S03,高雄夢時代店,南區,C04,日用品,78,100.6,1,0,3,285,6.6
2023-10-20,S03,高雄夢時代店,南區,C04,日用品,70,118.5,0,0,4,247,5.0
2023-10-21,S03,高雄夢時代店,南區,C04,日用品,93,117.7,0,1,5,283,8.1
2023-10-22,S03,高雄夢時代店,南區,C04,日用品,87,115.5,0,1,6,173,7.8
2023-10-23,S03,高雄夢時代店,南區,C04,日用品,66,100.8,1,0,0,240,5.8
2023-10-24,S03,高雄夢時代店,南區,C04,日用品,55,106.3,0,0,1,198,5.8
2023-10-25,S03,高雄夢時代店,南區,C04,日用品,51,120.2,0,0,2,164,4.7
2023-10-26,S03,高雄夢時代店,南區,C04,日用品,61,123.5,0,0,3,145,5.7
2023-10-27,S03,高雄夢時代店,南區,C04,日用品,47,122.7,0,0,4,171,5.3
2023-10-28,S03,高雄夢時代店,南區,C04,日用品,77,122.2,0,1,5,226,7.1
2023-10-29,S03,高雄夢時代店,南區,C04,日用品,82,114.8,0,1,6,231,9.2
2023-10-30,S03,高雄夢時代店,南區,C04,日用品,44,123.8,0,0,0,145,5.3
2023-10-31,S03,高雄夢時代店,南區,C04,日用品,58,114.2,0,0,1,187,5.2
2023-11-01,S03,高雄夢時代店,南區,C04,日用品,43,121.1,0,0,2,152,4.8
2023-11-02,S03,高雄夢時代店,南區,C04,日用品,55,114.3,0,0,3,178,5.2
2023-11-03,S03,高雄夢時代店,南區,C04,日用品,55,125.9,0,0,4,113,6.0
2023-11-04,S03,高雄夢時代店,南區,C04,日用品,78,116.4,0,1,5,198,8.0
2023-11-05,S03,高雄夢時代店,南區,C04,日用品,78,119.2,0,1,6,204,7.6
2023-11-06,S03,高雄夢時代店,南區,C04,日用品,52,115.1,0,0,0,123,5.6
2023-11-07,S03,高雄夢時代店,南區,C04,日用品,59,107.1,1,0,1,174,7.0
2023-11-08,S03,高雄夢時代店,南區,C04,日用品,50,128.2,0,0,2,133,5.4
2023-11-09,S03,高雄夢時代店,南區,C04,日用品,35,114.7,0,0,3,76,5.3
2023-11-10,S03,高雄夢時代店,南區,C04,日用品,54,124.1,0,0,4,145,4.8
2023-11-11,S03,高雄夢時代店,南區,C04,日用品,87,127.2,0,1,5,320,8.2
2023-11-12,S03,高雄夢時代店,南區,C04,日用品,61,119.2,0,1,6,134,7.1
2023-11-13,S03,高雄夢時代店,南區,C04,日用品,61,123.7,0,0,0,218,4.7
2023-11-14,S03,高雄夢時代店,南區,C04,日用品,62,119.9,0,0,1,145,5.6
2023-11-15,S03,高雄夢時代店,南區,C04,日用品,46,114.8,0,0,2,131,5.8
2023-11-16,S03,高雄夢時代店,南區,C04,日用品,55,129.3,0,0,3,105,5.9
2023-11-17,S03,高雄夢時代店,南區,C04,日用品,48,114.2,0,0,4,109,5.2
2023-11-18,S03,高雄夢時代店,南區,C04,日用品,86,123.1,0,1,5,170,8.5
2023-11-19,S03,高雄夢時代店,南區,C04,日用品,72,118.2,0,1,6,258,7.3
2023-11-20,S03,高雄夢時代店,南區,C04,日用品,49,122.9,0,0,0,115,5.9
2023-11-21,S03,高雄夢時代店,南區,C04,日用品,51,123.2,0,0,1,146,4.6
2023-11-22,S03,高雄夢時代店,南區,C04,日用品,52,115.3,0,0,2,127,4.8
2023-11-23,S03,高雄夢時代店,南區,C04,日用品,50,124.4,0,0,3,125,4.7
2023-11-24,S03,高雄夢時代店,南區,C04,日用品,65,103.5,0,0,4,120,6.6
2023-11-25,S03,高雄夢時代店,南區,C04,日用品,83,111.0,0,1,5,210,7.5
2023-11-26,S03,高雄夢時代店,南區,C04,日用品,89,111.0,0,1,6,269,8.0
2023-11-27,S03,高雄夢時代店,南區,C04,日用品,43,127.7,0,0,0,113,5.0
2023-11-28,S03,高雄夢時代店,南區,C04,日用品,55,117.4,0,0,1,181,6.3
2023-11-29,S03,高雄夢時代店,南區,C04,日用品,43,122.7,0,0,2,141,4.8
2023-11-30,S03,高雄夢時代店,南區,C04,日用品,50,122.0,0,0,3,182,5.1
2023-12-01,S03,高雄夢時代店,南區,C04,日用品,56,116.0,0,0,4,136,4.7
2023-12-02,S03,高雄夢時代店,南區,C04,日用品,78,112.7,0,1,5,244,7.0
2023-12-03,S03,高雄夢時代店,南區,C04,日用品,67,115.2,0,1,6,160,8.1
2023-12-04,S03,高雄夢時代店,南區,C04,日用品,42,122.3,0,0,0,155,4.9
2023-12-05,S03,高雄夢時代店,南區,C04,日用品,58,127.0,0,0,1,143,5.4
2023-12-06,S03,高雄夢時代店,南區,C04,日用品,53,119.3,0,0,2,150,4.8
2023-12-07,S03,高雄夢時代店,南區,C04,日用品,39,125.7,0,0,3,157,4.9
2023-12-08,S03,高雄夢時代店,南區,C04,日用品,59,92.4,1,0,4,113,4.9
2023-12-09,S03,高雄夢時代店,南區,C04,日用品,81,115.0,0,1,5,162,7.9
2023-12-10,S03,高雄夢時代店,南區,C04,日用品,69,114.6,0,1,6,124,6.8
2023-12-11,S03,高雄夢時代店,南區,C04,日用品,24,126.3,0,0,0,88,4.3
2023-12-12,S03,高雄夢時代店,南區,C04,日用品,44,119.2,0,0,1,179,4.9
2023-12-13,S03,高雄夢時代店,南區,C04,日用品,33,121.3,0,0,2,99,5.6
2023-12-14,S03,高雄夢時代店,南區,C04,日用品,46,114.9,0,0,3,143,4.8
2023-12-15,S03,高雄夢時代店,南區,C04,日用品,78,113.5,0,0,4,251,5.9
2023-12-16,S03,高雄夢時代店,南區,C04,日用品,70,125.7,0,1,5,163,7.8
2023-12-17,S03,高雄夢時代店,南區,C04,日用品,90,116.9,0,1,6,284,7.6
2023-12-18,S03,高雄夢時代店,南區,C04,日用品,47,132.4,0,0,0,128,4.7
2023-12-19,S03,高雄夢時代店,南區,C04,日用品,62,100.0,1,0,1,174,5.4
2023-12-20,S03,高雄夢時代店,南區,C04,日用品,57,118.1,0,0,2,197,5.2
2023-12-21,S03,高雄夢時代店,南區,C04,日用品,43,121.5,0,0,3,90,4.7
2023-12-22,S03,高雄夢時代店,南區,C04,日用品,57,123.4,0,0,4,188,5.0
2023-12-23,S03,高雄夢時代店,南區,C04,日用品,77,125.5,0,1,5,280,8.1
2023-12-24,S03,高雄夢時代店,南區,C04,日用品,81,128.6,0,1,6,237,8.9
2023-12-25,S03,高雄夢時代店,南區,C04,日用品,59,117.1,0,1,0,125,7.1
2023-12-26,S03,高雄夢時代店,南區,C04,日用品,72,100.5,1,0,1,273,5.6
2023-12-27,S03,高雄夢時代店,南區,C04,日用品,49,126.1,0,0,2,134,5.2
2023-12-28,S03,高雄夢時代店,南區,C04,日用品,63,114.0,0,0,3,174,5.5
2023-12-29,S03,高雄夢時代店,南區,C04,日用品,48,118.8,0,0,4,114,5.0
2023-12-30,S03,高雄夢時代店,南區,C04,日用品,84,111.0,0,1,5,157,8.1
2023-12-31,S03,高雄夢時代店,南區,C04,日用品,89,113.7,0,1,6,200,8.2
2024-01-01,S03,高雄夢時代店,南區,C04,日用品,75,127.2,0,1,0,152,7.6
2024-01-02,S03,高雄夢時代店,南區,C04,日用品,53,126.8,0,0,1,141,5.9
2024-01-03,S03,高雄夢時代店,南區,C04,日用品,62,118.4,0,0,2,170,5.5
2024-01-04,S03,高雄夢時代店,南區,C04,日用品,44,109.9,0,0,3,139,4.7
2024-01-05,S03,高雄夢時代店,南區,C04,日用品,66,113.3,0,0,4,215,5.6
2024-01-06,S03,高雄夢時代店,南區,C04,日用品,94,129.7,0,1,5,233,8.9
2024-01-07,S03,高雄夢時代店,南區,C04,日用品,83,125.2,0,1,6,225,7.8
2024-01-08,S03,高雄夢時代店,南區,C04,日用品,52,118.7,0,0,0,125,6.6
2024-01-09,S03,高雄夢時代店,南區,C04,日用品,54,127.2,0,0,1,177,5.6
2024-01-10,S03,高雄夢時代店,南區,C04,日用品,46,117.8,0,0,2,166,5.0
2024-01-11,S03,高雄夢時代店,南區,C04,日用品,72,101.4,1,0,3,225,5.8
2024-01-12,S03,高雄夢時代店,南區,C04,日用品,57,118.2,0,0,4,163,5.4
2024-01-13,S03,高雄夢時代店,南區,C04,日用品,80,123.4,0,1,5,285,8.0
2024-01-14,S03,高雄夢時代店,南區,C04,日用品,93,114.1,0,1,6,251,9.1
2024-01-15,S03,高雄夢時代店,南區,C04,日用品,44,129.5,0,0,0,173,5.0
2024-01-16,S03,高雄夢時代店,南區,C04,日用品,47,120.3,0,0,1,91,5.5
2024-01-17,S03,高雄夢時代店,南區,C04,日用品,70,103.9,1,0,2,211,6.3
2024-01-18,S03,高雄夢時代店,南區,C04,日用品,51,128.4,0,0,3,115,4.9
2024-01-19,S03,高雄夢時代店,南區,C04,日用品,96,99.6,1,0,4,263,6.5
2024-01-20,S03,高雄夢時代店,南區,C04,日用品,87,131.3,0,1,5,239,7.4
2024-01-21,S03,高雄夢時代店,南區,C04,日用品,89,124.1,0,1,6,154,7.9
2024-01-22,S03,高雄夢時代店,南區,C04,日用品,49,111.5,0,0,0,189,5.4
2024-01-23,S03,高雄夢時代店,南區,C04,日用品,51,128.2,0,0,1,176,5.7
2024-01-24,S03,高雄夢時代店,南區,C04,日用品,57,116.6,0,0,2,202,5.6
2024-01-25,S03,高雄夢時代店,南區,C04,日用品,49,125.8,0,0,3,178,5.3
2024-01-26,S03,高雄夢時代店,南區,C04,日用品,53,130.1,0,0,4,119,5.2
2024-01-27,S03,高雄夢時代店,南區,C04,日用品,95,114.2,0,1,5,334,8.8
2024-01-28,S03,高雄夢時代店,南區,C04,日用品,89,119.1,0,1,6,330,7.7
2024-01-29,S03,高雄夢時代店,南區,C04,日用品,54,114.1,0,0,0,202,6.0
2024-01-30,S03,高雄夢時代店,南區,C04,日用品,58,126.6,0,0,1,170,5.5
2024-01-31,S03,高雄夢時代店,南區,C04,日用品,57,116.3,0,0,2,186,6.0
2024-02-01,S03,高雄夢時代店,南區,C04,日用品,46,128.8,0,0,3,130,5.7
2024-02-02,S03,高雄夢時代店,南區,C04,日用品,64,100.5,1,0,4,135,6.3
2024-02-03,S03,高雄夢時代店,南區,C04,日用品,67,120.8,0,1,5,221,7.9
2024-02-04,S03,高雄夢時代店,南區,C04,日用品,88,115.6,0,1,6,149,8.1
2024-02-05,S03,高雄夢時代店,南區,C04,日用品,52,117.0,0,0,0,113,4.5
2024-02-06,S03,高雄夢時代店,南區,C04,日用品,55,128.1,0,0,1,167,5.3
2024-02-07,S03,高雄夢時代店,南區,C04,日用品,52,116.6,0,0,2,123,4.8
2024-02-08,S03,高雄夢時代店,南區,C04,日用品,65,107.0,0,0,3,170,5.2
2024-02-09,S03,高雄夢時代店,南區,C04,日用品,59,125.5,0,0,4,123,5.2
2024-02-10,S03,高雄夢時代店,南區,C04,日用品,106,95.0,1,1,5,339,8.2
2024-02-11,S03,高雄夢時代店,南區,C04,日用品,106,99.7,1,1,6,242,8.4
2024-02-12,S03,高雄夢時代店,南區,C04,日用品,47,130.8,0,0,0,143,5.0
2024-02-13,S03,高雄夢時代店,南區,C04,日用品,56,122.1,0,0,1,178,5.9
2024-02-14,S03,高雄夢時代店,南區,C04,日用品,67,115.7,0,0,2,234,6.1
2024-02-15,S03,高雄夢時代店,南區,C04,日用品,53,120.0,0,0,3,170,5.7
2024-02-16,S03,高雄夢時代店,南區,C04,日用品,89,110.2,0,0,4,285,6.9
2024-02-17,S03,高雄夢時代店,南區,C04,日用品,80,109.0,0,1,5,265,6.8
2024-02-18,S03,高雄夢時代店,南區,C04,日用品,98,105.4,0,1,6,334,8.3
2024-02-19,S03,高雄夢時代店,南區,C04,日用品,42,117.1,0,0,0,126,5.2
2024-02-20,S03,高雄夢時代店,南區,C04,日用品,50,122.8,0,0,1,178,6.1
2024-02-21,S03,高雄夢時代店,南區,C04,日用品,75,93.0,1,0,2,179,5.0
2024-02-22,S03,高雄夢時代店,南區,C04,日用品,45,128.5,0,0,3,155,5.8
2024-02-23,S03,高雄夢時代店,南區,C04,日用品,64,118.5,0,0,4,216,5.8
2024-02-24,S03,高雄夢時代店,南區,C04,日用品,80,122.9,0,1,5,258,8.3
2024-02-25,S03,高雄夢時代店,南區,C04,日用品,84,122.9,0,1,6,253,7.4
2024-02-26,S03,高雄夢時代店,南區,C04,日用品,47,112.5,0,0,0,142,5.8
2024-02-27,S03,高雄夢時代店,南區,C04,日用品,54,121.1,0,0,1,105,5.7
2024-02-28,S03,高雄夢時代店,南區,C04,日用品,77,117.6,0,1,2,145,8.1
2024-02-29,S03,高雄夢時代店,南區,C04,日用品,62,125.3,0,0,3,169,5.3
2024-03-01,S03,高雄夢時代店,南區,C04,日用品,75,118.4,0,0,4,266,6.0
2024-03-02,S03,高雄夢時代店,南區,C04,日用品,84,121.9,0,1,5,170,7.9
2024-03-03,S03,高雄夢時代店,南區,C04,日用品,126,104.2,1,1,6,448,8.8
2024-03-04,S03,高雄夢時代店,南區,C04,日用品,45,102.2,1,0,0,130,4.6
2024-03-05,S03,高雄夢時代店,南區,C04,日用品,66,115.8,0,0,1,211,6.0
2024-03-06,S03,高雄夢時代店,南區,C04,日用品,64,128.3,0,0,2,233,5.6
2024-03-07,S03,高雄夢時代店,南區,C04,日用品,52,124.0,0,0,3,152,5.6
2024-03-08,S03,高雄夢時代店,南區,C04,日用品,64,109.1,0,0,4,179,6.0
2024-03-09,S03,高雄夢時代店,南區,C04,日用品,130,114.9,1,1,5,354,9.2
2024-03-10,S03,高雄夢時代店,南區,C04,日用品,101,126.3,0,1,6,323,7.8
2024-03-11,S03,高雄夢時代店,南區,C04,日用品,51,115.1,0,0,0,187,5.7
2024-03-12,S03,高雄夢時代店,南區,C04,日用品,77,107.0,1,0,1,213,6.4
2024-03-13,S03,高雄夢時代店,南區,C04,日用品,73,129.1,0,0,2,185,5.9
2024-03-14,S03,高雄夢時代店,南區,C04,日用品,57,127.0,0,0,3,185,5.0
2024-03-15,S03,高雄夢時代店,南區,C04,日用品,79,102.9,0,0,4,296,4.7
2024-03-16,S03,高雄夢時代店,南區,C04,日用品,106,127.1,0,1,5,193,9.6
2024-03-17,S03,高雄夢時代店,南區,C04,日用品,114,124.2,0,1,6,414,8.4
2024-03-18,S03,高雄夢時代店,南區,C04,日用品,60,131.3,0,0,0,140,4.9
2024-03-19,S03,高雄夢時代店,南區,C04,日用品,68,121.7,0,0,1,163,5.1
2024-03-20,S03,高雄夢時代店,南區,C04,日用品,68,98.3,1,0,2,142,5.8
2024-03-21,S03,高雄夢時代店,南區,C04,日用品,63,121.3,0,0,3,221,5.9
2024-03-22,S03,高雄夢時代店,南區,C04,日用品,71,123.0,0,0,4,233,5.6
2024-03-23,S03,高雄夢時代店,南區,C04,日用品,101,114.7,0,1,5,200,8.5
2024-03-24,S03,高雄夢時代店,南區,C04,日用品,85,109.6,0,1,6,147,8.2
2024-03-25,S03,高雄夢時代店,南區,C04,日用品,57,118.1,0,0,0,213,5.3
2024-03-26,S03,高雄夢時代店,南區,C04,日用品,63,124.9,0,0,1,207,6.5
2024-03-27,S03,高雄夢時代店,南區,C04,日用品,65,120.9,0,0,2,171,6.0
2024-03-28,S03,高雄夢時代店,南區,C04,日用品,63,117.4,0,0,3,150,5.9
2024-03-29,S03,高雄夢時代店,南區,C04,日用品,73,124.4,0,0,4,145,6.7
2024-03-30,S03,高雄夢時代店,南區,C04,日用品,119,127.6,0,1,5,431,9.1
2024-03-31,S03,高雄夢時代店,南區,C04,日用品,99,125.7,0,1,6,258,8.1
2024-04-01,S03,高雄夢時代店,南區,C04,日用品,57,110.9,0,0,0,172,5.1
2024-04-02,S03,高雄夢時代店,南區,C04,日用品,62,122.0,0,0,1,138,5.0
2024-04-03,S03,高雄夢時代店,南區,C04,日用品,73,114.4,0,0,2,192,6.0
2024-04-04,S03,高雄夢時代店,南區,C04,日用品,100,108.7,0,1,3,321,8.5
2024-04-05,S03,高雄夢時代店,南區,C04,日用品,100,143.3,0,1,4,251,9.4
2024-04-06,S03,高雄夢時代店,南區,C04,日用品,136,103.0,0,1,5,428,10.2
2024-04-07,S03,高雄夢時代店,南區,C04,日用品,117,107.5,0,1,6,391,8.0
2024-04-08,S03,高雄夢時代店,南區,C04,日用品,85,122.6,0,0,0,252,7.1
2024-04-09,S03,高雄夢時代店,南區,C04,日用品,63,121.7,0,0,1,124,6.1
2024-04-10,S03,高雄夢時代店,南區,C04,日用品,59,127.3,0,0,2,148,5.7
2024-04-11,S03,高雄夢時代店,南區,C04,日用品,52,124.0,0,0,3,187,6.0
2024-04-12,S03,高雄夢時代店,南區,C04,日用品,61,118.3,0,0,4,214,6.1
2024-04-13,S03,高雄夢時代店,南區,C04,日用品,127,108.2,0,1,5,367,8.8
2024-04-14,S03,高雄夢時代店,南區,C04,日用品,122,112.2,0,1,6,384,8.2
2024-04-15,S03,高雄夢時代店,南區,C04,日用品,70,127.4,0,0,0,133,5.6
2024-04-16,S03,高雄夢時代店,南區,C04,日用品,59,133.4,0,0,1,141,6.2
2024-04-17,S03,高雄夢時代店,南區,C04,日用品,53,110.0,0,0,2,144,5.3
2024-04-18,S03,高雄夢時代店,南區,C04,日用品,75,118.8,0,0,3,256,6.2
2024-04-19,S03,高雄夢時代店,南區,C04,日用品,80,118.8,0,0,4,145,5.9
2024-04-20,S03,高雄夢時代店,南區,C04,日用品,118,120.5,0,1,5,430,8.8
2024-04-21,S03,高雄夢時代店,南區,C04,日用品,130,116.7,0,1,6,251,9.7
2024-04-22,S03,高雄夢時代店,南區,C04,日用品,59,105.2,1,0,0,215,5.7
2024-04-23,S03,高雄夢時代店,南區,C04,日用品,73,118.0,0,0,1,260,5.5
2024-04-24,S03,高雄夢時代店,南區,C04,日用品,81,97.6,1,0,2,167,6.0
2024-04-25,S03,高雄夢時代店,南區,C04,日用品,75,123.4,0,0,3,152,6.8
2024-04-26,S03,高雄夢時代店,南區,C04,日用品,79,116.6,0,0,4,198,6.1
2024-04-27,S03,高雄夢時代店,南區,C04,日用品,109,118.7,0,1,5,361,8.9
2024-04-28,S03,高雄夢時代店,南區,C04,日用品,123,137.4,0,1,6,346,8.7
2024-04-29,S03,高雄夢時代店,南區,C04,日用品,92,95.1,1,0,0,231,6.3
2024-04-30,S03,高雄夢時代店,南區,C04,日用品,69,113.0,0,0,1,219,5.2
2024-05-01,S03,高雄夢時代店,南區,C04,日用品,113,103.1,1,1,2,308,8.5
2024-05-02,S03,高雄夢時代店,南區,C04,日用品,84,107.5,0,0,3,242,5.9
2024-05-03,S03,高雄夢時代店,南區,C04,日用品,59,118.8,0,0,4,210,5.3
2024-05-04,S03,高雄夢時代店,南區,C04,日用品,177,104.2,1,1,5,621,10.0
2024-05-05,S03,高雄夢時代店,南區,C04,日用品,129,126.4,0,1,6,436,9.3
2024-05-06,S03,高雄夢時代店,南區,C04,日用品,67,116.4,0,0,0,191,4.6
2024-05-07,S03,高雄夢時代店,南區,C04,日用品,84,101.8,1,0,1,247,6.6
2024-05-08,S03,高雄夢時代店,南區,C04,日用品,65,112.9,0,0,2,118,5.1
2024-05-09,S03,高雄夢時代店,南區,C04,日用品,73,122.8,0,0,3,258,5.6
2024-05-10,S03,高雄夢時代店,南區,C04,日用品,89,120.6,0,0,4,284,5.8
2024-05-11,S03,高雄夢時代店,南區,C04,日用品,121,135.6,0,1,5,252,8.8
2024-05-12,S03,高雄夢時代店,南區,C04,日用品,121,126.3,0,1,6,374,8.9
2024-05-13,S03,高雄夢時代店,南區,C04,日用品,66,116.9,0,0,0,244,5.8
2024-05-14,S03,高雄夢時代店,南區,C04,日用品,79,111.3,0,0,1,180,5.3
2024-05-15,S03,高雄夢時代店,南區,C04,日用品,74,106.9,0,0,2,219,6.0
2024-05-16,S03,高雄夢時代店,南區,C04,日用品,78,118.8,0,0,3,261,5.8
2024-05-17,S03,高雄夢時代店,南區,C04,日用品,62,125.6,0,0,4,151,6.0
2024-05-18,S03,高雄夢時代店,南區,C04,日用品,135,120.5,0,1,5,355,9.9
2024-05-19,S03,高雄夢時代店,南區,C04,日用品,130,117.3,0,1,6,356,9.1
2024-05-20,S03,高雄夢時代店,南區,C04,日用品,65,127.5,0,0,0,135,6.1
2024-05-21,S03,高雄夢時代店,南區,C04,日用品,77,121.5,0,0,1,240,6.2
2024-05-22,S03,高雄夢時代店,南區,C04,日用品,66,116.3,0,0,2,206,5.4
2024-05-23,S03,高雄夢時代店,南區,C04,日用品,68,114.8,0,0,3,132,5.6
2024-05-24,S03,高雄夢時代店,南區,C04,日用品,81,127.2,0,0,4,272,6.7
2024-05-25,S03,高雄夢時代店,南區,C04,日用品,128,107.8,0,1,5,283,7.7
2024-05-26,S03,高雄夢時代店,南區,C04,日用品,147,123.7,0,1,6,497,9.2
2024-05-27,S03,高雄夢時代店,南區,C04,日用品,69,116.5,0,0,0,210,6.3
2024-05-28,S03,高雄夢時代店,南區,C04,日用品,65,120.5,0,0,1,152,5.6
2024-05-29,S03,高雄夢時代店,南區,C04,日用品,70,117.3,0,0,2,202,5.2
2024-05-30,S03,高雄夢時代店,南區,C04,日用品,66,128.7,0,0,3,155,5.7
2024-05-31,S03,高雄夢時代店,南區,C04,日用品,78,121.3,0,0,4,150,5.5
2024-06-01,S03,高雄夢時代店,南區,C04,日用品,111,115.1,0,1,5,289,8.8
2024-06-02,S03,高雄夢時代店,南區,C04,日用品,121,121.3,0,1,6,255,9.7
2024-06-03,S03,高雄夢時代店,南區,C04,日用品,82,111.9,0,0,0,172,5.4
2024-06-04,S03,高雄夢時代店,南區,C04,日用品,72,102.9,0,0,1,133,6.5
2024-06-05,S03,高雄夢時代店,南區,C04,日用品,83,125.1,0,0,2,194,6.0
2024-06-06,S03,高雄夢時代店,南區,C04,日用品,71,115.4,0,0,3,155,5.4
2024-06-07,S03,高雄夢時代店,南區,C04,日用品,97,117.2,0,0,4,218,6.4
2024-06-08,S03,高雄夢時代店,南區,C04,日用品,121,113.9,0,1,5,240,8.3
2024-06-09,S03,高雄夢時代店,南區,C04,日用品,117,116.4,0,1,6,267,9.3
2024-06-10,S03,高雄夢時代店,南區,C04,日用品,62,122.8,0,0,0,231,4.8
2024-06-11,S03,高雄夢時代店,南區,C04,日用品,85,119.3,0,0,1,279,5.4
2024-06-12,S03,高雄夢時代店,南區,C04,日用品,82,122.8,0,0,2,222,6.1
2024-06-13,S03,高雄夢時代店,南區,C04,日用品,68,114.3,0,0,3,136,5.4
2024-06-14,S03,高雄夢時代店,南區,C04,日用品,83,123.7,0,0,4,248,5.7
2024-06-15,S03,高雄夢時代店,南區,C04,日用品,101,123.4,0,1,5,365,9.1
2024-06-16,S03,高雄夢時代店,南區,C04,日用品,179,105.0,1,1,6,295,11.4
2024-06-17,S03,高雄夢時代店,南區,C04,日用品,62,118.9,0,0,0,168,5.7
2024-06-18,S03,高雄夢時代店,南區,C04,日用品,60,124.4,0,0,1,183,6.1
2024-06-19,S03,高雄夢時代店,南區,C04,日用品,72,128.0,0,0,2,201,5.7
2024-06-20,S03,高雄夢時代店,南區,C04,日用品,71,124.5,0,0,3,262,6.1
2024-06-21,S03,高雄夢時代店,南區,C04,日用品,75,112.0,0,0,4,185,5.6
2024-06-22,S03,高雄夢時代店,南區,C04,日用品,100,121.8,0,1,5,300,7.5
2024-06-23,S03,高雄夢時代店,南區,C04,日用品,118,119.2,0,1,6,417,8.3
2024-06-24,S03,高雄夢時代店,南區,C04,日用品,84,130.0,0,0,0,260,5.8
2024-06-25,S03,高雄夢時代店,南區,C04,日用品,80,121.8,0,0,1,280,5.5
2024-06-26,S03,高雄夢時代店,南區,C04,日用品,82,119.7,0,0,2,189,5.1
2024-06-27,S03,高雄夢時代店,南區,C04,日用品,78,117.1,0,0,3,177,6.6
2024-06-28,S03,高雄夢時代店,南區,C04,日用品,91,123.9,0,0,4,233,6.2
2024-06-29,S03,高雄夢時代店,南區,C04,日用品,122,121.7,0,1,5,303,8.9
2024-06-30,S03,高雄夢時代店,南區,C04,日用品,110,120.9,0,1,6,385,8.5
2024-07-01,S03,高雄夢時代店,南區,C04,日用品,58,121.0,0,0,0,189,5.7
2024-07-02,S03,高雄夢時代店,南區,C04,日用品,79,124.1,0,0,1,224,5.8
2024-07-03,S03,高雄夢時代店,南區,C04,日用品,92,94.4,1,0,2,269,6.1
2024-07-04,S03,高雄夢時代店,南區,C04,日用品,81,114.7,0,0,3,148,5.2
2024-07-05,S03,高雄夢時代店,南區,C04,日用品,85,110.8,0,0,4,196,6.0
2024-07-06,S03,高雄夢時代店,南區,C04,日用品,137,107.1,0,1,5,328,8.6
2024-07-07,S03,高雄夢時代店,南區,C04,日用品,122,114.9,0,1,6,313,8.7
2024-07-08,S03,高雄夢時代店,南區,C04,日用品,72,116.1,0,0,0,265,6.4
2024-07-09,S03,高雄夢時代店,南區,C04,日用品,80,111.4,0,0,1,283,5.9
2024-07-10,S03,高雄夢時代店,南區,C04,日用品,77,115.3,0,0,2,198,6.8
2024-07-11,S03,高雄夢時代店,南區,C04,日用品,61,131.1,0,0,3,195,6.4
2024-07-12,S03,高雄夢時代店,南區,C04,日用品,91,120.1,0,0,4,239,5.6
2024-07-13,S03,高雄夢時代店,南區,C04,日用品,116,122.7,0,1,5,285,8.2
2024-07-14,S03,高雄夢時代店,南區,C04,日用品,137,117.7,0,1,6,252,9.5
2024-07-15,S03,高雄夢時代店,南區,C04,日用品,94,99.0,1,0,0,164,5.7
2024-07-16,S03,高雄夢時代店,南區,C04,日用品,92,104.8,1,0,1,253,5.7
2024-07-17,S03,高雄夢時代店,南區,C04,日用品,84,111.1,0,0,2,291,6.5
2024-07-18,S03,高雄夢時代店,南區,C04,日用品,112,105.7,1,0,3,343,7.4
2024-07-19,S03,高雄夢時代店,南區,C04,日用品,79,122.7,0,0,4,220,6.3
2024-07-20,S03,高雄夢時代店,南區,C04,日用品,120,114.1,0,1,5,262,8.6
2024-07-21,S03,高雄夢時代店,南區,C04,日用品,105,114.1,0,1,6,378,8.7
2024-07-22,S03,高雄夢時代店,南區,C04,日用品,81,100.3,1,0,0,209,6.1
2024-07-23,S03,高雄夢時代店,南區,C04,日用品,78,117.5,0,0,1,150,5.6
2024-07-24,S03,高雄夢時代店,南區,C04,日用品,92,114.4,0,0,2,213,6.4
2024-07-25,S03,高雄夢時代店,南區,C04,日用品,76,119.1,0,0,3,257,5.9
2024-07-26,S03,高雄夢時代店,南區,C04,日用品,85,123.6,0,0,4,215,6.3
2024-07-27,S03,高雄夢時代店,南區,C04,日用品,126,128.8,0,1,5,364,8.5
2024-07-28,S03,高雄夢時代店,南區,C04,日用品,98,122.4,0,1,6,180,7.7
2024-07-29,S03,高雄夢時代店,南區,C04,日用品,57,120.8,0,0,0,94,5.2
2024-07-30,S03,高雄夢時代店,南區,C04,日用品,76,118.5,0,0,1,138,6.5
2024-07-31,S03,高雄夢時代店,南區,C04,日用品,77,125.5,0,0,2,174,5.2
2024-08-01,S03,高雄夢時代店,南區,C04,日用品,83,115.2,0,0,3,228,6.8
2024-08-02,S03,高雄夢時代店,南區,C04,日用品,86,119.0,0,0,4,252,5.8
2024-08-03,S03,高雄夢時代店,南區,C04,日用品,111,115.8,0,1,5,223,8.4
2024-08-04,S03,高雄夢時代店,南區,C04,日用品,128,116.9,0,1,6,312,8.7
2024-08-05,S03,高雄夢時代店,南區,C04,日用品,61,124.5,0,0,0,219,5.9
2024-08-06,S03,高雄夢時代店,南區,C04,日用品,60,117.2,0,0,1,131,5.3
2024-08-07,S03,高雄夢時代店,南區,C04,日用品,51,120.9,0,0,2,99,5.6
2024-08-08,S03,高雄夢時代店,南區,C04,日用品,70,120.8,0,0,3,255,5.0
2024-08-09,S03,高雄夢時代店,南區,C04,日用品,107,129.8,0,0,4,308,6.6
2024-08-10,S03,高雄夢時代店,南區,C04,日用品,134,118.2,0,1,5,416,9.3
2024-08-11,S03,高雄夢時代店,南區,C04,日用品,161,109.0,1,1,6,570,10.1
2024-08-12,S03,高雄夢時代店,南區,C04,日用品,65,126.9,0,0,0,181,5.2
2024-08-13,S03,高雄夢時代店,南區,C04,日用品,93,103.1,1,0,1,333,6.9
2024-08-14,S03,高雄夢時代店,南區,C04,日用品,76,121.0,0,0,2,197,5.4
2024-08-15,S03,高雄夢時代店,南區,C04,日用品,71,122.5,0,0,3,223,5.9
2024-08-16,S03,高雄夢時代店,南區,C04,日用品,70,126.9,0,0,4,212,6.0
2024-08-17,S03,高雄夢時代店,南區,C04,日用品,108,120.5,0,1,5,343,9.7
2024-08-18,S03,高雄夢時代店,南區,C04,日用品,114,118.9,0,1,6,365,9.1
2024-08-19,S03,高雄夢時代店,南區,C04,日用品,78,119.8,0,0,0,147,6.2
2024-08-20,S03,高雄夢時代店,南區,C04,日用品,84,124.6,0,0,1,158,5.7
2024-08-21,S03,高雄夢時代店,南區,C04,日用品,82,127.2,0,0,2,177,6.1
2024-08-22,S03,高雄夢時代店,南區,C04,日用品,97,100.6,1,0,3,160,6.3
2024-08-23,S03,高雄夢時代店,南區,C04,日用品,71,120.6,0,0,4,205,5.7
2024-08-24,S03,高雄夢時代店,南區,C04,日用品,90,114.1,0,1,5,318,7.7
2024-08-25,S03,高雄夢時代店,南區,C04,日用品,114,119.1,0,1,6,320,9.3
2024-08-26,S03,高雄夢時代店,南區,C04,日用品,58,114.2,0,0,0,170,5.5
2024-08-27,S03,高雄夢時代店,南區,C04,日用品,69,120.7,0,0,1,235,5.4
2024-08-28,S03,高雄夢時代店,南區,C04,日用品,78,120.6,0,0,2,215,5.8
2024-08-29,S03,高雄夢時代店,南區,C04,日用品,64,118.0,0,0,3,155,6.5
2024-08-30,S03,高雄夢時代店,南區,C04,日用品,102,116.2,0,0,4,340,6.8
2024-08-31,S03,高雄夢時代店,南區,C04,日用品,165,100.1,1,1,5,498,9.7
2024-09-01,S03,高雄夢時代店,南區,C04,日用品,117,112.8,0,1,6,427,9.4
2024-09-02,S03,高雄夢時代店,南區,C04,日用品,76,123.4,0,0,0,174,5.5
2024-09-03,S03,高雄夢時代店,南區,C04,日用品,73,111.9,0,0,1,135,5.5
2024-09-04,S03,高雄夢時代店,南區,C04,日用品,69,122.8,0,0,2,142,5.5
2024-09-05,S03,高雄夢時代店,南區,C04,日用品,68,123.3,0,0,3,145,7.0
2024-09-06,S03,高雄夢時代店,南區,C04,日用品,68,118.7,0,0,4,198,5.7
2024-09-07,S03,高雄夢時代店,南區,C04,日用品,99,127.6,0,1,5,326,7.9
2024-09-08,S03,高雄夢時代店,南區,C04,日用品,130,120.4,0,1,6,443,8.9
2024-09-09,S03,高雄夢時代店,南區,C04,日用品,55,117.6,0,0,0,126,3.9
2024-09-10,S03,高雄夢時代店,南區,C04,日用品,66,115.2,0,0,1,118,5.3
2024-09-11,S03,高雄夢時代店,南區,C04,日用品,63,112.6,0,0,2,213,7.6
2024-09-12,S03,高雄夢時代店,南區,C04,日用品,58,106.6,0,0,3,170,5.6
2024-09-13,S03,高雄夢時代店,南區,C04,日用品,81,116.3,0,0,4,147,6.5
2024-09-14,S03,高雄夢時代店,南區,C04,日用品,115,122.0,0,1,5,280,9.8
2024-09-15,S03,高雄夢時代店,南區,C04,日用品,91,119.9,0,1,6,318,8.2
2024-09-16,S03,高雄夢時代店,南區,C04,日用品,68,111.9,0,0,0,235,5.2
2024-09-17,S03,高雄夢時代店,南區,C04,日用品,61,122.9,0,0,1,106,4.6
2024-09-18,S03,高雄夢時代店,南區,C04,日用品,90,118.5,0,0,2,231,6.1
2024-09-19,S03,高雄夢時代店,南區,C04,日用品,82,127.1,0,0,3,291,6.3
2024-09-20,S03,高雄夢時代店,南區,C04,日用品,79,116.2,0,0,4,236,5.0
2024-09-21,S03,高雄夢時代店,南區,C04,日用品,113,112.6,0,1,5,416,9.8
2024-09-22,S03,高雄夢時代店,南區,C04,日用品,138,100.0,1,1,6,349,8.6
2024-09-23,S03,高雄夢時代店,南區,C04,日用品,78,107.7,0,0,0,234,5.5
2024-09-24,S03,高雄夢時代店,南區,C04,日用品,67,119.1,0,0,1,121,6.0
2024-09-25,S03,高雄夢時代店,南區,C04,日用品,63,108.1,0,0,2,118,5.5
2024-09-26,S03,高雄夢時代店,南區,C04,日用品,55,121.1,0,0,3,154,5.0
2024-09-27,S03,高雄夢時代店,南區,C04,日用品,89,101.1,1,0,4,321,6.0
2024-09-28,S03,高雄夢時代店,南區,C04,日用品,96,115.5,0,1,5,229,8.9
2024-09-29,S03,高雄夢時代店,南區,C04,日用品,107,118.4,0,1,6,189,8.0
2024-09-30,S03,高雄夢時代店,南區,C04,日用品,91,97.1,1,0,0,309,6.4
2024-10-01,S03,高雄夢時代店,南區,C04,日用品,61,123.2,0,0,1,127,5.4
2024-10-02,S03,高雄夢時代店,南區,C04,日用品,58,137.3,0,0,2,191,5.5
2024-10-03,S03,高雄夢時代店,南區,C04,日用品,68,137.4,0,0,3,250,4.9
2024-10-04,S03,高雄夢時代店,南區,C04,日用品,73,124.6,0,0,4,227,5.7
2024-10-05,S03,高雄夢時代店,南區,C04,日用品,124,119.6,0,1,5,412,8.4
2024-10-06,S03,高雄夢時代店,南區,C04,日用品,122,112.6,0,1,6,302,8.2
2024-10-07,S03,高雄夢時代店,南區,C04,日用品,59,118.8,0,0,0,135,5.5
2024-10-08,S03,高雄夢時代店,南區,C04,日用品,72,116.7,0,0,1,263,5.9
2024-10-09,S03,高雄夢時代店,南區,C04,日用品,72,123.3,0,0,2,229,5.7
2024-10-10,S03,高雄夢時代店,南區,C04,日用品,102,100.7,1,1,3,364,8.4
2024-10-11,S03,高雄夢時代店,南區,C04,日用品,65,112.0,0,0,4,197,4.8
2024-10-12,S03,高雄夢時代店,南區,C04,日用品,90,130.0,0,1,5,216,9.3
2024-10-13,S03,高雄夢時代店,南區,C04,日用品,83,119.2,0,1,6,244,8.6
2024-10-14,S03,高雄夢時代店,南區,C04,日用品,71,127.0,0,0,0,255,5.0
2024-10-15,S03,高雄夢時代店,南區,C04,日用品,67,117.0,0,0,1,193,6.3
2024-10-16,S03,高雄夢時代店,南區,C04,日用品,52,118.3,0,0,2,128,5.1
2024-10-17,S03,高雄夢時代店,南區,C04,日用品,66,121.3,0,0,3,218,5.7
2024-10-18,S03,高雄夢時代店,南區,C04,日用品,68,124.2,0,0,4,147,5.6
2024-10-19,S03,高雄夢時代店,南區,C04,日用品,81,114.5,0,1,5,291,7.9
2024-10-20,S03,高雄夢時代店,南區,C04,日用品,125,120.9,0,1,6,360,9.0
2024-10-21,S03,高雄夢時代店,南區,C04,日用品,49,111.3,0,0,0,113,5.2
2024-10-22,S03,高雄夢時代店,南區,C04,日用品,54,128.3,0,0,1,183,5.6
2024-10-23,S03,高雄夢時代店,南區,C04,日用品,67,113.6,0,0,2,122,6.0
2024-10-24,S03,高雄夢時代店,南區,C04,日用品,82,111.1,0,0,3,254,6.0
2024-10-25,S03,高雄夢時代店,南區,C04,日用品,78,128.6,0,0,4,284,5.4
2024-10-26,S03,高雄夢時代店,南區,C04,日用品,98,118.0,0,1,5,274,8.6
2024-10-27,S03,高雄夢時代店,南區,C04,日用品,88,120.8,0,1,6,211,7.6
2024-10-28,S03,高雄夢時代店,南區,C04,日用品,55,116.2,0,0,0,126,5.2
2024-10-29,S03,高雄夢時代店,南區,C04,日用品,41,121.2,0,0,1,90,5.2
2024-10-30,S03,高雄夢時代店,南區,C04,日用品,61,118.9,0,0,2,190,6.0
2024-10-31,S03,高雄夢時代店,南區,C04,日用品,63,127.7,0,0,3,139,6.5
2024-11-01,S03,高雄夢時代店,南區,C04,日用品,84,121.1,0,0,4,219,5.9
2024-11-02,S03,高雄夢時代店,南區,C04,日用品,92,119.0,0,1,5,165,9.2
2024-11-03,S03,高雄夢時代店,南區,C04,日用品,104,126.8,0,1,6,315,9.7
2024-11-04,S03,高雄夢時代店,南區,C04,日用品,51,129.3,0,0,0,129,5.3
2024-11-05,S03,高雄夢時代店,南區,C04,日用品,83,103.2,1,0,1,273,6.8
2024-11-06,S03,高雄夢時代店,南區,C04,日用品,63,127.8,0,0,2,217,5.3
2024-11-07,S03,高雄夢時代店,南區,C04,日用品,62,122.1,0,0,3,217,4.6
2024-11-08,S03,高雄夢時代店,南區,C04,日用品,59,125.3,0,0,4,144,5.4
2024-11-09,S03,高雄夢時代店,南區,C04,日用品,91,121.8,0,1,5,283,7.7
2024-11-10,S03,高雄夢時代店,南區,C04,日用品,112,105.4,1,1,6,243,9.0
2024-11-11,S03,高雄夢時代店,南區,C04,日用品,55,128.4,0,0,0,194,4.6
2024-11-12,S03,高雄夢時代店,南區,C04,日用品,60,117.5,0,0,1,204,5.5
2024-11-13,S03,高雄夢時代店,南區,C04,日用品,60,120.6,0,0,2,202,5.6
2024-11-14,S03,高雄夢時代店,南區,C04,日用品,68,121.1,0,0,3,163,5.3
2024-11-15,S03,高雄夢時代店,南區,C04,日用品,68,117.9,0,0,4,166,5.5
2024-11-16,S03,高雄夢時代店,南區,C04,日用品,87,121.4,0,1,5,253,8.6
2024-11-17,S03,高雄夢時代店,南區,C04,日用品,96,121.1,0,1,6,210,7.5
2024-11-18,S03,高雄夢時代店,南區,C04,日用品,54,120.8,0,0,0,164,4.8
2024-11-19,S03,高雄夢時代店,南區,C04,日用品,64,124.7,0,0,1,185,5.5
2024-11-20,S03,高雄夢時代店,南區,C04,日用品,46,127.7,0,0,2,138,5.3
2024-11-21,S03,高雄夢時代店,南區,C04,日用品,51,128.5,0,0,3,140,6.2
2024-11-22,S03,高雄夢時代店,南區,C04,日用品,80,116.6,0,0,4,179,4.6
2024-11-23,S03,高雄夢時代店,南區,C04,日用品,121,105.4,0,1,5,403,9.2
2024-11-24,S03,高雄夢時代店,南區,C04,日用品,100,121.0,0,1,6,183,9.0
2024-11-25,S03,高雄夢時代店,南區,C04,日用品,44,128.7,0,0,0,99,5.3
2024-11-26,S03,高雄夢時代店,南區,C04,日用品,63,120.4,0,0,1,150,4.9
2024-11-27,S03,高雄夢時代店,南區,C04,日用品,55,125.8,0,0,2,113,5.7
2024-11-28,S03,高雄夢時代店,南區,C04,日用品,64,131.2,0,0,3,180,5.7
2024-11-29,S03,高雄夢時代店,南區,C04,日用品,68,109.9,0,0,4,197,5.2
2024-11-30,S03,高雄夢時代店,南區,C04,日用品,86,118.4,0,1,5,266,8.0
2024-12-01,S03,高雄夢時代店,南區,C04,日用品,89,114.5,0,1,6,224,7.6
2024-12-02,S03,高雄夢時代店,南區,C04,日用品,52,124.8,0,0,0,181,4.8
2024-12-03,S03,高雄夢時代店,南區,C04,日用品,68,116.0,0,0,1,201,5.1
2024-12-04,S03,高雄夢時代店,南區,C04,日用品,60,119.5,0,0,2,172,5.4
2024-12-05,S03,高雄夢時代店,南區,C04,日用品,66,109.6,0,0,3,162,5.5
2024-12-06,S03,高雄夢時代店,南區,C04,日用品,82,109.8,1,0,4,170,6.0
2024-12-07,S03,高雄夢時代店,南區,C04,日用品,111,119.6,0,1,5,375,8.5
2024-12-08,S03,高雄夢時代店,南區,C04,日用品,88,116.6,0,1,6,267,7.9
2024-12-09,S03,高雄夢時代店,南區,C04,日用品,53,120.8,0,0,0,140,4.2
2024-12-10,S03,高雄夢時代店,南區,C04,日用品,63,113.7,0,0,1,134,5.5
2024-12-11,S03,高雄夢時代店,南區,C04,日用品,55,109.3,0,0,2,140,4.7
2024-12-12,S03,高雄夢時代店,南區,C04,日用品,70,116.6,0,0,3,222,6.1
2024-12-13,S03,高雄夢時代店,南區,C04,日用品,103,104.3,1,0,4,342,5.6
2024-12-14,S03,高雄夢時代店,南區,C04,日用品,120,110.4,1,1,5,244,10.0
2024-12-15,S03,高雄夢時代店,南區,C04,日用品,100,124.4,0,1,6,268,8.9
2024-12-16,S03,高雄夢時代店,南區,C04,日用品,40,120.0,0,0,0,147,4.9
2024-12-17,S03,高雄夢時代店,南區,C04,日用品,48,127.6,0,0,1,134,5.2
2024-12-18,S03,高雄夢時代店,南區,C04,日用品,68,101.9,1,0,2,256,6.0
2024-12-19,S03,高雄夢時代店,南區,C04,日用品,72,117.3,0,0,3,249,6.2
2024-12-20,S03,高雄夢時代店,南區,C04,日用品,71,126.7,0,0,4,180,6.1
2024-12-21,S03,高雄夢時代店,南區,C04,日用品,120,111.8,0,1,5,258,9.6
2024-12-22,S03,高雄夢時代店,南區,C04,日用品,93,120.4,0,1,6,213,8.2
2024-12-23,S03,高雄夢時代店,南區,C04,日用品,64,116.6,0,0,0,142,5.6
2024-12-24,S03,高雄夢時代店,南區,C04,日用品,69,99.3,1,0,1,199,4.8
2024-12-25,S03,高雄夢時代店,南區,C04,日用品,87,120.1,0,1,2,155,7.8
2024-12-26,S03,高雄夢時代店,南區,C04,日用品,74,107.5,0,0,3,196,6.0
2024-12-27,S03,高雄夢時代店,南區,C04,日用品,63,125.2,0,0,4,205,5.5
2024-12-28,S03,高雄夢時代店,南區,C04,日用品,102,116.5,0,1,5,296,9.5
2024-12-29,S03,高雄夢時代店,南區,C04,日用品,93,128.2,0,1,6,334,8.4
2024-12-30,S03,高雄夢時代店,南區,C04,日用品,52,107.6,0,0,0,143,5.6
2023-01-01,S04,新竹科學園區店,北區,C01,飲料,168,44.7,0,1,6,487,8.5
2023-01-02,S04,新竹科學園區店,北區,C01,飲料,90,47.0,0,0,0,211,7.2
2023-01-03,S04,新竹科學園區店,北區,C01,飲料,119,44.8,0,0,1,404,6.7
2023-01-04,S04,新竹科學園區店,北區,C01,飲料,127,46.4,0,0,2,377,6.9
2023-01-05,S04,新竹科學園區店,北區,C01,飲料,77,50.0,0,0,3,260,6.1
2023-01-06,S04,新竹科學園區店,北區,C01,飲料,131,46.6,0,0,4,329,7.7
2023-01-07,S04,新竹科學園區店,北區,C01,飲料,184,39.4,0,1,5,476,10.3
2023-01-08,S04,新竹科學園區店,北區,C01,飲料,167,46.8,0,1,6,438,10.8
2023-01-09,S04,新竹科學園區店,北區,C01,飲料,94,48.7,0,0,0,165,5.9
2023-01-10,S04,新竹科學園區店,北區,C01,飲料,131,40.8,0,0,1,220,7.5
2023-01-11,S04,新竹科學園區店,北區,C01,飲料,109,44.7,0,0,2,271,7.0
2023-01-12,S04,新竹科學園區店,北區,C01,飲料,139,44.3,0,0,3,420,7.2
2023-01-13,S04,新竹科學園區店,北區,C01,飲料,118,45.8,0,0,4,225,6.6
2023-01-14,S04,新竹科學園區店,北區,C01,飲料,164,45.3,0,1,5,324,9.4
2023-01-15,S04,新竹科學園區店,北區,C01,飲料,190,47.7,0,1,6,398,11.3
2023-01-16,S04,新竹科學園區店,北區,C01,飲料,131,37.9,1,0,0,280,7.3
2023-01-17,S04,新竹科學園區店,北區,C01,飲料,95,47.9,0,0,1,165,6.7
2023-01-18,S04,新竹科學園區店,北區,C01,飲料,101,45.1,0,0,2,190,6.9
2023-01-19,S04,新竹科學園區店,北區,C01,飲料,113,43.8,0,0,3,244,6.1
2023-01-20,S04,新竹科學園區店,北區,C01,飲料,134,45.5,0,0,4,227,6.1
2023-01-21,S04,新竹科學園區店,北區,C01,飲料,214,40.4,1,1,5,524,11.4
2023-01-22,S04,新竹科學園區店,北區,C01,飲料,158,42.2,0,1,6,436,9.5
2023-01-23,S04,新竹科學園區店,北區,C01,飲料,99,43.2,0,0,0,334,6.0
2023-01-24,S04,新竹科學園區店,北區,C01,飲料,108,45.5,0,0,1,244,7.1
2023-01-25,S04,新竹科學園區店,北區,C01,飲料,85,46.0,0,0,2,205,5.9
2023-01-26,S04,新竹科學園區店,北區,C01,飲料,94,45.5,0,0,3,239,7.0
2023-01-27,S04,新竹科學園區店,北區,C01,飲料,129,47.8,0,0,4,275,6.6
2023-01-28,S04,新竹科學園區店,北區,C01,飲料,179,42.9,0,1,5,396,9.9
2023-01-29,S04,新竹科學園區店,北區,C01,飲料,258,35.7,1,1,6,890,12.4
2023-01-30,S04,新竹科學園區店,北區,C01,飲料,92,39.8,0,0,0,259,6.5
2023-01-31,S04,新竹科學園區店,北區,C01,飲料,123,43.1,0,0,1,431,6.5
2023-02-01,S04,新竹科學園區店,北區,C01,飲料,93,49.4,0,0,2,161,6.5
2023-02-02,S04,新竹科學園區店,北區,C01,飲料,101,46.7,0,0,3,222,6.5
2023-02-03,S04,新竹科學園區店,北區,C01,飲料,113,46.6,0,0,4,406,5.9
2023-02-04,S04,新竹科學園區店,北區,C01,飲料,154,48.2,0,1,5,508,9.6
2023-02-05,S04,新竹科學園區店,北區,C01,飲料,248,39.5,1,1,6,592,11.5
2023-02-06,S04,新竹科學園區店,北區,C01,飲料,105,47.5,0,0,0,367,6.8
2023-02-07,S04,新竹科學園區店,北區,C01,飲料,100,45.9,0,0,1,289,6.5
2023-02-08,S04,新竹科學園區店,北區,C01,飲料,100,45.1,0,0,2,361,6.1
2023-02-09,S04,新竹科學園區店,北區,C01,飲料,111,44.8,0,0,3,292,6.0
2023-02-10,S04,新竹科學園區店,北區,C01,飲料,183,41.0,1,0,4,608,8.7
2023-02-11,S04,新竹科學園區店,北區,C01,飲料,168,46.3,0,1,5,347,10.2
2023-02-12,S04,新竹科學園區店,北區,C01,飲料,157,41.8,0,1,6,533,10.3
2023-02-13,S04,新竹科學園區店,北區,C01,飲料,154,41.4,1,0,0,297,8.9
2023-02-14,S04,新竹科學園區店,北區,C01,飲料,117,46.4,0,0,1,315,7.5
2023-02-15,S04,新竹科學園區店,北區,C01,飲料,97,45.5,0,0,2,330,7.0
2023-02-16,S04,新竹科學園區店,北區,C01,飲料,113,48.1,0,0,3,391,7.1
2023-02-17,S04,新竹科學園區店,北區,C01,飲料,102,49.2,0,0,4,240,6.4
2023-02-18,S04,新竹科學園區店,北區,C01,飲料,175,46.3,0,1,5,403,11.2
2023-02-19,S04,新竹科學園區店,北區,C01,飲料,180,47.6,0,1,6,465,10.2
2023-02-20,S04,新竹科學園區店,北區,C01,飲料,100,41.2,0,0,0,192,6.4
2023-02-21,S04,新竹科學園區店,北區,C01,飲料,103,48.7,0,0,1,361,6.5
2023-02-22,S04,新竹科學園區店,北區,C01,飲料,122,43.2,0,0,2,342,7.4
2023-02-23,S04,新竹科學園區店,北區,C01,飲料,123,44.3,0,0,3,404,7.4
2023-02-24,S04,新竹科學園區店,北區,C01,飲料,109,42.5,0,0,4,326,6.8
2023-02-25,S04,新竹科學園區店,北區,C01,飲料,173,43.8,0,1,5,531,11.1
2023-02-26,S04,新竹科學園區店,北區,C01,飲料,241,37.4,1,1,6,746,12.2
2023-02-27,S04,新竹科學園區店,北區,C01,飲料,99,47.0,0,0,0,215,7.1
2023-02-28,S04,新竹科學園區店,北區,C01,飲料,150,41.9,0,1,1,256,9.1
2023-03-01,S04,新竹科學園區店,北區,C01,飲料,162,41.2,1,0,2,433,8.3
2023-03-02,S04,新竹科學園區店,北區,C01,飲料,121,43.9,0,0,3,282,6.9
2023-03-03,S04,新竹科學園區店,北區,C01,飲料,116,44.5,0,0,4,372,7.1
2023-03-04,S04,新竹科學園區店,北區,C01,飲料,259,37.6,1,1,5,525,13.0
2023-03-05,S04,新竹科學園區店,北區,C01,飲料,279,36.3,1,1,6,718,12.7
2023-03-06,S04,新竹科學園區店,北區,C01,飲料,135,36.5,1,0,0,343,8.3
2023-03-07,S04,新竹科學園區店,北區,C01,飲料,115,41.6,0,0,1,358,5.9
2023-03-08,S04,新竹科學園區店,北區,C01,飲料,102,46.4,0,0,2,336,6.9
2023-03-09,S04,新竹科學園區店,北區,C01,飲料,112,43.4,0,0,3,226,6.6
2023-03-10,S04,新竹科學園區店,北區,C01,飲料,129,41.0,0,0,4,397,7.5
2023-03-11,S04,新竹科學園區店,北區,C01,飲料,165,46.9,0,1,5,328,9.5
2023-03-12,S04,新竹科學園區店,北區,C01,飲料,181,46.8,0,1,6,366,10.2
2023-03-13,S04,新竹科學園區店,北區,C01,飲料,118,45.0,0,0,0,308,7.1
2023-03-14,S04,新竹科學園區店,北區,C01,飲料,115,47.2,0,0,1,385,6.5
2023-03-15,S04,新竹科學園區店,北區,C01,飲料,124,47.5,0,0,2,346,7.7
2023-03-16,S04,新竹科學園區店,北區,C01,飲料,107,44.0,0,0,3,366,6.5
2023-03-17,S04,新竹科學園區店,北區,C01,飲料,118,41.1,0,0,4,368,6.5
2023-03-18,S04,新竹科學園區店,北區,C01,飲料,173,45.9,0,1,5,485,11.1
2023-03-19,S04,新竹科學園區店,北區,C01,飲料,152,44.7,0,1,6,531,10.2
2023-03-20,S04,新竹科學園區店,北區,C01,飲料,117,45.4,0,0,0,355,7.4
2023-03-21,S04,新竹科學園區店,北區,C01,飲料,98,41.2,0,0,1,238,5.0
2023-03-22,S04,新竹科學園區店,北區,C01,飲料,105,46.4,0,0,2,294,7.5
2023-03-23,S04,新竹科學園區店,北區,C01,飲料,106,44.5,0,0,3,335,7.4
2023-03-24,S04,新竹科學園區店,北區,C01,飲料,127,43.8,0,0,4,355,6.8
2023-03-25,S04,新竹科學園區店,北區,C01,飲料,217,43.9,0,1,5,558,10.8
2023-03-26,S04,新竹科學園區店,北區,C01,飲料,282,36.9,1,1,6,837,12.9
2023-03-27,S04,新竹科學園區店,北區,C01,飲料,107,48.1,0,0,0,282,6.3
2023-03-28,S04,新竹科學園區店,北區,C01,飲料,127,40.0,0,0,1,370,6.6
2023-03-29,S04,新竹科學園區店,北區,C01,飲料,126,43.3,0,0,2,438,7.2
2023-03-30,S04,新竹科學園區店,北區,C01,飲料,117,43.3,0,0,3,341,8.0
2023-03-31,S04,新竹科學園區店,北區,C01,飲料,139,42.0,0,0,4,277,7.3
2023-04-01,S04,新竹科學園區店,北區,C01,飲料,202,42.6,0,1,5,668,11.8
2023-04-02,S04,新竹科學園區店,北區,C01,飲料,191,45.9,0,1,6,636,10.5
2023-04-03,S04,新竹科學園區店,北區,C01,飲料,103,44.1,0,0,0,200,6.2
2023-04-04,S04,新竹科學園區店,北區,C01,飲料,160,46.9,0,1,1,419,10.0
2023-04-05,S04,新竹科學園區店,北區,C01,飲料,156,44.9,0,1,2,455,9.4
2023-04-06,S04,新竹科學園區店,北區,C01,飲料,127,42.3,0,0,3,393,7.1
2023-04-07,S04,新竹科學園區店,北區,C01,飲料,121,39.7,0,0,4,404,7.0
2023-04-08,S04,新竹科學園區店,北區,C01,飲料,197,43.7,0,1,5,341,11.6
2023-04-09,S04,新竹科學園區店,北區,C01,飲料,169,46.2,0,1,6,348,9.9
2023-04-10,S04,新竹科學園區店,北區,C01,飲料,102,47.1,0,0,0,338,5.5
2023-04-11,S04,新竹科學園區店,北區,C01,飲料,133,46.8,0,0,1,297,7.4
2023-04-12,S04,新竹科學園區店,北區,C01,飲料,123,44.3,0,0,2,314,6.3
2023-04-13,S04,新竹科學園區店,北區,C01,飲料,140,39.7,1,0,3,516,6.8
2023-04-14,S04,新竹科學園區店,北區,C01,飲料,147,45.8,0,0,4,470,7.9
2023-04-15,S04,新竹科學園區店,北區,C01,飲料,211,49.0,0,1,5,660,10.9
2023-04-16,S04,新竹科學園區店,北區,C01,飲料,279,38.1,1,1,6,790,13.4
2023-04-17,S04,新竹科學園區店,北區,C01,飲料,106,43.1,0,0,0,211,6.3
2023-04-18,S04,新竹科學園區店,北區,C01,飲料,113,48.7,0,0,1,249,6.7
2023-04-19,S04,新竹科學園區店,北區,C01,飲料,122,44.2,0,0,2,217,8.0
2023-04-20,S04,新竹科學園區店,北區,C01,飲料,118,49.3,0,0,3,196,7.6
2023-04-21,S04,新竹科學園區店,北區,C01,飲料,125,47.0,0,0,4,331,7.1
2023-04-22,S04,新竹科學園區店,北區,C01,飲料,201,40.4,0,1,5,387,11.2
2023-04-23,S04,新竹科學園區店,北區,C01,飲料,241,47.7,0,1,6,840,12.0
2023-04-24,S04,新竹科學園區店,北區,C01,飲料,137,41.8,0,0,0,426,6.9
2023-04-25,S04,新竹科學園區店,北區,C01,飲料,103,49.4,0,0,1,174,7.0
2023-04-26,S04,新竹科學園區店,北區,C01,飲料,153,46.1,0,0,2,550,7.8
2023-04-27,S04,新竹科學園區店,北區,C01,飲料,119,44.1,0,0,3,263,6.8
2023-04-28,S04,新竹科學園區店,北區,C01,飲料,164,44.7,0,0,4,587,7.9
2023-04-29,S04,新竹科學園區店,北區,C01,飲料,181,47.2,0,1,5,626,10.8
2023-04-30,S04,新竹科學園區店,北區,C01,飲料,196,45.8,0,1,6,407,10.6
2023-05-01,S04,新竹科學園區店,北區,C01,飲料,149,42.4,0,1,0,454,8.7
2023-05-02,S04,新竹科學園區店,北區,C01,飲料,197,37.4,1,0,1,589,9.2
2023-05-03,S04,新竹科學園區店,北區,C01,飲料,135,43.9,0,0,2,488,8.0
2023-05-04,S04,新竹科學園區店,北區,C01,飲料,143,46.3,0,0,3,342,7.5
2023-05-05,S04,新竹科學園區店,北區,C01,飲料,139,48.3,0,0,4,247,7.5
2023-05-06,S04,新竹科學園區店,北區,C01,飲料,225,43.6,0,1,5,786,11.2
2023-05-07,S04,新竹科學園區店,北區,C01,飲料,201,44.8,0,1,6,404,11.3
2023-05-08,S04,新竹科學園區店,北區,C01,飲料,110,44.1,0,0,0,192,6.4
2023-05-09,S04,新竹科學園區店,北區,C01,飲料,135,45.6,0,0,1,345,6.5
2023-05-10,S04,新竹科學園區店,北區,C01,飲料,106,46.7,0,0,2,199,7.0
2023-05-11,S04,新竹科學園區店,北區,C01,飲料,120,43.7,0,0,3,390,8.0
2023-05-12,S04,新竹科學園區店,北區,C01,飲料,157,44.0,0,0,4,315,9.1
2023-05-13,S04,新竹科學園區店,北區,C01,飲料,199,47.9,0,1,5,494,11.8
2023-05-14,S04,新竹科學園區店,北區,C01,飲料,229,44.2,0,1,6,419,11.7
2023-05-15,S04,新竹科學園區店,北區,C01,飲料,115,40.4,0,0,0,263,6.7
2023-05-16,S04,新竹科學園區店,北區,C01,飲料,137,43.1,0,0,1,271,7.5
2023-05-17,S04,新竹科學園區店,北區,C01,飲料,149,45.6,0,0,2,410,8.2
2023-05-18,S04,新竹科學園區店,北區,C01,飲料,141,41.1,0,0,3,348,7.2
2023-05-19,S04,新竹科學園區店,北區,C01,飲料,170,42.1,0,0,4,318,8.4
2023-05-20,S04,新竹科學園區店,北區,C01,飲料,210,44.9,0,1,5,691,11.5
2023-05-21,S04,新竹科學園區店,北區,C01,飲料,229,45.0,0,1,6,708,11.2
2023-05-22,S04,新竹科學園區店,北區,C01,飲料,133,45.5,0,0,0,290,6.8
2023-05-23,S04,新竹科學園區店,北區,C01,飲料,139,44.9,0,0,1,305,7.8
2023-05-24,S04,新竹科學園區店,北區,C01,飲料,141,42.1,0,0,2,440,7.6
2023-05-25,S04,新竹科學園區店,北區,C01,飲料,136,44.2,0,0,3,307,7.9
2023-05-26,S04,新竹科學園區店,北區,C01,飲料,240,38.1,1,0,4,703,10.1
2023-05-27,S04,新竹科學園區店,北區,C01,飲料,250,47.5,0,1,5,795,12.7
2023-05-28,S04,新竹科學園區店,北區,C01,飲料,212,48.6,0,1,6,546,11.7
2023-05-29,S04,新竹科學園區店,北區,C01,飲料,134,50.2,0,0,0,464,7.4
2023-05-30,S04,新竹科學園區店,北區,C01,飲料,232,41.1,1,0,1,818,10.6
2023-05-31,S04,新竹科學園區店,北區,C01,飲料,126,45.6,0,0,2,245,7.1
2023-06-01,S04,新竹科學園區店,北區,C01,飲料,185,37.9,1,0,3,485,8.7
2023-06-02,S04,新竹科學園區店,北區,C01,飲料,158,49.1,0,0,4,411,8.4
2023-06-03,S04,新竹科學園區店,北區,C01,飲料,338,37.6,1,1,5,736,14.4
2023-06-04,S04,新竹科學園區店,北區,C01,飲料,218,45.0,0,1,6,343,11.4
2023-06-05,S04,新竹科學園區店,北區,C01,飲料,128,43.7,0,0,0,282,7.5
2023-06-06,S04,新竹科學園區店,北區,C01,飲料,154,47.3,0,0,1,316,7.1
2023-06-07,S04,新竹科學園區店,北區,C01,飲料,141,43.6,0,0,2,485,7.8
2023-06-08,S04,新竹科學園區店,北區,C01,飲料,158,44.8,0,0,3,454,8.2
2023-06-09,S04,新竹科學園區店,北區,C01,飲料,189,46.1,0,0,4,413,8.8
2023-06-10,S04,新竹科學園區店,北區,C01,飲料,206,48.0,0,1,5,670,11.4
2023-06-11,S04,新竹科學園區店,北區,C01,飲料,206,46.1,0,1,6,689,11.5
2023-06-12,S04,新竹科學園區店,北區,C01,飲料,148,45.6,0,0,0,363,7.7
2023-06-13,S04,新竹科學園區店,北區,C01,飲料,146,49.1,0,0,1,537,7.8
2023-06-14,S04,新竹科學園區店,北區,C01,飲料,145,44.3,0,0,2,376,7.6
2023-06-15,S04,新竹科學園區店,北區,C01,飲料,156,45.0,0,0,3,397,7.8
2023-06-16,S04,新竹科學園區店,北區,C01,飲料,258,36.5,1,0,4,745,10.0
2023-06-17,S04,新竹科學園區店,北區,C01,飲料,272,44.0,0,1,5,629,12.9
2023-06-18,S04,新竹科學園區店,北區,C01,飲料,235,47.8,0,1,6,452,12.5
2023-06-19,S04,新竹科學園區店,北區,C01,飲料,139,44.7,0,0,0,269,7.0
2023-06-20,S04,新竹科學園區店,北區,C01,飲料,213,37.9,1,0,1,445,9.0
2023-06-21,S04,新竹科學園區店,北區,C01,飲料,151,40.7,0,0,2,436,7.2
2023-06-22,S04,新竹科學園區店,北區,C01,飲料,207,37.9,1,0,3,688,9.4
2023-06-23,S04,新竹科學園區店,北區,C01,飲料,171,45.8,0,0,4,368,8.0
2023-06-24,S04,新竹科學園區店,北區,C01,飲料,274,44.6,0,1,5,940,13.0
2023-06-25,S04,新竹科學園區店,北區,C01,飲料,226,47.0,0,1,6,658,10.9
2023-06-26,S04,新竹科學園區店,北區,C01,飲料,165,41.0,0,0,0,542,8.4
2023-06-27,S04,新竹科學園區店,北區,C01,飲料,162,45.3,0,0,1,480,7.8
2023-06-28,S04,新竹科學園區店,北區,C01,飲料,147,45.8,0,0,2,311,7.8
2023-06-29,S04,新竹科學園區店,北區,C01,飲料,155,43.2,0,0,3,280,7.9
2023-06-30,S04,新竹科學園區店,北區,C01,飲料,187,45.2,0,0,4,604,9.2
2023-07-01,S04,新竹科學園區店,北區,C01,飲料,219,47.8,0,1,5,687,11.0
2023-07-02,S04,新竹科學園區店,北區,C01,飲料,294,43.6,0,1,6,989,13.2
2023-07-03,S04,新竹科學園區店,北區,C01,飲料,153,43.4,0,0,0,457,7.8
2023-07-04,S04,新竹科學園區店,北區,C01,飲料,143,42.4,0,0,1,326,7.8
2023-07-05,S04,新竹科學園區店,北區,C01,飲料,190,37.9,1,0,2,456,8.7
2023-07-06,S04,新竹科學園區店,北區,C01,飲料,148,45.5,0,0,3,339,7.9
2023-07-07,S04,新竹科學園區店,北區,C01,飲料,206,42.3,0,0,4,394,8.7
2023-07-08,S04,新竹科學園區店,北區,C01,飲料,241,45.8,0,1,5,506,11.3
2023-07-09,S04,新竹科學園區店,北區,C01,飲料,226,47.9,0,1,6,641,11.8
2023-07-10,S04,新竹科學園區店,北區,C01,飲料,138,43.4,0,0,0,464,8.1
2023-07-11,S04,新竹科學園區店,北區,C01,飲料,163,39.8,0,0,1,367,8.2
2023-07-12,S04,新竹科學園區店,北區,C01,飲料,157,43.7,0,0,2,419,8.6
2023-07-13,S04,新竹科學園區店,北區,C01,飲料,169,45.4,0,0,3,320,8.2
2023-07-14,S04,新竹科學園區店,北區,C01,飲料,185,43.8,0,0,4,650,9.3
2023-07-15,S04,新竹科學園區店,北區,C01,飲料,350,36.6,1,1,5,966,14.6
2023-07-16,S04,新竹科學園區店,北區,C01,飲料,288,41.9,0,1,6,523,14.0
2023-07-17,S04,新竹科學園區店,北區,C01,飲料,140,46.5,0,0,0,252,6.8
2023-07-18,S04,新竹科學園區店,北區,C01,飲料,140,43.5,0,0,1,482,7.8
2023-07-19,S04,新竹科學園區店,北區,C01,飲料,175,42.6,0,0,2,372,7.3
2023-07-20,S04,新竹科學園區店,北區,C01,飲料,175,44.3,0,0,3,434,7.5
2023-07-21,S04,新竹科學園區店,北區,C01,飲料,173,47.3,0,0,4,402,8.0
2023-07-22,S04,新竹科學園區店,北區,C01,飲料,286,41.7,0,1,5,867,13.1
2023-07-23,S04,新竹科學園區店,北區,C01,飲料,261,43.9,0,1,6,806,12.8
2023-07-24,S04,新竹科學園區店,北區,C01,飲料,121,46.1,0,0,0,315,7.1
2023-07-25,S04,新竹科學園區店,北區,C01,飲料,171,43.3,0,0,1,295,8.5
2023-07-26,S04,新竹科學園區店,北區,C01,飲料,170,44.7,0,0,2,341,7.1
2023-07-27,S04,新竹科學園區店,北區,C01,飲料,183,43.1,0,0,3,320,8.4
2023-07-28,S04,新竹科學園區店,北區,C01,飲料,144,46.9,0,0,4,244,6.8
2023-07-29,S04,新竹科學園區店,北區,C01,飲料,278,45.5,0,1,5,714,12.4
2023-07-30,S04,新竹科學園區店,北區,C01,飲料,249,42.5,0,1,6,425,12.9
2023-07-31,S04,新竹科學園區店,北區,C01,飲料,156,45.9,0,0,0,337,8.6
2023-08-01,S04,新竹科學園區店,北區,C01,飲料,153,44.6,0,0,1,329,7.9
2023-08-02,S04,新竹科學園區店,北區,C01,飲料,164,43.1,0,0,2,373,8.0
2023-08-03,S04,新竹科學園區店,北區,C01,飲料,176,45.6,0,0,3,490,7.5
2023-08-04,S04,新竹科學園區店,北區,C01,飲料,206,40.4,0,0,4,606,9.3
2023-08-05,S04,新竹科學園區店,北區,C01,飲料,281,45.2,0,1,5,810,12.7
2023-08-06,S04,新竹科學園區店,北區,C01,飲料,296,47.1,0,1,6,476,13.9
2023-08-07,S04,新竹科學園區店,北區,C01,飲料,132,46.0,0,0,0,274,7.0
2023-08-08,S04,新竹科學園區店,北區,C01,飲料,184,43.8,0,0,1,379,8.5
2023-08-09,S04,新竹科學園區店,北區,C01,飲料,155,45.8,0,0,2,328,8.0
2023-08-10,S04,新竹科學園區店,北區,C01,飲料,163,47.5,0,0,3,293,9.2
2023-08-11,S04,新竹科學園區店,北區,C01,飲料,190,48.6,0,0,4,519,8.7
2023-08-12,S04,新竹科學園區店,北區,C01,飲料,415,37.0,1,1,5,858,16.3
2023-08-13,S04,新竹科學園區店,北區,C01,飲料,287,44.5,0,1,6,755,12.9
2023-08-14,S04,新竹科學園區店,北區,C01,飲料,175,43.2,0,0,0,334,8.3
2023-08-15,S04,新竹科學園區店,北區,C01,飲料,174,45.4,0,0,1,322,8.0
2023-08-16,S04,新竹科學園區店,北區,C01,飲料,162,44.8,0,0,2,268,7.6
2023-08-17,S04,新竹科學園區店,北區,C01,飲料,152,45.6,0,0,3,520,7.7
2023-08-18,S04,新竹科學園區店,北區,C01,飲料,219,44.1,0,0,4,742,10.0
2023-08-19,S04,新竹科學園區店,北區,C01,飲料,258,47.1,0,1,5,589,12.7
2023-08-20,S04,新竹科學園區店,北區,C01,飲料,374,36.1,1,1,6,754,14.8
2023-08-21,S04,新竹科學園區店,北區,C01,飲料,152,43.6,0,0,0,268,7.2
2023-08-22,S04,新竹科學園區店,北區,C01,飲料,176,40.9,0,0,1,443,8.2
2023-08-23,S04,新竹科學園區店,北區,C01,飲料,176,46.9,0,0,2,337,8.0
2023-08-24,S04,新竹科學園區店,北區,C01,飲料,141,47.0,0,0,3,244,6.8
2023-08-25,S04,新竹科學園區店,北區,C01,飲料,192,47.5,0,0,4,425,8.3
2023-08-26,S04,新竹科學園區店,北區,C01,飲料,360,35.0,1,1,5,620,14.9
2023-08-27,S04,新竹科學園區店,北區,C01,飲料,242,48.0,0,1,6,550,11.3
2023-08-28,S04,新竹科學園區店,北區,C01,飲料,144,44.3,0,0,0,482,8.3
2023-08-29,S04,新竹科學園區店,北區,C01,飲料,243,37.7,1,0,1,592,9.7
2023-08-30,S04,新竹科學園區店,北區,C01,飲料,183,43.2,0,0,2,359,9.7
2023-08-31,S04,新竹科學園區店,北區,C01,飲料,173,44.0,0,0,3,535,7.8
2023-09-01,S04,新竹科學園區店,北區,C01,飲料,170,47.7,0,0,4,577,7.7
2023-09-02,S04,新竹科學園區店,北區,C01,飲料,256,42.9,0,1,5,761,13.3
2023-09-03,S04,新竹科學園區店,北區,C01,飲料,233,43.4,0,1,6,747,12.7
2023-09-04,S04,新竹科學園區店,北區,C01,飲料,208,39.4,1,0,0,336,8.3
2023-09-05,S04,新竹科學園區店,北區,C01,飲料,173,43.8,0,0,1,502,7.7
2023-09-06,S04,新竹科學園區店,北區,C01,飲料,190,42.4,0,0,2,585,8.6
2023-09-07,S04,新竹科學園區店,北區,C01,飲料,157,40.0,0,0,3,555,8.5
2023-09-08,S04,新竹科學園區店,北區,C01,飲料,259,41.4,1,0,4,534,10.4
2023-09-09,S04,新竹科學園區店,北區,C01,飲料,264,44.4,0,1,5,773,12.5
2023-09-10,S04,新竹科學園區店,北區,C01,飲料,249,41.8,0,1,6,877,12.3
2023-09-11,S04,新竹科學園區店,北區,C01,飲料,135,47.3,0,0,0,323,7.7
2023-09-12,S04,新竹科學園區店,北區,C01,飲料,146,48.6,0,0,1,248,7.5
2023-09-13,S04,新竹科學園區店,北區,C01,飲料,238,38.2,1,0,2,593,9.6
2023-09-14,S04,新竹科學園區店,北區,C01,飲料,136,44.8,0,0,3,370,7.7
2023-09-15,S04,新竹科學園區店,北區,C01,飲料,183,44.1,0,0,4,305,8.3
2023-09-16,S04,新竹科學園區店,北區,C01,飲料,244,44.7,0,1,5,678,11.8
2023-09-17,S04,新竹科學園區店,北區,C01,飲料,236,41.4,0,1,6,721,11.0
2023-09-18,S04,新竹科學園區店,北區,C01,飲料,126,45.8,0,0,0,389,6.7
2023-09-19,S04,新竹科學園區店,北區,C01,飲料,162,43.0,0,0,1,303,7.6
2023-09-20,S04,新竹科學園區店,北區,C01,飲料,235,39.6,1,0,2,734,10.6
2023-09-21,S04,新竹科學園區店,北區,C01,飲料,147,45.9,0,0,3,370,7.6
2023-09-22,S04,新竹科學園區店,北區,C01,飲料,159,46.6,0,0,4,421,8.1
2023-09-23,S04,新竹科學園區店,北區,C01,飲料,261,43.2,0,1,5,749,12.4
2023-09-24,S04,新竹科學園區店,北區,C01,飲料,286,41.7,0,1,6,483,13.3
2023-09-25,S04,新竹科學園區店,北區,C01,飲料,135,43.1,0,0,0,440,6.8
2023-09-26,S04,新竹科學園區店,北區,C01,飲料,163,47.7,0,0,1,436,8.6
2023-09-27,S04,新竹科學園區店,北區,C01,飲料,137,50.4,0,0,2,236,6.9
2023-09-28,S04,新竹科學園區店,北區,C01,飲料,145,43.6,0,0,3,258,8.3
2023-09-29,S04,新竹科學園區店,北區,C01,飲料,196,37.4,1,0,4,360,8.6
2023-09-30,S04,新竹科學園區店,北區,C01,飲料,258,46.2,0,1,5,462,13.1
2023-10-01,S04,新竹科學園區店,北區,C01,飲料,243,47.2,0,1,6,424,11.7
2023-10-02,S04,新竹科學園區店,北區,C01,飲料,124,42.8,0,0,0,349,7.3
2023-10-03,S04,新竹科學園區店,北區,C01,飲料,188,41.9,1,0,1,630,8.7
2023-10-04,S04,新竹科學園區店,北區,C01,飲料,163,43.6,0,0,2,412,8.8
2023-10-05,S04,新竹科學園區店,北區,C01,飲料,134,46.4,0,0,3,369,7.7
2023-10-06,S04,新竹科學園區店,北區,C01,飲料,151,45.0,0,0,4,252,7.9
2023-10-07,S04,新竹科學園區店,北區,C01,飲料,252,44.2,0,1,5,689,12.4
2023-10-08,S04,新竹科學園區店,北區,C01,飲料,234,45.2,0,1,6,785,11.0
2023-10-09,S04,新竹科學園區店,北區,C01,飲料,129,46.1,0,0,0,381,7.0
2023-10-10,S04,新竹科學園區店,北區,C01,飲料,305,38.3,1,1,1,911,14.2
2023-10-11,S04,新竹科學園區店,北區,C01,飲料,133,45.7,0,0,2,290,7.7
2023-10-12,S04,新竹科學園區店,北區,C01,飲料,154,43.4,0,0,3,488,7.8
2023-10-13,S04,新竹科學園區店,北區,C01,飲料,159,45.3,0,0,4,281,6.8
2023-10-14,S04,新竹科學園區店,北區,C01,飲料,336,38.4,1,1,5,1089,14.8
2023-10-15,S04,新竹科學園區店,北區,C01,飲料,221,44.6,0,1,6,544,11.3
2023-10-16,S04,新竹科學園區店,北區,C01,飲料,147,44.3,0,0,0,334,8.0
2023-10-17,S04,新竹科學園區店,北區,C01,飲料,120,44.6,0,0,1,226,6.7
2023-10-18,S04,新竹科學園區店,北區,C01,飲料,145,43.4,0,0,2,413,8.4
2023-10-19,S04,新竹科學園區店,北區,C01,飲料,148,45.6,0,0,3,290,7.7
2023-10-20,S04,新竹科學園區店,北區,C01,飲料,166,45.1,0,0,4,396,9.0
2023-10-21,S04,新竹科學園區店,北區,C01,飲料,227,41.5,0,1,5,791,12.4
2023-10-22,S04,新竹科學園區店,北區,C01,飲料,246,46.8,0,1,6,655,12.1
2023-10-23,S04,新竹科學園區店,北區,C01,飲料,112,47.7,0,0,0,338,7.0
2023-10-24,S04,新竹科學園區店,北區,C01,飲料,167,45.3,0,0,1,273,8.6
2023-10-25,S04,新竹科學園區店,北區,C01,飲料,123,48.5,0,0,2,450,6.6
2023-10-26,S04,新竹科學園區店,北區,C01,飲料,148,46.7,0,0,3,531,7.7
2023-10-27,S04,新竹科學園區店,北區,C01,飲料,158,43.0,0,0,4,353,8.0
2023-10-28,S04,新竹科學園區店,北區,C01,飲料,191,45.9,0,1,5,674,11.0
2023-10-29,S04,新竹科學園區店,北區,C01,飲料,328,37.6,1,1,6,987,14.6
2023-10-30,S04,新竹科學園區店,北區,C01,飲料,142,45.8,0,0,0,268,7.4
2023-10-31,S04,新竹科學園區店,北區,C01,飲料,112,42.1,0,0,1,291,6.4
2023-11-01,S04,新竹科學園區店,北區,C01,飲料,188,40.6,1,0,2,339,8.9
2023-11-02,S04,新竹科學園區店,北區,C01,飲料,136,42.5,0,0,3,225,8.0
2023-11-03,S04,新竹科學園區店,北區,C01,飲料,145,49.1,0,0,4,471,6.4
2023-11-04,S04,新竹科學園區店,北區,C01,飲料,201,44.0,0,1,5,499,10.8
2023-11-05,S04,新竹科學園區店,北區,C01,飲料,183,44.4,0,1,6,634,11.4
2023-11-06,S04,新竹科學園區店,北區,C01,飲料,100,48.3,0,0,0,270,6.7
2023-11-07,S04,新竹科學園區店,北區,C01,飲料,116,46.0,0,0,1,374,6.5
2023-11-08,S04,新竹科學園區店,北區,C01,飲料,140,46.4,0,0,2,312,7.2
2023-11-09,S04,新竹科學園區店,北區,C01,飲料,123,45.1,0,0,3,415,7.0
2023-11-10,S04,新竹科學園區店,北區,C01,飲料,152,44.2,0,0,4,522,6.6
2023-11-11,S04,新竹科學園區店,北區,C01,飲料,211,47.4,0,1,5,538,10.7
2023-11-12,S04,新竹科學園區店,北區,C01,飲料,190,41.3,0,1,6,497,11.1
2023-11-13,S04,新竹科學園區店,北區,C01,飲料,130,43.5,0,0,0,218,7.1
2023-11-14,S04,新竹科學園區店,北區,C01,飲料,105,48.7,0,0,1,246,7.3
2023-11-15,S04,新竹科學園區店,北區,C01,飲料,181,40.6,1,0,2,322,8.9
2023-11-16,S04,新竹科學園區店,北區,C01,飲料,121,43.0,0,0,3,287,6.9
2023-11-17,S04,新竹科學園區店,北區,C01,飲料,113,45.0,0,0,4,376,6.8
2023-11-18,S04,新竹科學園區店,北區,C01,飲料,199,47.7,0,1,5,452,11.7
2023-11-19,S04,新竹科學園區店,北區,C01,飲料,221,42.8,0,1,6,744,12.5
2023-11-20,S04,新竹科學園區店,北區,C01,飲料,110,42.1,0,0,0,372,6.9
2023-11-21,S04,新竹科學園區店,北區,C01,飲料,132,43.5,0,0,1,360,7.5
2023-11-22,S04,新竹科學園區店,北區,C01,飲料,186,35.2,1,0,2,431,8.0
2023-11-23,S04,新竹科學園區店,北區,C01,飲料,127,46.5,0,0,3,338,6.9
2023-11-24,S04,新竹科學園區店,北區,C01,飲料,118,47.4,0,0,4,398,7.1
2023-11-25,S04,新竹科學園區店,北區,C01,飲料,199,48.3,0,1,5,366,11.1
2023-11-26,S04,新竹科學園區店,北區,C01,飲料,215,47.0,0,1,6,696,11.1
2023-11-27,S04,新竹科學園區店,北區,C01,飲料,108,43.8,0,0,0,210,6.5
2023-11-28,S04,新竹科學園區店,北區,C01,飲料,124,44.1,0,0,1,312,7.3
2023-11-29,S04,新竹科學園區店,北區,C01,飲料,114,46.0,0,0,2,278,6.4
2023-11-30,S04,新竹科學園區店,北區,C01,飲料,137,46.5,0,0,3,270,7.7
2023-12-01,S04,新竹科學園區店,北區,C01,飲料,151,45.6,0,0,4,395,7.4
2023-12-02,S04,新竹科學園區店,北區,C01,飲料,188,44.2,0,1,5,624,10.1
2023-12-03,S04,新竹科學園區店,北區,C01,飲料,186,42.6,0,1,6,364,10.8
2023-12-04,S04,新竹科學園區店,北區,C01,飲料,116,46.8,0,0,0,264,7.2
2023-12-05,S04,新竹科學園區店,北區,C01,飲料,119,44.3,0,0,1,387,7.3
2023-12-06,S04,新竹科學園區店,北區,C01,飲料,116,42.5,0,0,2,330,7.0
2023-12-07,S04,新竹科學園區店,北區,C01,飲料,122,45.7,0,0,3,395,7.2
2023-12-08,S04,新竹科學園區店,北區,C01,飲料,124,45.1,0,0,4,348,7.2
2023-12-09,S04,新竹科學園區店,北區,C01,飲料,254,37.8,1,1,5,466,11.8
2023-12-10,S04,新竹科學園區店,北區,C01,飲料,187,44.1,0,1,6,603,11.7
2023-12-11,S04,新竹科學園區店,北區,C01,飲料,120,42.0,0,0,0,439,8.1
2023-12-12,S04,新竹科學園區店,北區,C01,飲料,132,48.6,0,0,1,343,7.3
2023-12-13,S04,新竹科學園區店,北區,C01,飲料,125,46.2,0,0,2,284,7.6
2023-12-14,S04,新竹科學園區店,北區,C01,飲料,125,44.2,0,0,3,416,7.5
2023-12-15,S04,新竹科學園區店,北區,C01,飲料,107,47.5,0,0,4,379,5.5
2023-12-16,S04,新竹科學園區店,北區,C01,飲料,182,43.4,0,1,5,430,9.8
2023-12-17,S04,新竹科學園區店,北區,C01,飲料,188,48.6,0,1,6,358,10.9
2023-12-18,S04,新竹科學園區店,北區,C01,飲料,99,43.7,0,0,0,309,6.9
2023-12-19,S04,新竹科學園區店,北區,C01,飲料,94,49.0,0,0,1,321,7.5
2023-12-20,S04,新竹科學園區店,北區,C01,飲料,107,45.1,0,0,2,282,6.9
2023-12-21,S04,新竹科學園區店,北區,C01,飲料,169,38.3,1,0,3,544,7.3
2023-12-22,S04,新竹科學園區店,北區,C01,飲料,112,42.3,0,0,4,222,7.7
2023-12-23,S04,新竹科學園區店,北區,C01,飲料,183,50.8,0,1,5,607,11.0
2023-12-24,S04,新竹科學園區店,北區,C01,飲料,191,44.0,0,1,6,480,10.6
2023-12-25,S04,新竹科學園區店,北區,C01,飲料,148,45.8,0,1,0,474,9.3
2023-12-26,S04,新竹科學園區店,北區,C01,飲料,180,37.4,1,0,1,329,8.4
2023-12-27,S04,新竹科學園區店,北區,C01,飲料,113,48.0,0,0,2,401,7.1
2023-12-28,S04,新竹科學園區店,北區,C01,飲料,127,46.6,0,0,3,360,6.0
2023-12-29,S04,新竹科學園區店,北區,C01,飲料,112,48.6,0,0,4,208,7.3
2023-12-30,S04,新竹科學園區店,北區,C01,飲料,168,51.4,0,1,5,286,10.5
2023-12-31,S04,新竹科學園區店,北區,C01,飲料,179,47.4,0,1,6,494,10.5
2024-01-01,S04,新竹科學園區店,北區,C01,飲料,116,48.5,0,1,0,338,8.7
2024-01-02,S04,新竹科學園區店,北區,C01,飲料,98,46.0,0,0,1,273,6.7
2024-01-03,S04,新竹科學園區店,北區,C01,飲料,162,36.6,1,0,2,547,8.5
2024-01-04,S04,新竹科學園區店,北區,C01,飲料,115,43.9,0,0,3,196,6.3
2024-01-05,S04,新竹科學園區店,北區,C01,飲料,131,44.6,0,0,4,303,6.9
2024-01-06,S04,新竹科學園區店,北區,C01,飲料,188,47.7,0,1,5,639,11.4
2024-01-07,S04,新竹科學園區店,北區,C01,飲料,157,44.8,0,1,6,359,10.6
2024-01-08,S04,新竹科學園區店,北區,C01,飲料,100,44.8,0,0,0,245,7.2
2024-01-09,S04,新竹科學園區店,北區,C01,飲料,124,44.4,0,0,1,425,7.3
2024-01-10,S04,新竹科學園區店,北區,C01,飲料,107,41.5,0,0,2,338,6.1
2024-01-11,S04,新竹科學園區店,北區,C01,飲料,107,47.2,0,0,3,293,7.4
2024-01-12,S04,新竹科學園區店,北區,C01,飲料,128,43.1,0,0,4,233,7.2
2024-01-13,S04,新竹科學園區店,北區,C01,飲料,210,44.4,0,1,5,682,11.0
2024-01-14,S04,新竹科學園區店,北區,C01,飲料,157,48.4,0,1,6,377,10.3
2024-01-15,S04,新竹科學園區店,北區,C01,飲料,103,45.1,0,0,0,223,6.9
2024-01-16,S04,新竹科學園區店,北區,C01,飲料,101,45.7,0,0,1,203,6.8
2024-01-17,S04,新竹科學園區店,北區,C01,飲料,96,44.9,0,0,2,292,6.3
2024-01-18,S04,新竹科學園區店,北區,C01,飲料,100,46.8,0,0,3,299,6.5
2024-01-19,S04,新竹科學園區店,北區,C01,飲料,149,44.9,0,0,4,516,7.3
2024-01-20,S04,新竹科學園區店,北區,C01,飲料,171,43.0,0,1,5,333,10.6
2024-01-21,S04,新竹科學園區店,北區,C01,飲料,258,40.9,1,1,6,642,12.9
2024-01-22,S04,新竹科學園區店,北區,C01,飲料,157,38.2,1,0,0,324,7.6
2024-01-23,S04,新竹科學園區店,北區,C01,飲料,128,46.2,0,0,1,294,7.7
2024-01-24,S04,新竹科學園區店,北區,C01,飲料,105,43.3,0,0,2,194,6.8
2024-01-25,S04,新竹科學園區店,北區,C01,飲料,114,45.1,0,0,3,288,5.8
2024-01-26,S04,新竹科學園區店,北區,C01,飲料,147,41.1,0,0,4,511,7.8
2024-01-27,S04,新竹科學園區店,北區,C01,飲料,191,45.2,0,1,5,414,11.2
2024-01-28,S04,新竹科學園區店,北區,C01,飲料,165,45.2,0,1,6,460,9.2
2024-01-29,S04,新竹科學園區店,北區,C01,飲料,115,45.3,0,0,0,301,7.4
2024-01-30,S04,新竹科學園區店,北區,C01,飲料,116,49.7,0,0,1,393,7.0
2024-01-31,S04,新竹科學園區店,北區,C01,飲料,109,42.3,0,0,2,306,6.4
2024-02-01,S04,新竹科學園區店,北區,C01,飲料,122,35.7,1,0,3,409,7.3
2024-02-02,S04,新竹科學園區店,北區,C01,飲料,101,44.4,0,0,4,274,7.9
2024-02-03,S04,新竹科學園區店,北區,C01,飲料,192,44.1,0,1,5,402,10.7
2024-02-04,S04,新竹科學園區店,北區,C01,飲料,220,45.0,0,1,6,512,11.3
2024-02-05,S04,新竹科學園區店,北區,C01,飲料,91,47.6,0,0,0,167,5.9
2024-02-06,S04,新竹科學園區店,北區,C01,飲料,116,47.0,0,0,1,230,7.0
2024-02-07,S04,新竹科學園區店,北區,C01,飲料,110,44.5,0,0,2,249,8.0
2024-02-08,S04,新竹科學園區店,北區,C01,飲料,96,46.2,0,0,3,222,6.3
2024-02-09,S04,新竹科學園區店,北區,C01,飲料,126,44.8,0,0,4,384,6.7
2024-02-10,S04,新竹科學園區店,北區,C01,飲料,247,35.5,1,1,5,556,12.4
2024-02-11,S04,新竹科學園區店,北區,C01,飲料,190,45.1,0,1,6,340,10.4
2024-02-12,S04,新竹科學園區店,北區,C01,飲料,101,45.5,0,0,0,173,6.2
2024-02-13,S04,新竹科學園區店,北區,C01,飲料,109,47.5,0,0,1,340,6.8
2024-02-14,S04,新竹科學園區店,北區,C01,飲料,102,40.4,0,0,2,305,6.1
2024-02-15,S04,新竹科學園區店,北區,C01,飲料,131,41.8,0,0,3,321,7.7
2024-02-16,S04,新竹科學園區店,北區,C01,飲料,105,46.7,0,0,4,308,6.9
2024-02-17,S04,新竹科學園區店,北區,C01,飲料,182,45.5,0,1,5,579,10.5
2024-02-18,S04,新竹科學園區店,北區,C01,飲料,179,43.4,0,1,6,306,9.9
2024-02-19,S04,新竹科學園區店,北區,C01,飲料,78,46.8,0,0,0,143,6.3
2024-02-20,S04,新竹科學園區店,北區,C01,飲料,101,44.0,0,0,1,173,5.9
2024-02-21,S04,新竹科學園區店,北區,C01,飲料,116,45.2,0,0,2,212,6.8
2024-02-22,S04,新竹科學園區店,北區,C01,飲料,118,45.4,0,0,3,334,6.0
2024-02-23,S04,新竹科學園區店,北區,C01,飲料,145,41.6,0,0,4,411,6.9
2024-02-24,S04,新竹科學園區店,北區,C01,飲料,174,42.4,0,1,5,296,10.2
2024-02-25,S04,新竹科學園區店,北區,C01,飲料,185,45.4,0,1,6,621,9.9
2024-02-26,S04,新竹科學園區店,北區,C01,飲料,107,44.6,0,0,0,293,6.1
2024-02-27,S04,新竹科學園區店,北區,C01,飲料,164,37.3,1,0,1,462,8.4
2024-02-28,S04,新竹科學園區店,北區,C01,飲料,169,42.3,0,1,2,605,10.6
2024-02-29,S04,新竹科學園區店,北區,C01,飲料,112,45.5,0,0,3,242,7.1
2024-03-01,S04,新竹科學園區店,北區,C01,飲料,139,44.2,0,0,4,464,7.1
2024-03-02,S04,新竹科學園區店,北區,C01,飲料,180,47.4,0,1,5,327,10.3
2024-03-03,S04,新竹科學園區店,北區,C01,飲料,205,42.4,0,1,6,470,11.6
2024-03-04,S04,新竹科學園區店,北區,C01,飲料,109,44.0,0,0,0,271,6.4
2024-03-05,S04,新竹科學園區店,北區,C01,飲料,153,43.6,0,0,1,497,7.9
2024-03-06,S04,新竹科學園區店,北區,C01,飲料,116,45.7,0,0,2,275,7.5
2024-03-07,S04,新竹科學園區店,北區,C01,飲料,116,42.4,0,0,3,244,7.5
2024-03-08,S04,新竹科學園區店,北區,C01,飲料,119,45.3,0,0,4,226,7.0
2024-03-09,S04,新竹科學園區店,北區,C01,飲料,194,45.7,0,1,5,557,10.9
2024-03-10,S04,新竹科學園區店,北區,C01,飲料,163,46.3,0,1,6,545,10.6
2024-03-11,S04,新竹科學園區店,北區,C01,飲料,119,44.4,0,0,0,266,7.0
2024-03-12,S04,新竹科學園區店,北區,C01,飲料,104,44.9,0,0,1,227,7.0
2024-03-13,S04,新竹科學園區店,北區,C01,飲料,101,47.7,0,0,2,353,6.5
2024-03-14,S04,新竹科學園區店,北區,C01,飲料,117,44.0,0,0,3,348,6.8
2024-03-15,S04,新竹科學園區店,北區,C01,飲料,133,47.8,0,0,4,353,6.8
2024-03-16,S04,新竹科學園區店,北區,C01,飲料,210,48.0,0,1,5,405,11.1
2024-03-17,S04,新竹科學園區店,北區,C01,飲料,194,48.4,0,1,6,320,11.2
2024-03-18,S04,新竹科學園區店,北區,C01,飲料,123,51.7,0,0,0,305,6.2
2024-03-19,S04,新竹科學園區店,北區,C01,飲料,114,45.6,0,0,1,333,7.3
2024-03-20,S04,新竹科學園區店,北區,C01,飲料,137,45.9,0,0,2,280,6.7
2024-03-21,S04,新竹科學園區店,北區,C01,飲料,136,44.4,0,0,3,244,7.5
2024-03-22,S04,新竹科學園區店,北區,C01,飲料,135,46.5,0,0,4,478,7.3
2024-03-23,S04,新竹科學園區店,北區,C01,飲料,195,43.1,0,1,5,327,11.0
2024-03-24,S04,新竹科學園區店,北區,C01,飲料,298,36.2,1,1,6,1031,13.5
2024-03-25,S04,新竹科學園區店,北區,C01,飲料,122,46.2,0,0,0,352,7.8
2024-03-26,S04,新竹科學園區店,北區,C01,飲料,107,42.6,0,0,1,315,6.5
2024-03-27,S04,新竹科學園區店,北區,C01,飲料,160,36.9,1,0,2,373,8.0
2024-03-28,S04,新竹科學園區店,北區,C01,飲料,77,45.1,0,0,3,209,5.7
2024-03-29,S04,新竹科學園區店,北區,C01,飲料,141,42.3,0,0,4,297,7.7
2024-03-30,S04,新竹科學園區店,北區,C01,飲料,214,47.9,0,1,5,617,11.6
2024-03-31,S04,新竹科學園區店,北區,C01,飲料,190,43.9,0,1,6,636,10.6
2024-04-01,S04,新竹科學園區店,北區,C01,飲料,108,46.5,0,0,0,369,7.5
2024-04-02,S04,新竹科學園區店,北區,C01,飲料,114,37.6,1,0,1,358,5.6
2024-04-03,S04,新竹科學園區店,北區,C01,飲料,141,39.6,0,0,2,247,7.1
2024-04-04,S04,新竹科學園區店,北區,C01,飲料,174,44.3,0,1,3,496,10.7
2024-04-05,S04,新竹科學園區店,北區,C01,飲料,255,39.0,1,1,4,731,12.3
2024-04-06,S04,新竹科學園區店,北區,C01,飲料,294,43.3,1,1,5,479,13.7
2024-04-07,S04,新竹科學園區店,北區,C01,飲料,184,45.2,0,1,6,492,10.5
2024-04-08,S04,新竹科學園區店,北區,C01,飲料,126,47.4,0,0,0,385,7.9
2024-04-09,S04,新竹科學園區店,北區,C01,飲料,125,47.3,0,0,1,261,7.5
2024-04-10,S04,新竹科學園區店,北區,C01,飲料,132,45.3,0,0,2,443,7.8
2024-04-11,S04,新竹科學園區店,北區,C01,飲料,185,39.0,1,0,3,451,9.7
2024-04-12,S04,新竹科學園區店,北區,C01,飲料,164,45.7,0,0,4,487,8.2
2024-04-13,S04,新竹科學園區店,北區,C01,飲料,316,37.6,1,1,5,888,14.9
2024-04-14,S04,新竹科學園區店,北區,C01,飲料,199,47.4,0,1,6,341,10.8
2024-04-15,S04,新竹科學園區店,北區,C01,飲料,137,46.2,0,0,0,454,6.8
2024-04-16,S04,新竹科學園區店,北區,C01,飲料,135,46.4,0,0,1,239,8.1
2024-04-17,S04,新竹科學園區店,北區,C01,飲料,129,45.6,0,0,2,363,6.6
2024-04-18,S04,新竹科學園區店,北區,C01,飲料,131,47.8,0,0,3,232,7.7
2024-04-19,S04,新竹科學園區店,北區,C01,飲料,148,47.5,0,0,4,535,7.2
2024-04-20,S04,新竹科學園區店,北區,C01,飲料,220,47.3,0,1,5,775,11.0
2024-04-21,S04,新竹科學園區店,北區,C01,飲料,204,49.0,0,1,6,349,11.3
2024-04-22,S04,新竹科學園區店,北區,C01,飲料,122,46.4,0,0,0,265,7.2
2024-04-23,S04,新竹科學園區店,北區,C01,飲料,135,44.6,0,0,1,354,8.1
2024-04-24,S04,新竹科學園區店,北區,C01,飲料,146,46.6,0,0,2,393,7.5
2024-04-25,S04,新竹科學園區店,北區,C01,飲料,120,43.9,0,0,3,367,7.9
2024-04-26,S04,新竹科學園區店,北區,C01,飲料,141,46.5,0,0,4,250,6.9
2024-04-27,S04,新竹科學園區店,北區,C01,飲料,257,46.5,0,1,5,717,12.6
2024-04-28,S04,新竹科學園區店,北區,C01,飲料,242,43.6,0,1,6,581,12.4
2024-04-29,S04,新竹科學園區店,北區,C01,飲料,103,44.6,0,0,0,303,6.7
2024-04-30,S04,新竹科學園區店,北區,C01,飲料,158,42.2,0,0,1,506,8.9
2024-05-01,S04,新竹科學園區店,北區,C01,飲料,141,41.4,0,1,2,262,9.2
2024-05-02,S04,新竹科學園區店,北區,C01,飲料,164,44.7,0,0,3,392,8.6
2024-05-03,S04,新竹科學園區店,北區,C01,飲料,181,42.4,0,0,4,636,7.7
2024-05-04,S04,新竹科學園區店,北區,C01,飲料,216,38.6,0,1,5,524,11.6
2024-05-05,S04,新竹科學園區店,北區,C01,飲料,340,35.4,1,1,6,638,14.2
2024-05-06,S04,新竹科學園區店,北區,C01,飲料,117,43.9,0,0,0,218,6.9
2024-05-07,S04,新竹科學園區店,北區,C01,飲料,140,45.7,0,0,1,440,7.4
2024-05-08,S04,新竹科學園區店,北區,C01,飲料,154,45.7,0,0,2,296,6.7
2024-05-09,S04,新竹科學園區店,北區,C01,飲料,209,35.8,1,0,3,371,9.0
2024-05-10,S04,新竹科學園區店,北區,C01,飲料,254,40.9,1,0,4,496,11.9
2024-05-11,S04,新竹科學園區店,北區,C01,飲料,220,45.3,0,1,5,576,11.7
2024-05-12,S04,新竹科學園區店,北區,C01,飲料,236,44.1,0,1,6,381,11.2
2024-05-13,S04,新竹科學園區店,北區,C01,飲料,107,46.7,0,0,0,183,6.3
2024-05-14,S04,新竹科學園區店,北區,C01,飲料,158,47.0,0,0,1,540,8.4
2024-05-15,S04,新竹科學園區店,北區,C01,飲料,134,47.7,0,0,2,399,6.9
2024-05-16,S04,新竹科學園區店,北區,C01,飲料,131,44.6,0,0,3,326,7.6
2024-05-17,S04,新竹科學園區店,北區,C01,飲料,167,41.2,0,0,4,355,7.7
2024-05-18,S04,新竹科學園區店,北區,C01,飲料,345,39.8,1,1,5,984,15.0
2024-05-19,S04,新竹科學園區店,北區,C01,飲料,235,45.5,0,1,6,680,12.1
2024-05-20,S04,新竹科學園區店,北區,C01,飲料,154,45.0,0,0,0,370,8.2
2024-05-21,S04,新竹科學園區店,北區,C01,飲料,123,44.6,0,0,1,417,7.3
2024-05-22,S04,新竹科學園區店,北區,C01,飲料,143,45.2,0,0,2,508,7.1
2024-05-23,S04,新竹科學園區店,北區,C01,飲料,158,47.7,0,0,3,395,8.0
2024-05-24,S04,新竹科學園區店,北區,C01,飲料,162,44.4,0,0,4,415,8.7
2024-05-25,S04,新竹科學園區店,北區,C01,飲料,241,41.4,0,1,5,437,12.0
2024-05-26,S04,新竹科學園區店,北區,C01,飲料,336,40.5,1,1,6,1125,14.5
2024-05-27,S04,新竹科學園區店,北區,C01,飲料,167,43.0,0,0,0,547,8.4
2024-05-28,S04,新竹科學園區店,北區,C01,飲料,139,42.1,0,0,1,383,7.4
2024-05-29,S04,新竹科學園區店,北區,C01,飲料,124,44.8,0,0,2,348,6.8
2024-05-30,S04,新竹科學園區店,北區,C01,飲料,149,44.0,0,0,3,527,7.2
2024-05-31,S04,新竹科學園區店,北區,C01,飲料,268,38.2,1,0,4,622,10.9
2024-06-01,S04,新竹科學園區店,北區,C01,飲料,261,45.9,0,1,5,789,12.1
2024-06-02,S04,新竹科學園區店,北區,C01,飲料,272,44.7,0,1,6,790,13.3
2024-06-03,S04,新竹科學園區店,北區,C01,飲料,181,38.2,1,0,0,384,8.3
2024-06-04,S04,新竹科學園區店,北區,C01,飲料,158,46.2,0,0,1,379,8.0
2024-06-05,S04,新竹科學園區店,北區,C01,飲料,169,41.2,0,0,2,361,8.3
2024-06-06,S04,新竹科學園區店,北區,C01,飲料,171,44.2,0,0,3,444,7.9
2024-06-07,S04,新竹科學園區店,北區,C01,飲料,156,47.0,0,0,4,469,8.1
2024-06-08,S04,新竹科學園區店,北區,C01,飲料,224,47.2,0,1,5,496,12.0
2024-06-09,S04,新竹科學園區店,北區,C01,飲料,224,44.7,0,1,6,398,11.1
2024-06-10,S04,新竹科學園區店,北區,C01,飲料,170,45.2,0,0,0,497,8.0
2024-06-11,S04,新竹科學園區店,北區,C01,飲料,152,42.2,0,0,1,433,7.7
2024-06-12,S04,新竹科學園區店,北區,C01,飲料,182,47.4,0,0,2,611,7.6
2024-06-13,S04,新竹科學園區店,北區,C01,飲料,146,44.6,0,0,3,512,7.4
2024-06-14,S04,新竹科學園區店,北區,C01,飲料,257,38.3,1,0,4,668,10.6
2024-06-15,S04,新竹科學園區店,北區,C01,飲料,276,43.1,0,1,5,971,12.3
2024-06-16,S04,新竹科學園區店,北區,C01,飲料,357,36.4,1,1,6,861,15.0
2024-06-17,S04,新竹科學園區店,北區,C01,飲料,151,46.4,0,0,0,242,7.4
2024-06-18,S04,新竹科學園區店,北區,C01,飲料,169,43.8,0,0,1,483,8.6
2024-06-19,S04,新竹科學園區店,北區,C01,飲料,146,45.7,0,0,2,464,8.0
2024-06-20,S04,新竹科學園區店,北區,C01,飲料,210,38.7,1,0,3,369,9.5
2024-06-21,S04,新竹科學園區店,北區,C01,飲料,175,44.5,0,0,4,365,8.3
2024-06-22,S04,新竹科學園區店,北區,C01,飲料,282,49.3,0,1,5,463,13.5
2024-06-23,S04,新竹科學園區店,北區,C01,飲料,260,43.9,0,1,6,521,11.9
2024-06-24,S04,新竹科學園區店,北區,C01,飲料,133,42.8,0,0,0,391,7.3
2024-06-25,S04,新竹科學園區店,北區,C01,飲料,169,49.6,0,0,1,313,8.4
2024-06-26,S04,新竹科學園區店,北區,C01,飲料,192,44.8,0,0,2,463,8.6
2024-06-27,S04,新竹科學園區店,北區,C01,飲料,170,48.1,0,0,3,452,8.7
2024-06-28,S04,新竹科學園區店,北區,C01,飲料,203,46.3,0,0,4,545,8.8
2024-06-29,S04,新竹科學園區店,北區,C01,飲料,235,48.1,0,1,5,527,11.5
2024-06-30,S04,新竹科學園區店,北區,C01,飲料,393,36.0,1,1,6,1232,15.9
2024-07-01,S04,新竹科學園區店,北區,C01,飲料,176,43.9,0,0,0,458,9.0
2024-07-02,S04,新竹科學園區店,北區,C01,飲料,155,44.4,0,0,1,399,8.7
2024-07-03,S04,新竹科學園區店,北區,C01,飲料,154,49.4,0,0,2,369,8.0
2024-07-04,S04,新竹科學園區店,北區,C01,飲料,148,44.6,0,0,3,319,8.1
2024-07-05,S04,新竹科學園區店,北區,C01,飲料,195,42.5,0,0,4,683,8.5
2024-07-06,S04,新竹科學園區店,北區,C01,飲料,266,44.2,0,1,5,558,12.3
2024-07-07,S04,新竹科學園區店,北區,C01,飲料,264,46.8,0,1,6,464,12.0
2024-07-08,S04,新竹科學園區店,北區,C01,飲料,168,42.2,0,0,0,496,7.5
2024-07-09,S04,新竹科學園區店,北區,C01,飲料,168,42.1,0,0,1,472,8.0
2024-07-10,S04,新竹科學園區店,北區,C01,飲料,160,45.4,0,0,2,341,7.6
2024-07-11,S04,新竹科學園區店,北區,C01,飲料,163,43.8,0,0,3,511,7.8
2024-07-12,S04,新竹科學園區店,北區,C01,飲料,292,34.6,1,0,4,739,11.5
2024-07-13,S04,新竹科學園區店,北區,C01,飲料,273,43.2,0,1,5,643,13.1
2024-07-14,S04,新竹科學園區店,北區,C01,飲料,411,38.3,1,1,6,1289,16.1
2024-07-15,S04,新竹科學園區店,北區,C01,飲料,141,40.8,0,0,0,428,8.8
2024-07-16,S04,新竹科學園區店,北區,C01,飲料,236,39.0,1,0,1,554,9.3
2024-07-17,S04,新竹科學園區店,北區,C01,飲料,258,38.8,1,0,2,700,10.4
2024-07-18,S04,新竹科學園區店,北區,C01,飲料,174,44.7,0,0,3,328,7.9
2024-07-19,S04,新竹科學園區店,北區,C01,飲料,189,42.1,0,0,4,597,9.3
2024-07-20,S04,新竹科學園區店,北區,C01,飲料,257,47.2,0,1,5,561,12.2
2024-07-21,S04,新竹科學園區店,北區,C01,飲料,264,43.1,0,1,6,554,12.3
2024-07-22,S04,新竹科學園區店,北區,C01,飲料,139,42.6,0,0,0,395,8.4
2024-07-23,S04,新竹科學園區店,北區,C01,飲料,166,46.5,0,0,1,525,7.9
2024-07-24,S04,新竹科學園區店,北區,C01,飲料,169,46.9,0,0,2,321,8.4
2024-07-25,S04,新竹科學園區店,北區,C01,飲料,174,42.8,0,0,3,609,8.0
2024-07-26,S04,新竹科學園區店,北區,C01,飲料,211,48.3,0,0,4,692,9.1
2024-07-27,S04,新竹科學園區店,北區,C01,飲料,254,46.2,0,1,5,457,12.3
2024-07-28,S04,新竹科學園區店,北區,C01,飲料,331,40.8,0,1,6,926,13.9
2024-07-29,S04,新竹科學園區店,北區,C01,飲料,148,48.1,0,0,0,492,7.2
2024-07-30,S04,新竹科學園區店,北區,C01,飲料,244,37.7,1,0,1,726,10.7
2024-07-31,S04,新竹科學園區店,北區,C01,飲料,215,35.8,1,0,2,555,10.1
2024-08-01,S04,新竹科學園區店,北區,C01,飲料,159,43.4,0,0,3,394,9.1
2024-08-02,S04,新竹科學園區店,北區,C01,飲料,189,44.8,0,0,4,611,8.5
2024-08-03,S04,新竹科學園區店,北區,C01,飲料,291,45.5,0,1,5,459,12.8
2024-08-04,S04,新竹科學園區店,北區,C01,飲料,313,44.7,0,1,6,768,13.0
2024-08-05,S04,新竹科學園區店,北區,C01,飲料,161,43.2,0,0,0,545,7.7
2024-08-06,S04,新竹科學園區店,北區,C01,飲料,152,47.7,0,0,1,338,8.0
2024-08-07,S04,新竹科學園區店,北區,C01,飲料,258,37.9,1,0,2,623,10.9
2024-08-08,S04,新竹科學園區店,北區,C01,飲料,133,46.0,0,0,3,378,6.8
2024-08-09,S04,新竹科學園區店,北區,C01,飲料,323,37.0,1,0,4,795,11.8
2024-08-10,S04,新竹科學園區店,北區,C01,飲料,259,46.6,0,1,5,492,12.9
2024-08-11,S04,新竹科學園區店,北區,C01,飲料,247,43.2,0,1,6,830,11.2
2024-08-12,S04,新竹科學園區店,北區,C01,飲料,187,42.3,0,0,0,370,8.3
2024-08-13,S04,新竹科學園區店,北區,C01,飲料,155,44.1,0,0,1,526,7.0
2024-08-14,S04,新竹科學園區店,北區,C01,飲料,154,46.5,0,0,2,561,8.2
2024-08-15,S04,新竹科學園區店,北區,C01,飲料,175,43.3,0,0,3,349,7.4
2024-08-16,S04,新竹科學園區店,北區,C01,飲料,188,46.3,0,0,4,612,8.9
2024-08-17,S04,新竹科學園區店,北區,C01,飲料,293,45.8,0,1,5,603,14.3
2024-08-18,S04,新竹科學園區店,北區,C01,飲料,271,45.1,0,1,6,663,13.2
2024-08-19,S04,新竹科學園區店,北區,C01,飲料,161,47.9,0,0,0,402,8.6
2024-08-20,S04,新竹科學園區店,北區,C01,飲料,158,46.7,0,0,1,472,7.5
2024-08-21,S04,新竹科學園區店,北區,C01,飲料,179,48.6,0,0,2,456,8.5
2024-08-22,S04,新竹科學園區店,北區,C01,飲料,226,40.6,1,0,3,723,9.6
2024-08-23,S04,新竹科學園區店,北區,C01,飲料,173,43.6,0,0,4,518,8.2
2024-08-24,S04,新竹科學園區店,北區,C01,飲料,301,44.6,0,1,5,499,14.0
2024-08-25,S04,新竹科學園區店,北區,C01,飲料,390,39.0,1,1,6,773,15.1
2024-08-26,S04,新竹科學園區店,北區,C01,飲料,174,45.1,0,0,0,476,8.1
2024-08-27,S04,新竹科學園區店,北區,C01,飲料,145,48.7,0,0,1,370,7.4
2024-08-28,S04,新竹科學園區店,北區,C01,飲料,139,44.8,0,0,2,485,7.4
2024-08-29,S04,新竹科學園區店,北區,C01,飲料,138,45.5,0,0,3,453,7.8
2024-08-30,S04,新竹科學園區店,北區,C01,飲料,258,40.3,1,0,4,504,10.8
2024-08-31,S04,新竹科學園區店,北區,C01,飲料,260,46.6,0,1,5,848,12.7
2024-09-01,S04,新竹科學園區店,北區,C01,飲料,260,44.2,0,1,6,745,12.3
2024-09-02,S04,新竹科學園區店,北區,C01,飲料,134,46.5,0,0,0,419,7.3
2024-09-03,S04,新竹科學園區店,北區,C01,飲料,129,43.6,0,0,1,328,7.5
2024-09-04,S04,新竹科學園區店,北區,C01,飲料,172,43.3,0,0,2,272,8.7
2024-09-05,S04,新竹科學園區店,北區,C01,飲料,150,47.0,0,0,3,301,7.9
2024-09-06,S04,新竹科學園區店,北區,C01,飲料,163,46.7,0,0,4,379,7.1
2024-09-07,S04,新竹科學園區店,北區,C01,飲料,251,47.5,0,1,5,448,12.1
2024-09-08,S04,新竹科學園區店,北區,C01,飲料,441,37.1,1,1,6,697,16.6
2024-09-09,S04,新竹科學園區店,北區,C01,飲料,124,44.7,0,0,0,318,7.6
2024-09-10,S04,新竹科學園區店,北區,C01,飲料,163,45.8,0,0,1,345,8.1
2024-09-11,S04,新竹科學園區店,北區,C01,飲料,155,47.7,0,0,2,470,8.3
2024-09-12,S04,新竹科學園區店,北區,C01,飲料,170,46.7,0,0,3,296,7.9
2024-09-13,S04,新竹科學園區店,北區,C01,飲料,184,45.5,0,0,4,518,8.2
2024-09-14,S04,新竹科學園區店,北區,C01,飲料,272,42.9,0,1,5,885,13.2
2024-09-15,S04,新竹科學園區店,北區,C01,飲料,357,37.7,1,1,6,1034,14.5
2024-09-16,S04,新竹科學園區店,北區,C01,飲料,162,44.8,0,0,0,588,8.2
2024-09-17,S04,新竹科學園區店,北區,C01,飲料,161,46.3,0,0,1,291,8.7
2024-09-18,S04,新竹科學園區店,北區,C01,飲料,170,46.3,0,0,2,597,7.5
2024-09-19,S04,新竹科學園區店,北區,C01,飲料,168,47.1,0,0,3,457,8.3
2024-09-20,S04,新竹科學園區店,北區,C01,飲料,200,45.6,0,0,4,671,8.6
2024-09-21,S04,新竹科學園區店,北區,C01,飲料,255,41.8,0,1,5,454,12.9
2024-09-22,S04,新竹科學園區店,北區,C01,飲料,288,48.2,0,1,6,1005,12.9
2024-09-23,S04,新竹科學園區店,北區,C01,飲料,119,41.7,0,0,0,425,8.3
2024-09-24,S04,新竹科學園區店,北區,C01,飲料,149,47.4,0,0,1,429,7.7
2024-09-25,S04,新竹科學園區店,北區,C01,飲料,165,47.7,0,0,2,461,8.2
2024-09-26,S04,新竹科學園區店,北區,C01,飲料,142,45.1,0,0,3,451,8.0
2024-09-27,S04,新竹科學園區店,北區,C01,飲料,178,45.4,0,0,4,290,7.8
2024-09-28,S04,新竹科學園區店,北區,C01,飲料,228,47.3,0,1,5,687,10.6
2024-09-29,S04,新竹科學園區店,北區,C01,飲料,266,45.2,0,1,6,623,12.8
2024-09-30,S04,新竹科學園區店,北區,C01,飲料,141,46.3,0,0,0,505,8.2
2024-10-01,S04,新竹科學園區店,北區,C01,飲料,158,46.1,0,0,1,465,7.7
2024-10-02,S04,新竹科學園區店,北區,C01,飲料,140,42.7,0,0,2,496,7.9
2024-10-03,S04,新竹科學園區店,北區,C01,飲料,143,45.6,0,0,3,339,7.2
2024-10-04,S04,新竹科學園區店,北區,C01,飲料,255,39.9,1,0,4,604,9.7
2024-10-05,S04,新竹科學園區店,北區,C01,飲料,272,47.9,0,1,5,834,13.1
2024-10-06,S04,新竹科學園區店,北區,C01,飲料,231,44.1,0,1,6,405,12.0
2024-10-07,S04,新竹科學園區店,北區,C01,飲料,138,44.1,0,0,0,346,7.6
2024-10-08,S04,新竹科學園區店,北區,C01,飲料,147,46.4,0,0,1,447,7.3
2024-10-09,S04,新竹科學園區店,北區,C01,飲料,162,45.6,0,0,2,428,8.8
2024-10-10,S04,新竹科學園區店,北區,C01,飲料,186,43.4,0,1,3,634,11.3
2024-10-11,S04,新竹科學園區店,北區,C01,飲料,171,47.4,0,0,4,548,7.6
2024-10-12,S04,新竹科學園區店,北區,C01,飲料,281,44.5,0,1,5,927,13.0
2024-10-13,S04,新竹科學園區店,北區,C01,飲料,254,43.3,0,1,6,732,12.5
2024-10-14,S04,新竹科學園區店,北區,C01,飲料,160,40.5,0,0,0,435,7.7
2024-10-15,S04,新竹科學園區店,北區,C01,飲料,156,42.5,0,0,1,360,7.2
2024-10-16,S04,新竹科學園區店,北區,C01,飲料,162,51.9,0,0,2,399,8.1
2024-10-17,S04,新竹科學園區店,北區,C01,飲料,201,38.1,1,0,3,501,8.9
2024-10-18,S04,新竹科學園區店,北區,C01,飲料,178,42.0,0,0,4,506,8.5
2024-10-19,S04,新竹科學園區店,北區,C01,飲料,247,45.9,0,1,5,655,12.8
2024-10-20,S04,新竹科學園區店,北區,C01,飲料,346,35.2,1,1,6,899,14.5
2024-10-21,S04,新竹科學園區店,北區,C01,飲料,183,36.8,1,0,0,479,8.5
2024-10-22,S04,新竹科學園區店,北區,C01,飲料,154,46.1,0,0,1,423,7.3
2024-10-23,S04,新竹科學園區店,北區,C01,飲料,157,42.0,0,0,2,402,7.4
2024-10-24,S04,新竹科學園區店,北區,C01,飲料,130,46.8,0,0,3,372,7.1
2024-10-25,S04,新竹科學園區店,北區,C01,飲料,169,41.3,0,0,4,502,8.2
2024-10-26,S04,新竹科學園區店,北區,C01,飲料,224,44.5,0,1,5,526,10.8
2024-10-27,S04,新竹科學園區店,北區,C01,飲料,243,43.1,0,1,6,548,12.4
2024-10-28,S04,新竹科學園區店,北區,C01,飲料,140,46.1,0,0,0,421,7.8
2024-10-29,S04,新竹科學園區店,北區,C01,飲料,119,44.6,0,0,1,266,6.5
2024-10-30,S04,新竹科學園區店,北區,C01,飲料,122,51.0,0,0,2,261,7.1
2024-10-31,S04,新竹科學園區店,北區,C01,飲料,161,38.4,0,0,3,276,7.8
2024-11-01,S04,新竹科學園區店,北區,C01,飲料,159,45.9,0,0,4,465,8.6
2024-11-02,S04,新竹科學園區店,北區,C01,飲料,202,44.5,0,1,5,685,10.4
2024-11-03,S04,新竹科學園區店,北區,C01,飲料,236,40.5,0,1,6,485,12.3
2024-11-04,S04,新竹科學園區店,北區,C01,飲料,128,45.3,0,0,0,418,6.7
2024-11-05,S04,新竹科學園區店,北區,C01,飲料,147,46.1,0,0,1,445,8.4
2024-11-06,S04,新竹科學園區店,北區,C01,飲料,134,46.2,0,0,2,483,7.9
2024-11-07,S04,新竹科學園區店,北區,C01,飲料,137,47.1,0,0,3,496,7.8
2024-11-08,S04,新竹科學園區店,北區,C01,飲料,248,32.8,1,0,4,714,10.4
2024-11-09,S04,新竹科學園區店,北區,C01,飲料,214,45.0,0,1,5,537,12.7
2024-11-10,S04,新竹科學園區店,北區,C01,飲料,246,43.8,0,1,6,852,11.9
2024-11-11,S04,新竹科學園區店,北區,C01,飲料,134,46.2,0,0,0,263,6.0
2024-11-12,S04,新竹科學園區店,北區,C01,飲料,147,42.3,0,0,1,481,8.4
2024-11-13,S04,新竹科學園區店,北區,C01,飲料,127,45.4,0,0,2,344,6.3
2024-11-14,S04,新竹科學園區店,北區,C01,飲料,126,44.4,0,0,3,227,7.2
2024-11-15,S04,新竹科學園區店,北區,C01,飲料,131,43.9,0,0,4,321,7.0
2024-11-16,S04,新竹科學園區店,北區,C01,飲料,218,47.8,0,1,5,707,11.7
2024-11-17,S04,新竹科學園區店,北區,C01,飲料,213,45.6,0,1,6,583,11.4
2024-11-18,S04,新竹科學園區店,北區,C01,飲料,132,45.5,0,0,0,268,7.3
2024-11-19,S04,新竹科學園區店,北區,C01,飲料,128,47.9,0,0,1,230,7.2
2024-11-20,S04,新竹科學園區店,北區,C01,飲料,111,43.3,0,0,2,236,7.4
2024-11-21,S04,新竹科學園區店,北區,C01,飲料,162,38.4,1,0,3,556,7.8
2024-11-22,S04,新竹科學園區店,北區,C01,飲料,151,46.8,0,0,4,374,7.1
2024-11-23,S04,新竹科學園區店,北區,C01,飲料,211,51.5,0,1,5,498,11.3
2024-11-24,S04,新竹科學園區店,北區,C01,飲料,209,46.8,0,1,6,496,11.7
2024-11-25,S04,新竹科學園區店,北區,C01,飲料,107,47.5,0,0,0,340,6.5
2024-11-26,S04,新竹科學園區店,北區,C01,飲料,127,44.6,0,0,1,374,6.3
2024-11-27,S04,新竹科學園區店,北區,C01,飲料,117,46.8,0,0,2,282,6.4
2024-11-28,S04,新竹科學園區店,北區,C01,飲料,124,45.1,0,0,3,347,6.7
2024-11-29,S04,新竹科學園區店,北區,C01,飲料,143,48.2,0,0,4,250,7.8
2024-11-30,S04,新竹科學園區店,北區,C01,飲料,319,36.6,1,1,5,654,14.6
2024-12-01,S04,新竹科學園區店,北區,C01,飲料,197,43.3,0,1,6,654,10.5
2024-12-02,S04,新竹科學園區店,北區,C01,飲料,103,44.6,0,0,0,210,5.7
2024-12-03,S04,新竹科學園區店,北區,C01,飲料,155,45.0,0,0,1,413,8.0
2024-12-04,S04,新竹科學園區店,北區,C01,飲料,140,47.2,0,0,2,264,7.5
2024-12-05,S04,新竹科學園區店,北區,C01,飲料,136,43.4,0,0,3,293,8.1
2024-12-06,S04,新竹科學園區店,北區,C01,飲料,138,42.9,0,0,4,422,7.7
2024-12-07,S04,新竹科學園區店,北區,C01,飲料,185,45.0,0,1,5,593,9.9
2024-12-08,S04,新竹科學園區店,北區,C01,飲料,199,43.9,0,1,6,692,11.2
2024-12-09,S04,新竹科學園區店,北區,C01,飲料,105,45.9,0,0,0,209,6.2
2024-12-10,S04,新竹科學園區店,北區,C01,飲料,134,45.7,0,0,1,467,7.4
2024-12-11,S04,新竹科學園區店,北區,C01,飲料,119,45.6,0,0,2,407,7.5
2024-12-12,S04,新竹科學園區店,北區,C01,飲料,130,44.9,0,0,3,323,8.0
2024-12-13,S04,新竹科學園區店,北區,C01,飲料,170,35.7,1,0,4,543,7.5
2024-12-14,S04,新竹科學園區店,北區,C01,飲料,226,47.2,0,1,5,480,10.7
2024-12-15,S04,新竹科學園區店,北區,C01,飲料,195,48.1,0,1,6,512,11.0
2024-12-16,S04,新竹科學園區店,北區,C01,飲料,162,38.6,1,0,0,563,7.8
2024-12-17,S04,新竹科學園區店,北區,C01,飲料,143,44.2,0,0,1,273,7.0
2024-12-18,S04,新竹科學園區店,北區,C01,飲料,128,39.7,0,0,2,223,7.3
2024-12-19,S04,新竹科學園區店,北區,C01,飲料,137,41.4,0,0,3,230,7.5
2024-12-20,S04,新竹科學園區店,北區,C01,飲料,105,48.8,0,0,4,276,7.3
2024-12-21,S04,新竹科學園區店,北區,C01,飲料,206,43.9,0,1,5,367,9.9
2024-12-22,S04,新竹科學園區店,北區,C01,飲料,172,43.3,0,1,6,613,10.4
2024-12-23,S04,新竹科學園區店,北區,C01,飲料,110,46.0,0,0,0,355,6.4
2024-12-24,S04,新竹科學園區店,北區,C01,飲料,95,43.1,0,0,1,311,6.7
2024-12-25,S04,新竹科學園區店,北區,C01,飲料,167,40.9,0,1,2,482,10.7
2024-12-26,S04,新竹科學園區店,北區,C01,飲料,101,47.7,0,0,3,311,7.0
2024-12-27,S04,新竹科學園區店,北區,C01,飲料,144,44.4,0,0,4,435,7.7
2024-12-28,S04,新竹科學園區店,北區,C01,飲料,193,46.1,0,1,5,532,9.8
2024-12-29,S04,新竹科學園區店,北區,C01,飲料,177,46.9,0,1,6,557,9.5
2024-12-30,S04,新竹科學園區店,北區,C01,飲料,106,40.8,0,0,0,283,6.6
2023-01-01,S04,新竹科學園區店,北區,C02,零食,246,46.4,1,1,6,706,12.1
2023-01-02,S04,新竹科學園區店,北區,C02,零食,76,55.3,0,0,0,140,6.6
2023-01-03,S04,新竹科學園區店,北區,C02,零食,90,58.7,0,0,1,297,6.5
2023-01-04,S04,新竹科學園區店,北區,C02,零食,87,50.8,0,0,2,313,6.7
2023-01-05,S04,新竹科學園區店,北區,C02,零食,133,47.8,1,0,3,233,6.3
2023-01-06,S04,新竹科學園區店,北區,C02,零食,96,52.6,0,0,4,325,5.6
2023-01-07,S04,新竹科學園區店,北區,C02,零食,155,56.1,0,1,5,505,11.1
2023-01-08,S04,新竹科學園區店,北區,C02,零食,165,54.7,0,1,6,347,10.7
2023-01-09,S04,新竹科學園區店,北區,C02,零食,75,58.9,0,0,0,187,6.4
2023-01-10,S04,新竹科學園區店,北區,C02,零食,81,49.7,0,0,1,250,6.3
2023-01-11,S04,新竹科學園區店,北區,C02,零食,79,52.8,0,0,2,244,6.3
2023-01-12,S04,新竹科學園區店,北區,C02,零食,106,53.2,0,0,3,247,7.1
2023-01-13,S04,新竹科學園區店,北區,C02,零食,90,53.6,0,0,4,310,6.5
2023-01-14,S04,新竹科學園區店,北區,C02,零食,115,55.3,0,1,5,315,8.6
2023-01-15,S04,新竹科學園區店,北區,C02,零食,147,51.9,0,1,6,383,9.6
2023-01-16,S04,新竹科學園區店,北區,C02,零食,115,46.6,1,0,0,199,7.4
2023-01-17,S04,新竹科學園區店,北區,C02,零食,97,49.7,0,0,1,242,6.3
2023-01-18,S04,新竹科學園區店,北區,C02,零食,82,54.8,0,0,2,203,5.7
2023-01-19,S04,新竹科學園區店,北區,C02,零食,90,52.2,0,0,3,288,6.2
2023-01-20,S04,新竹科學園區店,北區,C02,零食,94,51.9,0,0,4,207,6.3
2023-01-21,S04,新竹科學園區店,北區,C02,零食,117,55.0,0,1,5,278,8.3
2023-01-22,S04,新竹科學園區店,北區,C02,零食,145,56.4,0,1,6,348,9.9
2023-01-23,S04,新竹科學園區店,北區,C02,零食,85,49.9,0,0,0,209,5.3
2023-01-24,S04,新竹科學園區店,北區,C02,零食,75,60.1,0,0,1,225,5.8
2023-01-25,S04,新竹科學園區店,北區,C02,零食,85,55.8,0,0,2,313,6.2
2023-01-26,S04,新竹科學園區店,北區,C02,零食,91,50.8,0,0,3,195,5.0
2023-01-27,S04,新竹科學園區店,北區,C02,零食,109,53.0,0,0,4,313,6.4
2023-01-28,S04,新竹科學園區店,北區,C02,零食,138,57.1,0,1,5,464,9.1
2023-01-29,S04,新竹科學園區店,北區,C02,零食,145,63.8,0,1,6,477,10.8
2023-01-30,S04,新竹科學園區店,北區,C02,零食,94,50.1,0,0,0,321,6.3
2023-01-31,S04,新竹科學園區店,北區,C02,零食,102,54.5,0,0,1,361,6.3
2023-02-01,S04,新竹科學園區店,北區,C02,零食,74,56.1,0,0,2,252,5.7
2023-02-02,S04,新竹科學園區店,北區,C02,零食,56,55.5,0,0,3,108,5.8
2023-02-03,S04,新竹科學園區店,北區,C02,零食,83,57.6,0,0,4,299,6.5
2023-02-04,S04,新竹科學園區店,北區,C02,零食,126,57.4,0,1,5,461,9.5
2023-02-05,S04,新竹科學園區店,北區,C02,零食,194,44.4,1,1,6,606,11.0
2023-02-06,S04,新竹科學園區店,北區,C02,零食,82,56.9,0,0,0,198,6.7
2023-02-07,S04,新竹科學園區店,北區,C02,零食,76,58.5,0,0,1,213,5.7
2023-02-08,S04,新竹科學園區店,北區,C02,零食,86,53.4,0,0,2,280,6.0
2023-02-09,S04,新竹科學園區店,北區,C02,零食,82,46.8,0,0,3,176,5.4
2023-02-10,S04,新竹科學園區店,北區,C02,零食,95,53.0,0,0,4,239,6.8
2023-02-11,S04,新竹科學園區店,北區,C02,零食,129,51.1,0,1,5,447,8.8
2023-02-12,S04,新竹科學園區店,北區,C02,零食,122,56.8,0,1,6,198,8.7
2023-02-13,S04,新竹科學園區店,北區,C02,零食,59,56.9,0,0,0,173,5.0
2023-02-14,S04,新竹科學園區店,北區,C02,零食,99,55.3,0,0,1,328,6.7
2023-02-15,S04,新竹科學園區店,北區,C02,零食,74,53.5,0,0,2,204,5.5
2023-02-16,S04,新竹科學園區店,北區,C02,零食,81,53.4,0,0,3,213,6.9
2023-02-17,S04,新竹科學園區店,北區,C02,零食,88,55.5,0,0,4,243,5.8
2023-02-18,S04,新竹科學園區店,北區,C02,零食,117,56.0,0,1,5,221,8.7
2023-02-19,S04,新竹科學園區店,北區,C02,零食,196,46.4,1,1,6,430,10.3
2023-02-20,S04,新竹科學園區店,北區,C02,零食,127,46.3,1,0,0,212,7.4
2023-02-21,S04,新竹科學園區店,北區,C02,零食,87,51.3,0,0,1,164,5.9
2023-02-22,S04,新竹科學園區店,北區,C02,零食,70,52.3,0,0,2,127,6.0
2023-02-23,S04,新竹科學園區店,北區,C02,零食,79,51.9,0,0,3,254,5.5
2023-02-24,S04,新竹科學園區店,北區,C02,零食,98,51.2,0,0,4,247,7.3
2023-02-25,S04,新竹科學園區店,北區,C02,零食,211,44.9,1,1,5,694,11.2
2023-02-26,S04,新竹科學園區店,北區,C02,零食,130,59.6,0,1,6,349,9.1
2023-02-27,S04,新竹科學園區店,北區,C02,零食,66,52.9,0,0,0,141,5.5
2023-02-28,S04,新竹科學園區店,北區,C02,零食,114,54.3,0,1,1,379,8.3
2023-03-01,S04,新竹科學園區店,北區,C02,零食,106,53.5,0,0,2,179,6.6
2023-03-02,S04,新竹科學園區店,北區,C02,零食,83,57.4,0,0,3,201,6.4
2023-03-03,S04,新竹科學園區店,北區,C02,零食,86,52.1,0,0,4,303,5.7
2023-03-04,S04,新竹科學園區店,北區,C02,零食,156,52.6,0,1,5,276,9.7
2023-03-05,S04,新竹科學園區店,北區,C02,零食,124,54.1,0,1,6,232,9.4
2023-03-06,S04,新竹科學園區店,北區,C02,零食,77,56.3,0,0,0,158,5.4
2023-03-07,S04,新竹科學園區店,北區,C02,零食,125,46.7,1,0,1,338,7.8
2023-03-08,S04,新竹科學園區店,北區,C02,零食,83,56.3,0,0,2,236,5.5
2023-03-09,S04,新竹科學園區店,北區,C02,零食,72,53.5,0,0,3,164,5.8
2023-03-10,S04,新竹科學園區店,北區,C02,零食,90,55.9,0,0,4,251,6.1
2023-03-11,S04,新竹科學園區店,北區,C02,零食,131,54.5,0,1,5,431,8.4
2023-03-12,S04,新竹科學園區店,北區,C02,零食,163,54.7,0,1,6,286,10.0
2023-03-13,S04,新竹科學園區店,北區,C02,零食,116,44.8,1,0,0,392,7.1
2023-03-14,S04,新竹科學園區店,北區,C02,零食,77,56.9,0,0,1,282,6.3
2023-03-15,S04,新竹科學園區店,北區,C02,零食,140,47.0,1,0,2,258,7.4
2023-03-16,S04,新竹科學園區店,北區,C02,零食,82,56.6,0,0,3,267,6.5
2023-03-17,S04,新竹科學園區店,北區,C02,零食,99,55.9,0,0,4,190,6.7
2023-03-18,S04,新竹科學園區店,北區,C02,零食,123,56.8,0,1,5,322,8.9
2023-03-19,S04,新竹科學園區店,北區,C02,零食,136,57.7,0,1,6,276,9.7
2023-03-20,S04,新竹科學園區店,北區,C02,零食,72,49.8,0,0,0,227,5.1
2023-03-21,S04,新竹科學園區店,北區,C02,零食,81,52.2,0,0,1,236,5.9
2023-03-22,S04,新竹科學園區店,北區,C02,零食,78,55.8,0,0,2,186,6.6
2023-03-23,S04,新竹科學園區店,北區,C02,零食,77,51.8,0,0,3,155,4.5
2023-03-24,S04,新竹科學園區店,北區,C02,零食,89,58.2,0,0,4,195,6.2
2023-03-25,S04,新竹科學園區店,北區,C02,零食,142,53.5,0,1,5,434,10.0
2023-03-26,S04,新竹科學園區店,北區,C02,零食,116,54.1,0,1,6,414,9.0
2023-03-27,S04,新竹科學園區店,北區,C02,零食,104,45.5,0,0,0,215,6.4
2023-03-28,S04,新竹科學園區店,北區,C02,零食,56,52.5,0,0,1,129,5.6
2023-03-29,S04,新竹科學園區店,北區,C02,零食,92,54.8,0,0,2,267,6.1
2023-03-30,S04,新竹科學園區店,北區,C02,零食,77,55.9,0,0,3,179,6.0
2023-03-31,S04,新竹科學園區店,北區,C02,零食,102,55.5,0,0,4,294,6.7
2023-04-01,S04,新竹科學園區店,北區,C02,零食,136,60.2,0,1,5,419,9.5
2023-04-02,S04,新竹科學園區店,北區,C02,零食,155,50.7,0,1,6,497,10.4
2023-04-03,S04,新竹科學園區店,北區,C02,零食,85,53.3,0,0,0,150,6.2
2023-04-04,S04,新竹科學園區店,北區,C02,零食,118,56.8,0,1,1,404,10.0
2023-04-05,S04,新竹科學園區店,北區,C02,零食,107,59.4,0,1,2,251,8.7
2023-04-06,S04,新竹科學園區店,北區,C02,零食,75,57.5,0,0,3,184,5.9
2023-04-07,S04,新竹科學園區店,北區,C02,零食,94,56.4,0,0,4,305,6.0
2023-04-08,S04,新竹科學園區店,北區,C02,零食,209,47.5,1,1,5,417,10.7
2023-04-09,S04,新竹科學園區店,北區,C02,零食,139,55.1,0,1,6,502,8.6
2023-04-10,S04,新竹科學園區店,北區,C02,零食,69,58.2,0,0,0,184,5.9
2023-04-11,S04,新竹科學園區店,北區,C02,零食,91,53.6,0,0,1,162,6.7
2023-04-12,S04,新竹科學園區店,北區,C02,零食,94,55.5,0,0,2,349,6.7
2023-04-13,S04,新竹科學園區店,北區,C02,零食,90,53.2,0,0,3,161,6.2
2023-04-14,S04,新竹科學園區店,北區,C02,零食,91,52.3,0,0,4,302,6.6
2023-04-15,S04,新竹科學園區店,北區,C02,零食,146,57.9,0,1,5,430,9.7
2023-04-16,S04,新竹科學園區店,北區,C02,零食,158,54.8,0,1,6,301,10.3
2023-04-17,S04,新竹科學園區店,北區,C02,零食,88,55.1,0,0,0,153,6.3
2023-04-18,S04,新竹科學園區店,北區,C02,零食,88,57.8,0,0,1,278,5.7
2023-04-19,S04,新竹科學園區店,北區,C02,零食,62,53.3,0,0,2,154,4.7
2023-04-20,S04,新竹科學園區店,北區,C02,零食,96,50.8,0,0,3,294,6.6
2023-04-21,S04,新竹科學園區店,北區,C02,零食,98,52.9,0,0,4,332,6.6
2023-04-22,S04,新竹科學園區店,北區,C02,零食,155,59.0,0,1,5,513,9.7
2023-04-23,S04,新竹科學園區店,北區,C02,零食,213,45.5,1,1,6,351,11.0
2023-04-24,S04,新竹科學園區店,北區,C02,零食,91,51.7,0,0,0,266,5.8
2023-04-25,S04,新竹科學園區店,北區,C02,零食,104,50.0,0,0,1,183,5.8
2023-04-26,S04,新竹科學園區店,北區,C02,零食,99,58.1,0,0,2,288,6.2
2023-04-27,S04,新竹科學園區店,北區,C02,零食,140,47.2,1,0,3,375,8.0
2023-04-28,S04,新竹科學園區店,北區,C02,零食,111,49.7,0,0,4,304,6.7
2023-04-29,S04,新竹科學園區店,北區,C02,零食,135,54.8,0,1,5,264,9.3
2023-04-30,S04,新竹科學園區店,北區,C02,零食,227,46.9,1,1,6,586,11.5
2023-05-01,S04,新竹科學園區店,北區,C02,零食,100,58.7,0,1,0,322,7.9
2023-05-02,S04,新竹科學園區店,北區,C02,零食,88,55.9,0,0,1,180,7.2
2023-05-03,S04,新竹科學園區店,北區,C02,零食,91,48.0,0,0,2,330,6.1
2023-05-04,S04,新竹科學園區店,北區,C02,零食,84,57.5,0,0,3,247,6.0
2023-05-05,S04,新竹科學園區店,北區,C02,零食,100,60.9,0,0,4,235,6.0
2023-05-06,S04,新竹科學園區店,北區,C02,零食,157,52.6,0,1,5,535,9.4
2023-05-07,S04,新竹科學園區店,北區,C02,零食,133,58.4,0,1,6,427,8.6
2023-05-08,S04,新竹科學園區店,北區,C02,零食,97,61.2,0,0,0,180,6.2
2023-05-09,S04,新竹科學園區店,北區,C02,零食,103,56.3,0,0,1,361,6.9
2023-05-10,S04,新竹科學園區店,北區,C02,零食,95,56.5,0,0,2,265,6.1
2023-05-11,S04,新竹科學園區店,北區,C02,零食,88,56.1,0,0,3,153,6.6
2023-05-12,S04,新竹科學園區店,北區,C02,零食,98,48.9,0,0,4,266,7.6
2023-05-13,S04,新竹科學園區店,北區,C02,零食,157,51.7,0,1,5,431,9.1
2023-05-14,S04,新竹科學園區店,北區,C02,零食,157,58.6,0,1,6,392,10.6
2023-05-15,S04,新竹科學園區店,北區,C02,零食,70,56.3,0,0,0,134,5.9
2023-05-16,S04,新竹科學園區店,北區,C02,零食,110,54.6,0,0,1,374,7.1
2023-05-17,S04,新竹科學園區店,北區,C02,零食,89,52.1,0,0,2,248,7.0
2023-05-18,S04,新竹科學園區店,北區,C02,零食,95,53.9,0,0,3,269,6.2
2023-05-19,S04,新竹科學園區店,北區,C02,零食,98,52.6,0,0,4,180,5.8
2023-05-20,S04,新竹科學園區店,北區,C02,零食,151,53.8,0,1,5,391,11.3
2023-05-21,S04,新竹科學園區店,北區,C02,零食,166,56.3,0,1,6,445,10.4
2023-05-22,S04,新竹科學園區店,北區,C02,零食,91,52.4,0,0,0,204,5.8
2023-05-23,S04,新竹科學園區店,北區,C02,零食,145,45.6,1,0,1,317,8.3
2023-05-24,S04,新竹科學園區店,北區,C02,零食,92,58.1,0,0,2,199,6.5
2023-05-25,S04,新竹科學園區店,北區,C02,零食,89,55.1,0,0,3,215,6.0
2023-05-26,S04,新竹科學園區店,北區,C02,零食,104,60.4,0,0,4,311,6.0
2023-05-27,S04,新竹科學園區店,北區,C02,零食,216,43.2,1,1,5,578,11.1
2023-05-28,S04,新竹科學園區店,北區,C02,零食,152,51.5,0,1,6,296,9.6
2023-05-29,S04,新竹科學園區店,北區,C02,零食,117,47.7,1,0,0,225,6.7
2023-05-30,S04,新竹科學園區店,北區,C02,零食,144,42.9,1,0,1,521,7.3
2023-05-31,S04,新竹科學園區店,北區,C02,零食,94,53.2,0,0,2,227,5.9
2023-06-01,S04,新竹科學園區店,北區,C02,零食,96,55.0,0,0,3,194,6.3
2023-06-02,S04,新竹科學園區店,北區,C02,零食,114,56.8,0,0,4,275,6.5
2023-06-03,S04,新竹科學園區店,北區,C02,零食,181,58.8,0,1,5,444,10.0
2023-06-04,S04,新竹科學園區店,北區,C02,零食,169,53.9,0,1,6,377,9.6
2023-06-05,S04,新竹科學園區店,北區,C02,零食,87,54.4,0,0,0,202,6.3
2023-06-06,S04,新竹科學園區店,北區,C02,零食,114,55.1,0,0,1,189,6.2
2023-06-07,S04,新竹科學園區店,北區,C02,零食,97,54.3,0,0,2,339,7.7
2023-06-08,S04,新竹科學園區店,北區,C02,零食,96,54.9,0,0,3,230,5.8
2023-06-09,S04,新竹科學園區店,北區,C02,零食,109,55.7,0,0,4,248,6.5
2023-06-10,S04,新竹科學園區店,北區,C02,零食,268,46.9,1,1,5,432,13.6
2023-06-11,S04,新竹科學園區店,北區,C02,零食,161,56.2,0,1,6,399,10.3
2023-06-12,S04,新竹科學園區店,北區,C02,零食,93,52.3,0,0,0,310,5.9
2023-06-13,S04,新竹科學園區店,北區,C02,零食,102,53.6,0,0,1,335,6.5
2023-06-14,S04,新竹科學園區店,北區,C02,零食,92,57.3,0,0,2,303,6.1
2023-06-15,S04,新竹科學園區店,北區,C02,零食,73,53.0,0,0,3,245,6.4
2023-06-16,S04,新竹科學園區店,北區,C02,零食,105,53.6,0,0,4,211,7.4
2023-06-17,S04,新竹科學園區店,北區,C02,零食,163,54.0,0,1,5,535,10.8
2023-06-18,S04,新竹科學園區店,北區,C02,零食,153,56.0,0,1,6,349,10.5
2023-06-19,S04,新竹科學園區店,北區,C02,零食,98,56.6,0,0,0,301,6.7
2023-06-20,S04,新竹科學園區店,北區,C02,零食,101,55.8,0,0,1,224,6.2
2023-06-21,S04,新竹科學園區店,北區,C02,零食,108,51.2,0,0,2,280,6.6
2023-06-22,S04,新竹科學園區店,北區,C02,零食,145,47.8,1,0,3,337,7.5
2023-06-23,S04,新竹科學園區店,北區,C02,零食,116,58.1,0,0,4,267,6.2
2023-06-24,S04,新竹科學園區店,北區,C02,零食,150,52.6,0,1,5,296,9.9
2023-06-25,S04,新竹科學園區店,北區,C02,零食,153,54.6,0,1,6,366,9.6
2023-06-26,S04,新竹科學園區店,北區,C02,零食,100,54.7,0,0,0,266,6.5
2023-06-27,S04,新竹科學園區店,北區,C02,零食,98,58.8,0,0,1,215,7.1
2023-06-28,S04,新竹科學園區店,北區,C02,零食,93,52.8,0,0,2,278,6.1
2023-06-29,S04,新竹科學園區店,北區,C02,零食,93,55.5,0,0,3,232,6.4
2023-06-30,S04,新竹科學園區店,北區,C02,零食,106,53.2,0,0,4,234,7.2
2023-07-01,S04,新竹科學園區店,北區,C02,零食,157,51.3,0,1,5,390,9.4
2023-07-02,S04,新竹科學園區店,北區,C02,零食,179,57.3,0,1,6,521,11.0
2023-07-03,S04,新竹科學園區店,北區,C02,零食,100,54.8,0,0,0,211,6.4
2023-07-04,S04,新竹科學園區店,北區,C02,零食,121,54.4,0,0,1,239,7.2
2023-07-05,S04,新竹科學園區店,北區,C02,零食,88,55.7,0,0,2,267,6.5
2023-07-06,S04,新竹科學園區店,北區,C02,零食,173,41.5,1,0,3,585,9.7
2023-07-07,S04,新竹科學園區店,北區,C02,零食,68,60.7,0,0,4,127,5.6
2023-07-08,S04,新竹科學園區店,北區,C02,零食,163,60.3,0,1,5,496,10.0
2023-07-09,S04,新竹科學園區店,北區,C02,零食,176,54.8,0,1,6,388,10.9
2023-07-10,S04,新竹科學園區店,北區,C02,零食,116,51.4,0,0,0,429,7.2
2023-07-11,S04,新竹科學園區店,北區,C02,零食,110,54.7,0,0,1,363,6.8
2023-07-12,S04,新竹科學園區店,北區,C02,零食,94,60.2,0,0,2,314,5.5
2023-07-13,S04,新竹科學園區店,北區,C02,零食,96,52.8,0,0,3,348,6.3
2023-07-14,S04,新竹科學園區店,北區,C02,零食,131,58.2,0,0,4,428,6.9
2023-07-15,S04,新竹科學園區店,北區,C02,零食,163,55.7,0,1,5,407,9.9
2023-07-16,S04,新竹科學園區店,北區,C02,零食,171,53.9,0,1,6,348,9.8
2023-07-17,S04,新竹科學園區店,北區,C02,零食,81,53.2,0,0,0,211,6.1
2023-07-18,S04,新竹科學園區店,北區,C02,零食,83,55.5,0,0,1,219,6.0
2023-07-19,S04,新竹科學園區店,北區,C02,零食,142,44.4,1,0,2,236,6.9
2023-07-20,S04,新竹科學園區店,北區,C02,零食,91,52.6,0,0,3,309,6.2
2023-07-21,S04,新竹科學園區店,北區,C02,零食,115,51.4,0,0,4,299,7.0
2023-07-22,S04,新竹科學園區店,北區,C02,零食,154,54.8,0,1,5,546,10.6
2023-07-23,S04,新竹科學園區店,北區,C02,零食,154,56.8,0,1,6,333,11.1
2023-07-24,S04,新竹科學園區店,北區,C02,零食,103,53.3,0,0,0,354,6.2
2023-07-25,S04,新竹科學園區店,北區,C02,零食,102,56.7,0,0,1,193,6.2
2023-07-26,S04,新竹科學園區店,北區,C02,零食,107,57.5,0,0,2,281,6.6
2023-07-27,S04,新竹科學園區店,北區,C02,零食,95,53.3,0,0,3,257,6.1
2023-07-28,S04,新竹科學園區店,北區,C02,零食,103,53.0,0,0,4,328,6.9
2023-07-29,S04,新竹科學園區店,北區,C02,零食,139,56.1,0,1,5,399,9.0
2023-07-30,S04,新竹科學園區店,北區,C02,零食,154,56.9,0,1,6,448,9.8
2023-07-31,S04,新竹科學園區店,北區,C02,零食,83,60.2,0,0,0,273,6.3
2023-08-01,S04,新竹科學園區店,北區,C02,零食,138,42.6,1,0,1,460,7.5
2023-08-02,S04,新竹科學園區店,北區,C02,零食,153,45.1,1,0,2,426,7.7
2023-08-03,S04,新竹科學園區店,北區,C02,零食,92,53.6,0,0,3,302,6.1
2023-08-04,S04,新竹科學園區店,北區,C02,零食,100,54.5,0,0,4,348,5.6
2023-08-05,S04,新竹科學園區店,北區,C02,零食,148,56.7,0,1,5,381,10.4
2023-08-06,S04,新竹科學園區店,北區,C02,零食,143,52.8,0,1,6,254,9.5
2023-08-07,S04,新竹科學園區店,北區,C02,零食,80,51.1,0,0,0,275,6.4
2023-08-08,S04,新竹科學園區店,北區,C02,零食,99,61.1,0,0,1,296,6.4
2023-08-09,S04,新竹科學園區店,北區,C02,零食,103,55.7,0,0,2,306,7.0
2023-08-10,S04,新竹科學園區店,北區,C02,零食,131,47.4,1,0,3,282,7.8
2023-08-11,S04,新竹科學園區店,北區,C02,零食,113,51.2,0,0,4,368,6.4
2023-08-12,S04,新竹科學園區店,北區,C02,零食,143,56.7,0,1,5,439,10.1
2023-08-13,S04,新竹科學園區店,北區,C02,零食,150,52.0,0,1,6,478,10.1
2023-08-14,S04,新竹科學園區店,北區,C02,零食,78,53.1,0,0,0,218,6.7
2023-08-15,S04,新竹科學園區店,北區,C02,零食,98,59.3,0,0,1,183,6.1
2023-08-16,S04,新竹科學園區店,北區,C02,零食,111,53.5,0,0,2,219,6.3
2023-08-17,S04,新竹科學園區店,北區,C02,零食,97,54.4,0,0,3,247,5.5
2023-08-18,S04,新竹科學園區店,北區,C02,零食,158,51.4,1,0,4,507,8.5
2023-08-19,S04,新竹科學園區店,北區,C02,零食,160,55.0,0,1,5,504,9.4
2023-08-20,S04,新竹科學園區店,北區,C02,零食,159,61.7,0,1,6,346,10.6
2023-08-21,S04,新竹科學園區店,北區,C02,零食,87,55.9,0,0,0,284,6.2
2023-08-22,S04,新竹科學園區店,北區,C02,零食,93,55.0,0,0,1,274,6.4
2023-08-23,S04,新竹科學園區店,北區,C02,零食,108,55.5,0,0,2,302,7.3
2023-08-24,S04,新竹科學園區店,北區,C02,零食,143,50.3,1,0,3,233,7.3
2023-08-25,S04,新竹科學園區店,北區,C02,零食,100,56.8,0,0,4,191,7.0
2023-08-26,S04,新竹科學園區店,北區,C02,零食,156,55.3,0,1,5,364,10.5
2023-08-27,S04,新竹科學園區店,北區,C02,零食,253,44.5,1,1,6,860,12.4
2023-08-28,S04,新竹科學園區店,北區,C02,零食,72,56.5,0,0,0,224,5.6
2023-08-29,S04,新竹科學園區店,北區,C02,零食,78,50.4,0,0,1,132,6.1
2023-08-30,S04,新竹科學園區店,北區,C02,零食,85,54.0,0,0,2,237,6.3
2023-08-31,S04,新竹科學園區店,北區,C02,零食,108,50.6,0,0,3,195,5.8
2023-09-01,S04,新竹科學園區店,北區,C02,零食,113,54.4,0,0,4,283,7.3
2023-09-02,S04,新竹科學園區店,北區,C02,零食,155,52.8,0,1,5,386,9.2
2023-09-03,S04,新竹科學園區店,北區,C02,零食,155,51.0,0,1,6,399,9.7
2023-09-04,S04,新竹科學園區店,北區,C02,零食,89,52.9,0,0,0,179,6.1
2023-09-05,S04,新竹科學園區店,北區,C02,零食,148,45.5,1,0,1,356,7.9
2023-09-06,S04,新竹科學園區店,北區,C02,零食,94,57.9,0,0,2,238,6.6
2023-09-07,S04,新竹科學園區店,北區,C02,零食,81,52.3,0,0,3,284,6.7
2023-09-08,S04,新竹科學園區店,北區,C02,零食,101,55.8,0,0,4,344,7.3
2023-09-09,S04,新竹科學園區店,北區,C02,零食,141,51.9,0,1,5,407,9.3
2023-09-10,S04,新竹科學園區店,北區,C02,零食,139,59.5,0,1,6,377,9.3
2023-09-11,S04,新竹科學園區店,北區,C02,零食,91,56.6,0,0,0,309,6.0
2023-09-12,S04,新竹科學園區店,北區,C02,零食,97,58.5,0,0,1,341,6.8
2023-09-13,S04,新竹科學園區店,北區,C02,零食,83,55.2,0,0,2,239,6.3
2023-09-14,S04,新竹科學園區店,北區,C02,零食,65,51.9,0,0,3,175,5.8
2023-09-15,S04,新竹科學園區店,北區,C02,零食,79,57.7,0,0,4,179,4.7
2023-09-16,S04,新竹科學園區店,北區,C02,零食,216,48.9,1,1,5,352,10.8
2023-09-17,S04,新竹科學園區店,北區,C02,零食,167,52.2,0,1,6,460,9.8
2023-09-18,S04,新竹科學園區店,北區,C02,零食,98,58.3,0,0,0,247,6.6
2023-09-19,S04,新竹科學園區店,北區,C02,零食,103,52.5,0,0,1,302,7.0
2023-09-20,S04,新竹科學園區店,北區,C02,零食,96,52.8,0,0,2,226,6.5
2023-09-21,S04,新竹科學園區店,北區,C02,零食,86,53.5,0,0,3,213,5.8
2023-09-22,S04,新竹科學園區店,北區,C02,零食,149,48.4,1,0,4,362,6.7
2023-09-23,S04,新竹科學園區店,北區,C02,零食,172,54.6,0,1,5,485,9.6
2023-09-24,S04,新竹科學園區店,北區,C02,零食,255,42.6,1,1,6,905,11.9
2023-09-25,S04,新竹科學園區店,北區,C02,零食,83,55.3,0,0,0,170,6.6
2023-09-26,S04,新竹科學園區店,北區,C02,零食,114,58.0,0,0,1,229,7.1
2023-09-27,S04,新竹科學園區店,北區,C02,零食,85,53.5,0,0,2,151,5.7
2023-09-28,S04,新竹科學園區店,北區,C02,零食,114,52.7,0,0,3,303,5.9
2023-09-29,S04,新竹科學園區店,北區,C02,零食,109,55.5,0,0,4,303,7.2
2023-09-30,S04,新竹科學園區店,北區,C02,零食,107,53.7,0,1,5,332,9.1
2023-10-01,S04,新竹科學園區店,北區,C02,零食,221,44.4,1,1,6,426,12.2
2023-10-02,S04,新竹科學園區店,北區,C02,零食,76,54.2,0,0,0,207,6.2
2023-10-03,S04,新竹科學園區店,北區,C02,零食,100,51.4,0,0,1,196,6.5
2023-10-04,S04,新竹科學園區店,北區,C02,零食,98,49.7,0,0,2,233,7.2
2023-10-05,S04,新竹科學園區店,北區,C02,零食,94,55.4,0,0,3,243,5.9
2023-10-06,S04,新竹科學園區店,北區,C02,零食,100,50.2,0,0,4,288,6.7
2023-10-07,S04,新竹科學園區店,北區,C02,零食,137,54.3,0,1,5,484,9.8
2023-10-08,S04,新竹科學園區店,北區,C02,零食,210,46.3,1,1,6,605,11.9
2023-10-09,S04,新竹科學園區店,北區,C02,零食,81,58.1,0,0,0,215,6.8
2023-10-10,S04,新竹科學園區店,北區,C02,零食,116,53.5,0,1,1,361,9.1
2023-10-11,S04,新竹科學園區店,北區,C02,零食,91,53.6,0,0,2,332,6.3
2023-10-12,S04,新竹科學園區店,北區,C02,零食,72,56.4,0,0,3,172,5.3
2023-10-13,S04,新竹科學園區店,北區,C02,零食,84,56.2,0,0,4,251,6.0
2023-10-14,S04,新竹科學園區店,北區,C02,零食,151,54.1,0,1,5,327,9.4
2023-10-15,S04,新竹科學園區店,北區,C02,零食,161,52.4,0,1,6,508,10.5
2023-10-16,S04,新竹科學園區店,北區,C02,零食,136,45.2,1,0,0,486,7.8
2023-10-17,S04,新竹科學園區店,北區,C02,零食,84,51.6,0,0,1,299,5.5
2023-10-18,S04,新竹科學園區店,北區,C02,零食,95,53.3,0,0,2,346,7.4
2023-10-19,S04,新竹科學園區店,北區,C02,零食,147,43.5,1,0,3,411,8.1
2023-10-20,S04,新竹科學園區店,北區,C02,零食,111,53.2,0,0,4,358,7.0
2023-10-21,S04,新竹科學園區店,北區,C02,零食,165,49.1,0,1,5,558,10.1
2023-10-22,S04,新竹科學園區店,北區,C02,零食,135,58.7,0,1,6,262,9.6
2023-10-23,S04,新竹科學園區店,北區,C02,零食,93,53.2,0,0,0,312,5.9
2023-10-24,S04,新竹科學園區店,北區,C02,零食,85,53.7,0,0,1,185,5.8
2023-10-25,S04,新竹科學園區店,北區,C02,零食,78,55.8,0,0,2,214,5.5
2023-10-26,S04,新竹科學園區店,北區,C02,零食,85,52.6,0,0,3,232,5.6
2023-10-27,S04,新竹科學園區店,北區,C02,零食,109,52.2,0,0,4,187,7.0
2023-10-28,S04,新竹科學園區店,北區,C02,零食,134,61.8,0,1,5,258,8.9
2023-10-29,S04,新竹科學園區店,北區,C02,零食,164,55.8,0,1,6,577,9.9
2023-10-30,S04,新竹科學園區店,北區,C02,零食,83,56.8,0,0,0,199,6.1
2023-10-31,S04,新竹科學園區店,北區,C02,零食,124,44.5,1,0,1,352,7.2
2023-11-01,S04,新竹科學園區店,北區,C02,零食,74,53.4,0,0,2,204,6.7
2023-11-02,S04,新竹科學園區店,北區,C02,零食,92,61.8,0,0,3,182,6.3
2023-11-03,S04,新竹科學園區店,北區,C02,零食,113,55.6,0,0,4,238,7.0
2023-11-04,S04,新竹科學園區店,北區,C02,零食,150,54.0,0,1,5,532,9.1
2023-11-05,S04,新竹科學園區店,北區,C02,零食,133,59.1,0,1,6,242,8.7
2023-11-06,S04,新竹科學園區店,北區,C02,零食,101,55.7,0,0,0,241,7.1
2023-11-07,S04,新竹科學園區店,北區,C02,零食,97,54.0,0,0,1,196,6.7
2023-11-08,S04,新竹科學園區店,北區,C02,零食,80,60.8,0,0,2,203,6.3
2023-11-09,S04,新竹科學園區店,北區,C02,零食,94,49.9,0,0,3,344,6.7
2023-11-10,S04,新竹科學園區店,北區,C02,零食,99,53.9,0,0,4,314,7.2
2023-11-11,S04,新竹科學園區店,北區,C02,零食,177,52.2,0,1,5,624,10.8
2023-11-12,S04,新竹科學園區店,北區,C02,零食,141,59.9,0,1,6,479,9.3
2023-11-13,S04,新竹科學園區店,北區,C02,零食,77,53.5,0,0,0,168,5.8
2023-11-14,S04,新竹科學園區店,北區,C02,零食,88,52.6,0,0,1,260,6.6
2023-11-15,S04,新竹科學園區店,北區,C02,零食,91,56.6,0,0,2,158,6.7
2023-11-16,S04,新竹科學園區店,北區,C02,零食,91,54.3,0,0,3,208,7.5
2023-11-17,S04,新竹科學園區店,北區,C02,零食,89,57.5,0,0,4,221,6.8
2023-11-18,S04,新竹科學園區店,北區,C02,零食,114,56.0,0,1,5,210,8.4
2023-11-19,S04,新竹科學園區店,北區,C02,零食,155,58.8,0,1,6,401,9.7
2023-11-20,S04,新竹科學園區店,北區,C02,零食,77,55.6,0,0,0,145,7.1
2023-11-21,S04,新竹科學園區店,北區,C02,零食,132,50.4,1,0,1,250,7.3
2023-11-22,S04,新竹科學園區店,北區,C02,零食,134,46.9,1,0,2,311,8.2
2023-11-23,S04,新竹科學園區店,北區,C02,零食,109,54.9,0,0,3,319,6.4
2023-11-24,S04,新竹科學園區店,北區,C02,零食,77,54.2,0,0,4,257,5.7
2023-11-25,S04,新竹科學園區店,北區,C02,零食,172,54.3,0,1,5,331,10.7
2023-11-26,S04,新竹科學園區店,北區,C02,零食,128,54.6,0,1,6,254,9.4
2023-11-27,S04,新竹科學園區店,北區,C02,零食,124,45.8,1,0,0,340,6.8
2023-11-28,S04,新竹科學園區店,北區,C02,零食,72,59.3,0,0,1,240,5.9
2023-11-29,S04,新竹科學園區店,北區,C02,零食,91,52.3,0,0,2,302,6.8
2023-11-30,S04,新竹科學園區店,北區,C02,零食,73,51.3,0,0,3,195,6.3
2023-12-01,S04,新竹科學園區店,北區,C02,零食,148,44.9,1,0,4,427,7.5
2023-12-02,S04,新竹科學園區店,北區,C02,零食,156,58.5,0,1,5,528,9.9
2023-12-03,S04,新竹科學園區店,北區,C02,零食,161,58.0,0,1,6,274,10.8
2023-12-04,S04,新竹科學園區店,北區,C02,零食,93,51.3,0,0,0,168,6.6
2023-12-05,S04,新竹科學園區店,北區,C02,零食,97,52.2,0,0,1,285,6.8
2023-12-06,S04,新竹科學園區店,北區,C02,零食,92,52.7,0,0,2,343,6.0
2023-12-07,S04,新竹科學園區店,北區,C02,零食,99,60.3,0,0,3,357,6.9
2023-12-08,S04,新竹科學園區店,北區,C02,零食,97,57.1,0,0,4,215,6.0
2023-12-09,S04,新竹科學園區店,北區,C02,零食,147,56.1,0,1,5,348,9.9
2023-12-10,S04,新竹科學園區店,北區,C02,零食,136,54.8,0,1,6,378,8.9
2023-12-11,S04,新竹科學園區店,北區,C02,零食,87,52.6,0,0,0,190,7.0
2023-12-12,S04,新竹科學園區店,北區,C02,零食,109,57.0,0,0,1,295,6.7
2023-12-13,S04,新竹科學園區店,北區,C02,零食,98,59.5,0,0,2,183,6.8
2023-12-14,S04,新竹科學園區店,北區,C02,零食,94,56.5,0,0,3,207,7.2
2023-12-15,S04,新竹科學園區店,北區,C02,零食,175,45.8,1,0,4,489,8.4
2023-12-16,S04,新竹科學園區店,北區,C02,零食,289,46.7,1,1,5,763,13.3
2023-12-17,S04,新竹科學園區店,北區,C02,零食,266,47.4,1,1,6,711,13.5
2023-12-18,S04,新竹科學園區店,北區,C02,零食,88,52.5,0,0,0,184,6.5
2023-12-19,S04,新竹科學園區店,北區,C02,零食,69,54.6,0,0,1,207,5.5
2023-12-20,S04,新竹科學園區店,北區,C02,零食,103,56.1,0,0,2,196,7.2
2023-12-21,S04,新竹科學園區店,北區,C02,零食,93,53.3,0,0,3,305,7.1
2023-12-22,S04,新竹科學園區店,北區,C02,零食,121,57.0,0,0,4,345,6.7
2023-12-23,S04,新竹科學園區店,北區,C02,零食,258,42.7,1,1,5,634,12.7
2023-12-24,S04,新竹科學園區店,北區,C02,零食,122,57.2,0,1,6,364,9.2
2023-12-25,S04,新竹科學園區店,北區,C02,零食,130,61.3,0,1,0,323,9.5
2023-12-26,S04,新竹科學園區店,北區,C02,零食,95,54.4,0,0,1,346,6.2
2023-12-27,S04,新竹科學園區店,北區,C02,零食,83,56.6,0,0,2,203,6.2
2023-12-28,S04,新竹科學園區店,北區,C02,零食,90,54.3,0,0,3,233,6.5
2023-12-29,S04,新竹科學園區店,北區,C02,零食,95,55.3,0,0,4,251,6.6
2023-12-30,S04,新竹科學園區店,北區,C02,零食,167,50.7,0,1,5,397,10.3
2023-12-31,S04,新竹科學園區店,北區,C02,零食,159,59.2,0,1,6,277,10.5
2024-01-01,S04,新竹科學園區店,北區,C02,零食,139,55.5,0,1,0,341,8.7
2024-01-02,S04,新竹科學園區店,北區,C02,零食,108,64.6,0,0,1,244,6.2
2024-01-03,S04,新竹科學園區店,北區,C02,零食,117,53.8,0,0,2,361,8.1
2024-01-04,S04,新竹科學園區店,北區,C02,零食,136,51.7,0,0,3,435,7.2
2024-01-05,S04,新竹科學園區店,北區,C02,零食,128,50.1,0,0,4,283,6.0
2024-01-06,S04,新竹科學園區店,北區,C02,零食,175,57.5,0,1,5,614,11.0
2024-01-07,S04,新竹科學園區店,北區,C02,零食,242,46.5,1,1,6,519,11.4
2024-01-08,S04,新竹科學園區店,北區,C02,零食,123,44.4,1,0,0,376,6.5
2024-01-09,S04,新竹科學園區店,北區,C02,零食,92,52.5,0,0,1,262,6.4
2024-01-10,S04,新竹科學園區店,北區,C02,零食,112,52.4,0,0,2,279,6.4
2024-01-11,S04,新竹科學園區店,北區,C02,零食,88,53.4,0,0,3,248,6.4
2024-01-12,S04,新竹科學園區店,北區,C02,零食,118,55.4,0,0,4,425,7.7
2024-01-13,S04,新竹科學園區店,北區,C02,零食,167,56.4,0,1,5,514,10.8
2024-01-14,S04,新竹科學園區店,北區,C02,零食,174,60.1,0,1,6,514,9.3
2024-01-15,S04,新竹科學園區店,北區,C02,零食,80,53.6,0,0,0,268,5.1
2024-01-16,S04,新竹科學園區店,北區,C02,零食,161,49.9,1,0,1,390,7.6
2024-01-17,S04,新竹科學園區店,北區,C02,零食,119,50.8,0,0,2,317,7.0
2024-01-18,S04,新竹科學園區店,北區,C02,零食,119,60.8,0,0,3,363,7.1
2024-01-19,S04,新竹科學園區店,北區,C02,零食,137,51.8,0,0,4,322,7.6
2024-01-20,S04,新竹科學園區店,北區,C02,零食,164,54.8,0,1,5,363,10.3
2024-01-21,S04,新竹科學園區店,北區,C02,零食,158,55.3,0,1,6,568,10.3
2024-01-22,S04,新竹科學園區店,北區,C02,零食,162,47.3,1,0,0,271,8.0
2024-01-23,S04,新竹科學園區店,北區,C02,零食,124,54.4,0,0,1,359,7.0
2024-01-24,S04,新竹科學園區店,北區,C02,零食,87,51.8,0,0,2,148,5.4
2024-01-25,S04,新竹科學園區店,北區,C02,零食,99,51.8,0,0,3,223,6.6
2024-01-26,S04,新竹科學園區店,北區,C02,零食,107,56.1,0,0,4,255,7.1
2024-01-27,S04,新竹科學園區店,北區,C02,零食,150,58.5,0,1,5,431,9.3
2024-01-28,S04,新竹科學園區店,北區,C02,零食,143,58.2,0,1,6,436,9.5
2024-01-29,S04,新竹科學園區店,北區,C02,零食,94,55.5,0,0,0,257,5.8
2024-01-30,S04,新竹科學園區店,北區,C02,零食,167,49.3,1,0,1,440,8.2
2024-01-31,S04,新竹科學園區店,北區,C02,零食,110,58.6,0,0,2,255,6.9
2024-02-01,S04,新竹科學園區店,北區,C02,零食,163,48.6,1,0,3,492,8.2
2024-02-02,S04,新竹科學園區店,北區,C02,零食,108,53.3,0,0,4,250,6.5
2024-02-03,S04,新竹科學園區店,北區,C02,零食,167,50.8,0,1,5,303,10.3
2024-02-04,S04,新竹科學園區店,北區,C02,零食,179,50.5,0,1,6,521,10.7
2024-02-05,S04,新竹科學園區店,北區,C02,零食,133,47.1,1,0,0,441,6.7
2024-02-06,S04,新竹科學園區店,北區,C02,零食,104,54.6,0,0,1,317,7.4
2024-02-07,S04,新竹科學園區店,北區,C02,零食,87,55.4,0,0,2,169,5.6
2024-02-08,S04,新竹科學園區店,北區,C02,零食,106,57.4,0,0,3,248,7.3
2024-02-09,S04,新竹科學園區店,北區,C02,零食,192,48.4,1,0,4,664,8.7
2024-02-10,S04,新竹科學園區店,北區,C02,零食,151,52.5,0,1,5,436,9.8
2024-02-11,S04,新竹科學園區店,北區,C02,零食,141,56.8,0,1,6,318,9.5
2024-02-12,S04,新竹科學園區店,北區,C02,零食,71,58.5,0,0,0,242,5.7
2024-02-13,S04,新竹科學園區店,北區,C02,零食,106,56.0,0,0,1,231,6.8
2024-02-14,S04,新竹科學園區店,北區,C02,零食,102,52.2,0,0,2,237,6.9
2024-02-15,S04,新竹科學園區店,北區,C02,零食,95,53.5,0,0,3,218,5.8
2024-02-16,S04,新竹科學園區店,北區,C02,零食,81,55.7,0,0,4,237,5.4
2024-02-17,S04,新竹科學園區店,北區,C02,零食,151,56.3,0,1,5,499,10.0
2024-02-18,S04,新竹科學園區店,北區,C02,零食,128,55.5,0,1,6,332,9.5
2024-02-19,S04,新竹科學園區店,北區,C02,零食,97,58.6,0,0,0,212,5.5
2024-02-20,S04,新竹科學園區店,北區,C02,零食,92,55.7,0,0,1,202,6.8
2024-02-21,S04,新竹科學園區店,北區,C02,零食,120,52.0,0,0,2,405,7.4
2024-02-22,S04,新竹科學園區店,北區,C02,零食,89,50.6,0,0,3,244,5.9
2024-02-23,S04,新竹科學園區店,北區,C02,零食,109,59.4,0,0,4,230,6.8
2024-02-24,S04,新竹科學園區店,北區,C02,零食,158,59.6,0,1,5,415,10.1
2024-02-25,S04,新竹科學園區店,北區,C02,零食,134,54.0,0,1,6,303,9.4
2024-02-26,S04,新竹科學園區店,北區,C02,零食,101,53.0,0,0,0,226,6.2
2024-02-27,S04,新竹科學園區店,北區,C02,零食,140,42.6,1,0,1,384,7.3
2024-02-28,S04,新竹科學園區店,北區,C02,零食,119,53.3,0,1,2,232,9.0
2024-02-29,S04,新竹科學園區店,北區,C02,零食,95,54.2,0,0,3,217,6.3
2024-03-01,S04,新竹科學園區店,北區,C02,零食,99,57.8,0,0,4,203,6.9
2024-03-02,S04,新竹科學園區店,北區,C02,零食,138,54.7,0,1,5,330,9.5
2024-03-03,S04,新竹科學園區店,北區,C02,零食,154,55.0,0,1,6,393,10.1
2024-03-04,S04,新竹科學園區店,北區,C02,零食,87,56.0,0,0,0,195,6.3
2024-03-05,S04,新竹科學園區店,北區,C02,零食,88,57.8,0,0,1,223,5.6
2024-03-06,S04,新竹科學園區店,北區,C02,零食,97,57.3,0,0,2,213,5.6
2024-03-07,S04,新竹科學園區店,北區,C02,零食,101,53.6,0,0,3,363,5.7
2024-03-08,S04,新竹科學園區店,北區,C02,零食,132,52.1,0,0,4,231,7.0
2024-03-09,S04,新竹科學園區店,北區,C02,零食,167,55.0,0,1,5,369,10.3
2024-03-10,S04,新竹科學園區店,北區,C02,零食,169,55.6,0,1,6,444,9.7
2024-03-11,S04,新竹科學園區店,北區,C02,零食,93,54.0,0,0,0,286,6.9
2024-03-12,S04,新竹科學園區店,北區,C02,零食,84,56.3,0,0,1,226,6.6
2024-03-13,S04,新竹科學園區店,北區,C02,零食,94,52.7,0,0,2,333,6.5
2024-03-14,S04,新竹科學園區店,北區,C02,零食,104,56.6,0,0,3,375,6.5
2024-03-15,S04,新竹科學園區店,北區,C02,零食,98,57.0,0,0,4,313,5.8
2024-03-16,S04,新竹科學園區店,北區,C02,零食,165,54.5,0,1,5,456,10.6
2024-03-17,S04,新竹科學園區店,北區,C02,零食,153,54.8,0,1,6,261,10.7
2024-03-18,S04,新竹科學園區店,北區,C02,零食,144,44.4,1,0,0,296,7.2
2024-03-19,S04,新竹科學園區店,北區,C02,零食,97,57.1,0,0,1,328,6.6
2024-03-20,S04,新竹科學園區店,北區,C02,零食,70,52.3,0,0,2,132,5.2
2024-03-21,S04,新竹科學園區店,北區,C02,零食,95,56.9,0,0,3,187,7.8
2024-03-22,S04,新竹科學園區店,北區,C02,零食,117,51.4,0,0,4,219,6.5
2024-03-23,S04,新竹科學園區店,北區,C02,零食,171,49.3,0,1,5,380,10.3
2024-03-24,S04,新竹科學園區店,北區,C02,零食,257,47.2,1,1,6,448,12.0
2024-03-25,S04,新竹科學園區店,北區,C02,零食,91,54.0,0,0,0,211,5.8
2024-03-26,S04,新竹科學園區店,北區,C02,零食,95,50.5,0,0,1,318,6.2
2024-03-27,S04,新竹科學園區店,北區,C02,零食,107,54.0,0,0,2,365,6.8
2024-03-28,S04,新竹科學園區店,北區,C02,零食,100,55.7,0,0,3,305,6.9
2024-03-29,S04,新竹科學園區店,北區,C02,零食,113,53.5,0,0,4,196,6.3
2024-03-30,S04,新竹科學園區店,北區,C02,零食,184,58.3,0,1,5,490,10.6
2024-03-31,S04,新竹科學園區店,北區,C02,零食,149,55.6,0,1,6,355,10.1
2024-04-01,S04,新竹科學園區店,北區,C02,零食,95,53.6,0,0,0,295,6.3
2024-04-02,S04,新竹科學園區店,北區,C02,零食,103,52.8,0,0,1,269,6.8
2024-04-03,S04,新竹科學園區店,北區,C02,零食,98,58.0,0,0,2,326,6.8
2024-04-04,S04,新竹科學園區店,北區,C02,零食,138,55.2,0,1,3,359,8.4
2024-04-05,S04,新竹科學園區店,北區,C02,零食,184,55.0,0,1,4,338,11.8
2024-04-06,S04,新竹科學園區店,北區,C02,零食,267,44.5,1,1,5,581,12.9
2024-04-07,S04,新竹科學園區店,北區,C02,零食,174,51.7,0,1,6,475,10.4
2024-04-08,S04,新竹科學園區店,北區,C02,零食,120,50.7,1,0,0,374,5.9
2024-04-09,S04,新竹科學園區店,北區,C02,零食,106,55.2,0,0,1,383,7.6
2024-04-10,S04,新竹科學園區店,北區,C02,零食,100,59.8,0,0,2,269,6.4
2024-04-11,S04,新竹科學園區店,北區,C02,零食,119,50.4,0,0,3,278,6.8
2024-04-12,S04,新竹科學園區店,北區,C02,零食,105,54.2,0,0,4,262,6.8
2024-04-13,S04,新竹科學園區店,北區,C02,零食,175,54.6,0,1,5,462,10.2
2024-04-14,S04,新竹科學園區店,北區,C02,零食,159,51.5,0,1,6,344,10.4
2024-04-15,S04,新竹科學園區店,北區,C02,零食,87,52.6,0,0,0,276,6.3
2024-04-16,S04,新竹科學園區店,北區,C02,零食,130,56.5,0,0,1,241,7.9
2024-04-17,S04,新竹科學園區店,北區,C02,零食,139,51.8,0,0,2,265,8.4
2024-04-18,S04,新竹科學園區店,北區,C02,零食,188,43.5,1,0,3,663,9.9
2024-04-19,S04,新竹科學園區店,北區,C02,零食,111,56.3,0,0,4,357,7.2
2024-04-20,S04,新竹科學園區店,北區,C02,零食,187,59.8,0,1,5,531,11.1
2024-04-21,S04,新竹科學園區店,北區,C02,零食,274,47.3,1,1,6,666,12.6
2024-04-22,S04,新竹科學園區店,北區,C02,零食,104,53.1,0,0,0,261,6.3
2024-04-23,S04,新竹科學園區店,北區,C02,零食,103,54.6,0,0,1,285,6.3
2024-04-24,S04,新竹科學園區店,北區,C02,零食,78,53.8,0,0,2,253,7.6
2024-04-25,S04,新竹科學園區店,北區,C02,零食,109,53.9,0,0,3,281,6.2
2024-04-26,S04,新竹科學園區店,北區,C02,零食,138,52.4,0,0,4,310,7.6
2024-04-27,S04,新竹科學園區店,北區,C02,零食,133,57.3,0,1,5,284,9.0
2024-04-28,S04,新竹科學園區店,北區,C02,零食,169,53.9,0,1,6,487,11.0
2024-04-29,S04,新竹科學園區店,北區,C02,零食,158,45.0,1,0,0,459,8.7
2024-04-30,S04,新竹科學園區店,北區,C02,零食,96,53.5,0,0,1,211,7.1
2024-05-01,S04,新竹科學園區店,北區,C02,零食,117,58.3,0,1,2,229,9.2
2024-05-02,S04,新竹科學園區店,北區,C02,零食,110,56.8,0,0,3,209,6.4
2024-05-03,S04,新竹科學園區店,北區,C02,零食,127,56.1,0,0,4,430,6.2
2024-05-04,S04,新竹科學園區店,北區,C02,零食,182,53.4,0,1,5,394,10.4
2024-05-05,S04,新竹科學園區店,北區,C02,零食,194,54.9,0,1,6,591,11.4
2024-05-06,S04,新竹科學園區店,北區,C02,零食,102,57.1,0,0,0,175,7.1
2024-05-07,S04,新竹科學園區店,北區,C02,零食,118,54.3,0,0,1,230,7.5
2024-05-08,S04,新竹科學園區店,北區,C02,零食,133,54.5,0,0,2,254,7.0
2024-05-09,S04,新竹科學園區店,北區,C02,零食,183,50.9,1,0,3,549,8.5
2024-05-10,S04,新竹科學園區店,北區,C02,零食,194,46.0,1,0,4,312,8.8
2024-05-11,S04,新竹科學園區店,北區,C02,零食,147,54.8,0,1,5,526,10.1
2024-05-12,S04,新竹科學園區店,北區,C02,零食,184,54.3,0,1,6,571,10.9
2024-05-13,S04,新竹科學園區店,北區,C02,零食,84,56.2,0,0,0,247,6.0
2024-05-14,S04,新竹科學園區店,北區,C02,零食,128,55.2,0,0,1,283,7.9
2024-05-15,S04,新竹科學園區店,北區,C02,零食,96,54.0,0,0,2,347,6.2
2024-05-16,S04,新竹科學園區店,北區,C02,零食,116,55.9,0,0,3,301,7.2
2024-05-17,S04,新竹科學園區店,北區,C02,零食,149,56.4,0,0,4,309,8.3
2024-05-18,S04,新竹科學園區店,北區,C02,零食,168,49.6,0,1,5,466,10.1
2024-05-19,S04,新竹科學園區店,北區,C02,零食,184,55.2,0,1,6,381,10.1
2024-05-20,S04,新竹科學園區店,北區,C02,零食,94,55.8,0,0,0,333,6.3
2024-05-21,S04,新竹科學園區店,北區,C02,零食,172,49.0,1,0,1,350,8.2
2024-05-22,S04,新竹科學園區店,北區,C02,零食,102,58.5,0,0,2,252,6.2
2024-05-23,S04,新竹科學園區店,北區,C02,零食,107,54.0,0,0,3,235,7.4
2024-05-24,S04,新竹科學園區店,北區,C02,零食,109,55.0,0,0,4,347,7.0
2024-05-25,S04,新竹科學園區店,北區,C02,零食,156,58.2,0,1,5,342,9.9
2024-05-26,S04,新竹科學園區店,北區,C02,零食,182,56.1,0,1,6,396,10.9
2024-05-27,S04,新竹科學園區店,北區,C02,零食,148,45.7,1,0,0,498,7.4
2024-05-28,S04,新竹科學園區店,北區,C02,零食,108,56.5,0,0,1,197,6.7
2024-05-29,S04,新竹科學園區店,北區,C02,零食,125,54.3,0,0,2,218,6.9
2024-05-30,S04,新竹科學園區店,北區,C02,零食,93,55.8,0,0,3,145,6.5
2024-05-31,S04,新竹科學園區店,北區,C02,零食,110,54.4,0,0,4,344,6.7
2024-06-01,S04,新竹科學園區店,北區,C02,零食,172,54.9,0,1,5,500,10.6
2024-06-02,S04,新竹科學園區店,北區,C02,零食,177,61.3,0,1,6,382,10.5
2024-06-03,S04,新竹科學園區店,北區,C02,零食,117,53.6,0,0,0,290,6.7
2024-06-04,S04,新竹科學園區店,北區,C02,零食,135,52.7,0,0,1,401,7.3
2024-06-05,S04,新竹科學園區店,北區,C02,零食,98,55.6,0,0,2,216,5.8
2024-06-06,S04,新竹科學園區店,北區,C02,零食,121,56.6,0,0,3,199,7.3
2024-06-07,S04,新竹科學園區店,北區,C02,零食,124,52.4,0,0,4,437,6.2
2024-06-08,S04,新竹科學園區店,北區,C02,零食,270,46.4,1,1,5,492,12.2
2024-06-09,S04,新竹科學園區店,北區,C02,零食,198,52.7,0,1,6,672,11.0
2024-06-10,S04,新竹科學園區店,北區,C02,零食,105,55.3,0,0,0,273,5.7
2024-06-11,S04,新竹科學園區店,北區,C02,零食,150,43.7,1,0,1,435,6.8
2024-06-12,S04,新竹科學園區店,北區,C02,零食,158,47.3,1,0,2,443,8.2
2024-06-13,S04,新竹科學園區店,北區,C02,零食,108,54.7,0,0,3,389,5.8
2024-06-14,S04,新竹科學園區店,北區,C02,零食,127,55.5,0,0,4,432,8.0
2024-06-15,S04,新竹科學園區店,北區,C02,零食,177,53.0,0,1,5,504,12.0
2024-06-16,S04,新竹科學園區店,北區,C02,零食,165,58.4,0,1,6,437,9.8
2024-06-17,S04,新竹科學園區店,北區,C02,零食,122,60.7,0,0,0,446,7.7
2024-06-18,S04,新竹科學園區店,北區,C02,零食,97,56.3,0,0,1,265,6.4
2024-06-19,S04,新竹科學園區店,北區,C02,零食,125,55.3,0,0,2,271,6.3
2024-06-20,S04,新竹科學園區店,北區,C02,零食,120,55.4,0,0,3,207,6.7
2024-06-21,S04,新竹科學園區店,北區,C02,零食,144,54.8,0,0,4,390,6.9
2024-06-22,S04,新竹科學園區店,北區,C02,零食,157,54.5,0,1,5,260,9.9
2024-06-23,S04,新竹科學園區店,北區,C02,零食,205,54.7,0,1,6,485,11.0
2024-06-24,S04,新竹科學園區店,北區,C02,零食,104,55.3,0,0,0,211,6.6
2024-06-25,S04,新竹科學園區店,北區,C02,零食,128,51.6,0,0,1,333,6.6
2024-06-26,S04,新竹科學園區店,北區,C02,零食,105,56.5,0,0,2,198,6.0
2024-06-27,S04,新竹科學園區店,北區,C02,零食,112,54.4,0,0,3,255,6.5
2024-06-28,S04,新竹科學園區店,北區,C02,零食,115,61.4,0,0,4,297,5.1
2024-06-29,S04,新竹科學園區店,北區,C02,零食,136,51.6,0,1,5,435,10.0
2024-06-30,S04,新竹科學園區店,北區,C02,零食,180,54.3,0,1,6,553,10.1
2024-07-01,S04,新竹科學園區店,北區,C02,零食,101,51.5,0,0,0,298,5.4
2024-07-02,S04,新竹科學園區店,北區,C02,零食,126,52.9,0,0,1,283,7.1
2024-07-03,S04,新竹科學園區店,北區,C02,零食,113,54.3,0,0,2,265,6.9
2024-07-04,S04,新竹科學園區店,北區,C02,零食,115,56.0,0,0,3,416,5.8
2024-07-05,S04,新竹科學園區店,北區,C02,零食,122,52.9,0,0,4,442,7.1
2024-07-06,S04,新竹科學園區店,北區,C02,零食,185,61.4,0,1,5,395,10.7
2024-07-07,S04,新竹科學園區店,北區,C02,零食,173,55.2,0,1,6,463,10.3
2024-07-08,S04,新竹科學園區店,北區,C02,零食,169,49.1,1,0,0,610,8.1
2024-07-09,S04,新竹科學園區店,北區,C02,零食,98,56.7,0,0,1,337,6.7
2024-07-10,S04,新竹科學園區店,北區,C02,零食,118,54.4,0,0,2,300,7.8
2024-07-11,S04,新竹科學園區店,北區,C02,零食,77,53.0,0,0,3,276,5.5
2024-07-12,S04,新竹科學園區店,北區,C02,零食,147,49.4,0,0,4,376,7.4
2024-07-13,S04,新竹科學園區店,北區,C02,零食,189,52.4,0,1,5,521,11.5
2024-07-14,S04,新竹科學園區店,北區,C02,零食,172,56.5,0,1,6,485,10.4
2024-07-15,S04,新竹科學園區店,北區,C02,零食,105,53.7,0,0,0,212,6.9
2024-07-16,S04,新竹科學園區店,北區,C02,零食,98,53.4,0,0,1,341,6.6
2024-07-17,S04,新竹科學園區店,北區,C02,零食,119,58.6,0,0,2,394,6.6
2024-07-18,S04,新竹科學園區店,北區,C02,零食,132,52.6,0,0,3,251,7.8
2024-07-19,S04,新竹科學園區店,北區,C02,零食,118,58.0,0,0,4,238,6.7
2024-07-20,S04,新竹科學園區店,北區,C02,零食,287,42.5,1,1,5,465,13.1
2024-07-21,S04,新竹科學園區店,北區,C02,零食,158,56.4,0,1,6,357,10.3
2024-07-22,S04,新竹科學園區店,北區,C02,零食,150,49.1,1,0,0,471,6.9
2024-07-23,S04,新竹科學園區店,北區,C02,零食,127,50.6,0,0,1,222,7.6
2024-07-24,S04,新竹科學園區店,北區,C02,零食,154,46.7,1,0,2,299,7.9
2024-07-25,S04,新竹科學園區店,北區,C02,零食,126,53.4,0,0,3,451,7.8
2024-07-26,S04,新竹科學園區店,北區,C02,零食,109,50.6,0,0,4,353,7.4
2024-07-27,S04,新竹科學園區店,北區,C02,零食,184,60.3,0,1,5,338,10.9
2024-07-28,S04,新竹科學園區店,北區,C02,零食,177,55.0,0,1,6,307,10.6
2024-07-29,S04,新竹科學園區店,北區,C02,零食,92,57.4,0,0,0,308,6.3
2024-07-30,S04,新竹科學園區店,北區,C02,零食,117,55.8,0,0,1,381,6.8
2024-07-31,S04,新竹科學園區店,北區,C02,零食,112,54.6,0,0,2,254,6.7
2024-08-01,S04,新竹科學園區店,北區,C02,零食,100,53.8,0,0,3,262,5.9
2024-08-02,S04,新竹科學園區店,北區,C02,零食,122,53.6,0,0,4,433,6.9
2024-08-03,S04,新竹科學園區店,北區,C02,零食,208,58.3,0,1,5,498,11.6
2024-08-04,S04,新竹科學園區店,北區,C02,零食,171,57.7,0,1,6,575,9.3
2024-08-05,S04,新竹科學園區店,北區,C02,零食,108,53.8,0,0,0,391,6.7
2024-08-06,S04,新竹科學園區店,北區,C02,零食,107,55.1,0,0,1,304,7.2
2024-08-07,S04,新竹科學園區店,北區,C02,零食,106,54.2,0,0,2,258,5.5
2024-08-08,S04,新竹科學園區店,北區,C02,零食,100,58.1,0,0,3,217,6.4
2024-08-09,S04,新竹科學園區店,北區,C02,零食,206,46.6,1,0,4,726,9.6
2024-08-10,S04,新竹科學園區店,北區,C02,零食,193,54.3,0,1,5,349,10.1
2024-08-11,S04,新竹科學園區店,北區,C02,零食,173,55.6,0,1,6,486,10.0
2024-08-12,S04,新竹科學園區店,北區,C02,零食,107,59.2,0,0,0,366,6.7
2024-08-13,S04,新竹科學園區店,北區,C02,零食,127,56.7,0,0,1,434,7.1
2024-08-14,S04,新竹科學園區店,北區,C02,零食,105,57.0,0,0,2,366,6.6
2024-08-15,S04,新竹科學園區店,北區,C02,零食,129,56.0,0,0,3,460,6.6
2024-08-16,S04,新竹科學園區店,北區,C02,零食,133,57.3,0,0,4,426,7.5
2024-08-17,S04,新竹科學園區店,北區,C02,零食,192,58.2,0,1,5,506,10.9
2024-08-18,S04,新竹科學園區店,北區,C02,零食,183,52.7,0,1,6,324,10.8
2024-08-19,S04,新竹科學園區店,北區,C02,零食,165,47.6,1,0,0,507,8.2
2024-08-20,S04,新竹科學園區店,北區,C02,零食,105,55.8,0,0,1,338,6.8
2024-08-21,S04,新竹科學園區店,北區,C02,零食,114,53.4,0,0,2,405,8.3
2024-08-22,S04,新竹科學園區店,北區,C02,零食,109,52.6,0,0,3,317,7.2
2024-08-23,S04,新竹科學園區店,北區,C02,零食,92,58.8,0,0,4,265,6.2
2024-08-24,S04,新竹科學園區店,北區,C02,零食,208,56.2,0,1,5,672,11.2
2024-08-25,S04,新竹科學園區店,北區,C02,零食,202,52.9,0,1,6,643,11.3
2024-08-26,S04,新竹科學園區店,北區,C02,零食,90,57.8,0,0,0,263,6.5
2024-08-27,S04,新竹科學園區店,北區,C02,零食,87,55.9,0,0,1,161,5.8
2024-08-28,S04,新竹科學園區店,北區,C02,零食,97,62.0,0,0,2,278,6.3
2024-08-29,S04,新竹科學園區店,北區,C02,零食,114,55.6,0,0,3,194,7.4
2024-08-30,S04,新竹科學園區店,北區,C02,零食,122,57.4,0,0,4,313,6.7
2024-08-31,S04,新竹科學園區店,北區,C02,零食,159,51.9,0,1,5,483,9.5
2024-09-01,S04,新竹科學園區店,北區,C02,零食,150,59.6,0,1,6,283,10.6
2024-09-02,S04,新竹科學園區店,北區,C02,零食,98,54.2,0,0,0,235,6.5
2024-09-03,S04,新竹科學園區店,北區,C02,零食,95,58.6,0,0,1,191,7.3
2024-09-04,S04,新竹科學園區店,北區,C02,零食,106,52.2,0,0,2,302,7.0
2024-09-05,S04,新竹科學園區店,北區,C02,零食,101,55.8,0,0,3,296,7.4
2024-09-06,S04,新竹科學園區店,北區,C02,零食,108,49.4,0,0,4,375,7.1
2024-09-07,S04,新竹科學園區店,北區,C02,零食,162,54.9,0,1,5,348,10.3
2024-09-08,S04,新竹科學園區店,北區,C02,零食,163,51.8,0,1,6,356,9.7
2024-09-09,S04,新竹科學園區店,北區,C02,零食,102,57.3,0,0,0,198,6.1
2024-09-10,S04,新竹科學園區店,北區,C02,零食,103,54.3,0,0,1,220,6.1
2024-09-11,S04,新竹科學園區店,北區,C02,零食,108,52.5,0,0,2,343,6.0
2024-09-12,S04,新竹科學園區店,北區,C02,零食,112,56.2,0,0,3,275,6.3
2024-09-13,S04,新竹科學園區店,北區,C02,零食,116,57.2,0,0,4,384,6.8
2024-09-14,S04,新竹科學園區店,北區,C02,零食,180,52.4,0,1,5,559,9.4
2024-09-15,S04,新竹科學園區店,北區,C02,零食,187,56.3,0,1,6,495,11.0
2024-09-16,S04,新竹科學園區店,北區,C02,零食,87,59.7,0,0,0,150,6.1
2024-09-17,S04,新竹科學園區店,北區,C02,零食,101,55.4,0,0,1,181,6.6
2024-09-18,S04,新竹科學園區店,北區,C02,零食,116,58.3,0,0,2,306,7.5
2024-09-19,S04,新竹科學園區店,北區,C02,零食,114,55.6,0,0,3,187,7.6
2024-09-20,S04,新竹科學園區店,北區,C02,零食,120,53.8,0,0,4,297,7.8
2024-09-21,S04,新竹科學園區店,北區,C02,零食,274,48.2,1,1,5,755,13.0
2024-09-22,S04,新竹科學園區店,北區,C02,零食,158,53.0,0,1,6,436,9.1
2024-09-23,S04,新竹科學園區店,北區,C02,零食,79,57.3,0,0,0,295,6.2
2024-09-24,S04,新竹科學園區店,北區,C02,零食,122,55.8,0,0,1,450,7.1
2024-09-25,S04,新竹科學園區店,北區,C02,零食,121,51.3,0,0,2,385,6.5
2024-09-26,S04,新竹科學園區店,北區,C02,零食,122,54.7,0,0,3,232,6.6
2024-09-27,S04,新竹科學園區店,北區,C02,零食,192,41.2,1,0,4,618,8.9
2024-09-28,S04,新竹科學園區店,北區,C02,零食,168,56.5,0,1,5,506,9.8
2024-09-29,S04,新竹科學園區店,北區,C02,零食,163,50.7,0,1,6,279,10.1
2024-09-30,S04,新竹科學園區店,北區,C02,零食,127,51.5,0,0,0,333,7.7
2024-10-01,S04,新竹科學園區店,北區,C02,零食,167,43.0,1,0,1,382,7.6
2024-10-02,S04,新竹科學園區店,北區,C02,零食,104,54.0,0,0,2,198,6.8
2024-10-03,S04,新竹科學園區店,北區,C02,零食,160,45.4,1,0,3,580,7.5
2024-10-04,S04,新竹科學園區店,北區,C02,零食,115,58.6,0,0,4,412,6.6
2024-10-05,S04,新竹科學園區店,北區,C02,零食,180,52.5,0,1,5,347,10.1
2024-10-06,S04,新竹科學園區店,北區,C02,零食,201,54.1,0,1,6,643,10.0
2024-10-07,S04,新竹科學園區店,北區,C02,零食,145,50.5,1,0,0,349,7.2
2024-10-08,S04,新竹科學園區店,北區,C02,零食,127,49.7,0,0,1,252,7.0
2024-10-09,S04,新竹科學園區店,北區,C02,零食,176,45.2,1,0,2,421,8.4
2024-10-10,S04,新竹科學園區店,北區,C02,零食,150,51.7,0,1,3,478,10.0
2024-10-11,S04,新竹科學園區店,北區,C02,零食,114,54.2,0,0,4,233,6.4
2024-10-12,S04,新竹科學園區店,北區,C02,零食,167,61.3,0,1,5,550,9.6
2024-10-13,S04,新竹科學園區店,北區,C02,零食,143,57.3,0,1,6,278,10.1
2024-10-14,S04,新竹科學園區店,北區,C02,零食,91,54.7,0,0,0,269,7.2
2024-10-15,S04,新竹科學園區店,北區,C02,零食,99,59.9,0,0,1,247,7.7
2024-10-16,S04,新竹科學園區店,北區,C02,零食,116,58.5,0,0,2,387,6.2
2024-10-17,S04,新竹科學園區店,北區,C02,零食,94,54.2,0,0,3,229,6.1
2024-10-18,S04,新竹科學園區店,北區,C02,零食,129,49.8,0,0,4,213,7.2
2024-10-19,S04,新竹科學園區店,北區,C02,零食,161,57.7,0,1,5,402,11.0
2024-10-20,S04,新竹科學園區店,北區,C02,零食,147,59.0,0,1,6,472,10.0
2024-10-21,S04,新竹科學園區店,北區,C02,零食,112,56.1,0,0,0,283,6.7
2024-10-22,S04,新竹科學園區店,北區,C02,零食,84,52.5,0,0,1,167,5.6
2024-10-23,S04,新竹科學園區店,北區,C02,零食,142,48.9,1,0,2,273,8.1
2024-10-24,S04,新竹科學園區店,北區,C02,零食,168,49.8,1,0,3,457,7.5
2024-10-25,S04,新竹科學園區店,北區,C02,零食,94,57.6,0,0,4,346,6.1
2024-10-26,S04,新竹科學園區店,北區,C02,零食,199,56.1,0,1,5,437,11.0
2024-10-27,S04,新竹科學園區店,北區,C02,零食,186,54.9,0,1,6,468,10.6
2024-10-28,S04,新竹科學園區店,北區,C02,零食,96,55.6,0,0,0,184,7.0
2024-10-29,S04,新竹科學園區店,北區,C02,零食,97,54.2,0,0,1,173,6.5
2024-10-30,S04,新竹科學園區店,北區,C02,零食,88,58.3,0,0,2,267,6.2
2024-10-31,S04,新竹科學園區店,北區,C02,零食,94,54.8,0,0,3,282,5.1
2024-11-01,S04,新竹科學園區店,北區,C02,零食,105,53.4,0,0,4,326,6.8
2024-11-02,S04,新竹科學園區店,北區,C02,零食,163,56.0,0,1,5,401,10.3
2024-11-03,S04,新竹科學園區店,北區,C02,零食,155,55.3,0,1,6,552,9.2
2024-11-04,S04,新竹科學園區店,北區,C02,零食,88,58.3,0,0,0,169,5.5
2024-11-05,S04,新竹科學園區店,北區,C02,零食,101,54.6,0,0,1,177,6.6
2024-11-06,S04,新竹科學園區店,北區,C02,零食,97,57.2,0,0,2,276,6.7
2024-11-07,S04,新竹科學園區店,北區,C02,零食,92,51.8,0,0,3,334,6.5
2024-11-08,S04,新竹科學園區店,北區,C02,零食,124,55.8,0,0,4,370,7.2
2024-11-09,S04,新竹科學園區店,北區,C02,零食,281,46.4,1,1,5,478,13.6
2024-11-10,S04,新竹科學園區店,北區,C02,零食,151,57.0,0,1,6,500,9.1
2024-11-11,S04,新竹科學園區店,北區,C02,零食,82,51.2,0,0,0,177,6.3
2024-11-12,S04,新竹科學園區店,北區,C02,零食,107,55.5,0,0,1,270,6.3
2024-11-13,S04,新竹科學園區店,北區,C02,零食,91,57.5,0,0,2,222,6.5
2024-11-14,S04,新竹科學園區店,北區,C02,零食,107,53.4,0,0,3,336,6.6
2024-11-15,S04,新竹科學園區店,北區,C02,零食,116,60.2,0,0,4,409,6.9
2024-11-16,S04,新竹科學園區店,北區,C02,零食,164,53.2,0,1,5,480,9.3
2024-11-17,S04,新竹科學園區店,北區,C02,零食,160,53.2,0,1,6,311,9.8
2024-11-18,S04,新竹科學園區店,北區,C02,零食,104,54.9,0,0,0,316,6.2
2024-11-19,S04,新竹科學園區店,北區,C02,零食,162,49.0,1,0,1,312,7.2
2024-11-20,S04,新竹科學園區店,北區,C02,零食,155,45.9,1,0,2,267,8.6
2024-11-21,S04,新竹科學園區店,北區,C02,零食,97,55.5,0,0,3,256,6.7
2024-11-22,S04,新竹科學園區店,北區,C02,零食,118,49.9,0,0,4,274,7.1
2024-11-23,S04,新竹科學園區店,北區,C02,零食,170,51.6,0,1,5,603,11.0
2024-11-24,S04,新竹科學園區店,北區,C02,零食,173,53.2,0,1,6,505,10.1
2024-11-25,S04,新竹科學園區店,北區,C02,零食,78,56.8,0,0,0,248,5.8
2024-11-26,S04,新竹科學園區店,北區,C02,零食,100,55.4,0,0,1,251,6.2
2024-11-27,S04,新竹科學園區店,北區,C02,零食,91,54.9,0,0,2,287,6.6
2024-11-28,S04,新竹科學園區店,北區,C02,零食,110,55.6,0,0,3,350,6.8
2024-11-29,S04,新竹科學園區店,北區,C02,零食,115,56.4,0,0,4,302,7.3
2024-11-30,S04,新竹科學園區店,北區,C02,零食,149,53.1,0,1,5,472,10.1
2024-12-01,S04,新竹科學園區店,北區,C02,零食,180,54.0,0,1,6,324,10.3
2024-12-02,S04,新竹科學園區店,北區,C02,零食,96,56.7,0,0,0,234,5.7
2024-12-03,S04,新竹科學園區店,北區,C02,零食,139,52.5,0,0,1,347,7.6
2024-12-04,S04,新竹科學園區店,北區,C02,零食,187,43.7,1,0,2,401,8.5
2024-12-05,S04,新竹科學園區店,北區,C02,零食,107,60.0,0,0,3,203,7.5
2024-12-06,S04,新竹科學園區店,北區,C02,零食,118,55.6,0,0,4,338,6.5
2024-12-07,S04,新竹科學園區店,北區,C02,零食,171,50.3,0,1,5,575,10.7
2024-12-08,S04,新竹科學園區店,北區,C02,零食,188,54.6,0,1,6,465,11.5
2024-12-09,S04,新竹科學園區店,北區,C02,零食,90,57.7,0,0,0,232,5.8
2024-12-10,S04,新竹科學園區店,北區,C02,零食,125,52.1,0,0,1,404,7.5
2024-12-11,S04,新竹科學園區店,北區,C02,零食,133,52.0,0,0,2,408,7.6
2024-12-12,S04,新竹科學園區店,北區,C02,零食,114,54.1,0,0,3,210,6.8
2024-12-13,S04,新竹科學園區店,北區,C02,零食,195,44.2,1,0,4,542,9.1
2024-12-14,S04,新竹科學園區店,北區,C02,零食,146,54.8,0,1,5,470,9.6
2024-12-15,S04,新竹科學園區店,北區,C02,零食,176,57.1,0,1,6,334,11.1
2024-12-16,S04,新竹科學園區店,北區,C02,零食,114,55.4,0,0,0,231,6.3
2024-12-17,S04,新竹科學園區店,北區,C02,零食,115,51.6,0,0,1,288,7.9
2024-12-18,S04,新竹科學園區店,北區,C02,零食,107,57.2,0,0,2,253,6.5
2024-12-19,S04,新竹科學園區店,北區,C02,零食,99,53.3,0,0,3,174,6.4
2024-12-20,S04,新竹科學園區店,北區,C02,零食,136,53.7,0,0,4,401,7.0
2024-12-21,S04,新竹科學園區店,北區,C02,零食,161,50.9,0,1,5,486,10.3
2024-12-22,S04,新竹科學園區店,北區,C02,零食,270,48.2,1,1,6,923,12.7
2024-12-23,S04,新竹科學園區店,北區,C02,零食,92,56.4,0,0,0,312,5.8
2024-12-24,S04,新竹科學園區店,北區,C02,零食,108,54.6,0,0,1,224,6.4
2024-12-25,S04,新竹科學園區店,北區,C02,零食,154,53.2,0,1,2,354,9.9
2024-12-26,S04,新竹科學園區店,北區,C02,零食,119,58.9,0,0,3,315,7.2
2024-12-27,S04,新竹科學園區店,北區,C02,零食,217,47.3,1,0,4,767,9.3
2024-12-28,S04,新竹科學園區店,北區,C02,零食,173,52.9,0,1,5,424,9.2
2024-12-29,S04,新竹科學園區店,北區,C02,零食,328,44.5,1,1,6,727,14.8
2024-12-30,S04,新竹科學園區店,北區,C02,零食,135,58.0,0,0,0,276,8.1
2023-01-01,S04,新竹科學園區店,北區,C03,鮮食,100,78.9,0,1,6,352,8.3
2023-01-02,S04,新竹科學園區店,北區,C03,鮮食,48,79.1,0,0,0,120,5.7
2023-01-03,S04,新竹科學園區店,北區,C03,鮮食,77,81.7,0,0,1,229,6.6
2023-01-04,S04,新竹科學園區店,北區,C03,鮮食,96,65.2,1,0,2,279,6.6
2023-01-05,S04,新竹科學園區店,北區,C03,鮮食,54,90.4,0,0,3,132,4.7
2023-01-06,S04,新竹科學園區店,北區,C03,鮮食,82,83.2,0,0,4,208,5.1
2023-01-07,S04,新竹科學園區店,北區,C03,鮮食,119,81.7,0,1,5,405,8.8
2023-01-08,S04,新竹科學園區店,北區,C03,鮮食,144,65.9,1,1,6,349,9.2
2023-01-09,S04,新竹科學園區店,北區,C03,鮮食,77,82.7,0,0,0,183,6.9
2023-01-10,S04,新竹科學園區店,北區,C03,鮮食,69,76.7,0,0,1,205,5.2
2023-01-11,S04,新竹科學園區店,北區,C03,鮮食,71,83.5,0,0,2,171,5.5
2023-01-12,S04,新竹科學園區店,北區,C03,鮮食,53,84.0,0,0,3,166,5.7
2023-01-13,S04,新竹科學園區店,北區,C03,鮮食,94,68.1,1,0,4,353,6.0
2023-01-14,S04,新竹科學園區店,北區,C03,鮮食,155,73.5,1,1,5,274,10.4
2023-01-15,S04,新竹科學園區店,北區,C03,鮮食,111,86.9,0,1,6,214,9.2
2023-01-16,S04,新竹科學園區店,北區,C03,鮮食,46,80.2,0,0,0,96,4.7
2023-01-17,S04,新竹科學園區店,北區,C03,鮮食,70,80.0,0,0,1,252,5.5
2023-01-18,S04,新竹科學園區店,北區,C03,鮮食,80,75.4,0,0,2,217,7.0
2023-01-19,S04,新竹科學園區店,北區,C03,鮮食,72,80.3,0,0,3,231,6.0
2023-01-20,S04,新竹科學園區店,北區,C03,鮮食,66,75.0,0,0,4,207,5.8
2023-01-21,S04,新竹科學園區店,北區,C03,鮮食,113,75.3,0,1,5,231,7.8
2023-01-22,S04,新竹科學園區店,北區,C03,鮮食,116,88.4,0,1,6,372,8.5
2023-01-23,S04,新竹科學園區店,北區,C03,鮮食,50,81.6,0,0,0,158,4.0
2023-01-24,S04,新竹科學園區店,北區,C03,鮮食,80,88.9,0,0,1,176,5.9
2023-01-25,S04,新竹科學園區店,北區,C03,鮮食,67,82.2,0,0,2,170,5.6
2023-01-26,S04,新竹科學園區店,北區,C03,鮮食,91,67.2,1,0,3,279,6.8
2023-01-27,S04,新竹科學園區店,北區,C03,鮮食,84,79.9,0,0,4,238,6.0
2023-01-28,S04,新竹科學園區店,北區,C03,鮮食,102,83.8,0,1,5,337,9.0
2023-01-29,S04,新竹科學園區店,北區,C03,鮮食,111,79.0,0,1,6,362,9.0
2023-01-30,S04,新竹科學園區店,北區,C03,鮮食,61,80.9,0,0,0,215,4.6
2023-01-31,S04,新竹科學園區店,北區,C03,鮮食,74,73.5,0,0,1,210,6.3
2023-02-01,S04,新竹科學園區店,北區,C03,鮮食,73,67.9,1,0,2,202,6.0
2023-02-02,S04,新竹科學園區店,北區,C03,鮮食,91,69.4,1,0,3,190,6.8
2023-02-03,S04,新竹科學園區店,北區,C03,鮮食,64,77.4,0,0,4,236,5.5
2023-02-04,S04,新竹科學園區店,北區,C03,鮮食,93,77.6,0,1,5,291,8.5
2023-02-05,S04,新竹科學園區店,北區,C03,鮮食,95,77.3,0,1,6,276,8.3
2023-02-06,S04,新竹科學園區店,北區,C03,鮮食,70,83.9,0,0,0,139,5.7
2023-02-07,S04,新竹科學園區店,北區,C03,鮮食,59,79.7,0,0,1,207,6.2
2023-02-08,S04,新竹科學園區店,北區,C03,鮮食,86,81.6,0,0,2,275,6.3
2023-02-09,S04,新竹科學園區店,北區,C03,鮮食,53,85.3,0,0,3,165,5.7
2023-02-10,S04,新竹科學園區店,北區,C03,鮮食,80,83.8,0,0,4,249,6.5
2023-02-11,S04,新竹科學園區店,北區,C03,鮮食,112,83.2,0,1,5,362,8.9
2023-02-12,S04,新竹科學園區店,北區,C03,鮮食,138,62.0,1,1,6,307,9.4
2023-02-13,S04,新竹科學園區店,北區,C03,鮮食,62,79.6,0,0,0,184,5.7
2023-02-14,S04,新竹科學園區店,北區,C03,鮮食,68,80.3,0,0,1,196,6.1
2023-02-15,S04,新竹科學園區店,北區,C03,鮮食,68,82.9,0,0,2,191,5.4
2023-02-16,S04,新竹科學園區店,北區,C03,鮮食,74,83.4,0,0,3,175,6.0
2023-02-17,S04,新竹科學園區店,北區,C03,鮮食,63,77.4,0,0,4,174,5.5
2023-02-18,S04,新竹科學園區店,北區,C03,鮮食,99,81.0,0,1,5,339,8.6
2023-02-19,S04,新竹科學園區店,北區,C03,鮮食,124,82.2,0,1,6,250,8.8
2023-02-20,S04,新竹科學園區店,北區,C03,鮮食,53,73.6,0,0,0,194,5.2
2023-02-21,S04,新竹科學園區店,北區,C03,鮮食,63,75.3,0,0,1,192,6.0
2023-02-22,S04,新竹科學園區店,北區,C03,鮮食,69,77.5,0,0,2,135,4.8
2023-02-23,S04,新竹科學園區店,北區,C03,鮮食,87,65.8,1,0,3,254,6.5
2023-02-24,S04,新竹科學園區店,北區,C03,鮮食,70,81.5,0,0,4,194,5.8
2023-02-25,S04,新竹科學園區店,北區,C03,鮮食,99,81.3,0,1,5,202,8.2
2023-02-26,S04,新竹科學園區店,北區,C03,鮮食,111,84.9,0,1,6,380,9.2
2023-02-27,S04,新竹科學園區店,北區,C03,鮮食,57,83.1,0,0,0,130,5.1
2023-02-28,S04,新竹科學園區店,北區,C03,鮮食,92,82.0,0,1,1,314,8.9
2023-03-01,S04,新竹科學園區店,北區,C03,鮮食,67,82.4,0,0,2,183,5.9
2023-03-02,S04,新竹科學園區店,北區,C03,鮮食,71,73.2,0,0,3,140,5.0
2023-03-03,S04,新竹科學園區店,北區,C03,鮮食,74,81.3,0,0,4,172,5.3
2023-03-04,S04,新竹科學園區店,北區,C03,鮮食,104,73.2,0,1,5,268,9.1
2023-03-05,S04,新竹科學園區店,北區,C03,鮮食,136,79.6,0,1,6,409,9.2
2023-03-06,S04,新竹科學園區店,北區,C03,鮮食,64,79.8,0,0,0,207,6.4
2023-03-07,S04,新竹科學園區店,北區,C03,鮮食,76,81.6,0,0,1,255,5.7
2023-03-08,S04,新竹科學園區店,北區,C03,鮮食,53,77.6,0,0,2,142,5.7
2023-03-09,S04,新竹科學園區店,北區,C03,鮮食,57,91.8,0,0,3,149,5.4
2023-03-10,S04,新竹科學園區店,北區,C03,鮮食,75,78.7,0,0,4,193,5.7
2023-03-11,S04,新竹科學園區店,北區,C03,鮮食,111,80.9,0,1,5,327,9.0
2023-03-12,S04,新竹科學園區店,北區,C03,鮮食,110,81.3,0,1,6,314,8.3
2023-03-13,S04,新竹科學園區店,北區,C03,鮮食,44,77.1,0,0,0,152,5.1
2023-03-14,S04,新竹科學園區店,北區,C03,鮮食,82,70.7,1,0,1,171,6.4
2023-03-15,S04,新竹科學園區店,北區,C03,鮮食,49,78.6,0,0,2,164,5.6
2023-03-16,S04,新竹科學園區店,北區,C03,鮮食,58,79.2,0,0,3,169,5.4
2023-03-17,S04,新竹科學園區店,北區,C03,鮮食,74,79.4,0,0,4,258,6.3
2023-03-18,S04,新竹科學園區店,北區,C03,鮮食,108,73.6,0,1,5,351,9.7
2023-03-19,S04,新竹科學園區店,北區,C03,鮮食,105,76.0,0,1,6,210,9.2
2023-03-20,S04,新竹科學園區店,北區,C03,鮮食,56,81.0,0,0,0,151,6.4
2023-03-21,S04,新竹科學園區店,北區,C03,鮮食,74,79.8,0,0,1,151,6.6
2023-03-22,S04,新竹科學園區店,北區,C03,鮮食,68,81.7,0,0,2,139,6.5
2023-03-23,S04,新竹科學園區店,北區,C03,鮮食,64,77.0,0,0,3,195,5.2
2023-03-24,S04,新竹科學園區店,北區,C03,鮮食,107,74.9,1,0,4,303,6.1
2023-03-25,S04,新竹科學園區店,北區,C03,鮮食,129,84.8,0,1,5,382,9.0
2023-03-26,S04,新竹科學園區店,北區,C03,鮮食,121,86.6,0,1,6,233,9.1
2023-03-27,S04,新竹科學園區店,北區,C03,鮮食,104,64.1,1,0,0,286,6.1
2023-03-28,S04,新竹科學園區店,北區,C03,鮮食,54,81.8,0,0,1,133,4.9
2023-03-29,S04,新竹科學園區店,北區,C03,鮮食,79,88.3,0,0,2,245,5.7
2023-03-30,S04,新竹科學園區店,北區,C03,鮮食,71,76.3,0,0,3,179,5.4
2023-03-31,S04,新竹科學園區店,北區,C03,鮮食,94,76.4,0,0,4,302,7.0
2023-04-01,S04,新竹科學園區店,北區,C03,鮮食,143,73.1,0,1,5,337,10.3
2023-04-02,S04,新竹科學園區店,北區,C03,鮮食,118,83.2,0,1,6,427,9.2
2023-04-03,S04,新竹科學園區店,北區,C03,鮮食,63,79.9,0,0,0,136,5.2
2023-04-04,S04,新竹科學園區店,北區,C03,鮮食,88,80.5,0,1,1,195,8.4
2023-04-05,S04,新竹科學園區店,北區,C03,鮮食,100,82.5,0,1,2,342,9.8
2023-04-06,S04,新竹科學園區店,北區,C03,鮮食,67,86.4,0,0,3,169,5.9
2023-04-07,S04,新竹科學園區店,北區,C03,鮮食,80,82.2,0,0,4,150,5.8
2023-04-08,S04,新竹科學園區店,北區,C03,鮮食,147,68.9,1,1,5,471,9.3
2023-04-09,S04,新竹科學園區店,北區,C03,鮮食,107,79.5,0,1,6,345,8.7
2023-04-10,S04,新竹科學園區店,北區,C03,鮮食,75,84.4,0,0,0,164,5.5
2023-04-11,S04,新竹科學園區店,北區,C03,鮮食,80,78.6,0,0,1,202,6.0
2023-04-12,S04,新竹科學園區店,北區,C03,鮮食,68,80.4,0,0,2,254,5.9
2023-04-13,S04,新竹科學園區店,北區,C03,鮮食,106,71.4,1,0,3,269,6.6
2023-04-14,S04,新竹科學園區店,北區,C03,鮮食,79,79.6,0,0,4,185,6.7
2023-04-15,S04,新竹科學園區店,北區,C03,鮮食,146,79.1,0,1,5,453,10.0
2023-04-16,S04,新竹科學園區店,北區,C03,鮮食,170,62.5,1,1,6,594,10.3
2023-04-17,S04,新竹科學園區店,北區,C03,鮮食,60,81.3,0,0,0,205,5.2
2023-04-18,S04,新竹科學園區店,北區,C03,鮮食,68,85.2,0,0,1,246,5.7
2023-04-19,S04,新竹科學園區店,北區,C03,鮮食,87,76.0,0,0,2,281,6.4
2023-04-20,S04,新竹科學園區店,北區,C03,鮮食,72,75.8,0,0,3,169,5.0
2023-04-21,S04,新竹科學園區店,北區,C03,鮮食,102,60.3,1,0,4,271,6.7
2023-04-22,S04,新竹科學園區店,北區,C03,鮮食,126,80.8,0,1,5,230,9.1
2023-04-23,S04,新竹科學園區店,北區,C03,鮮食,200,65.0,1,1,6,560,10.3
2023-04-24,S04,新竹科學園區店,北區,C03,鮮食,58,76.3,0,0,0,171,6.2
2023-04-25,S04,新竹科學園區店,北區,C03,鮮食,99,63.5,1,0,1,254,6.0
2023-04-26,S04,新竹科學園區店,北區,C03,鮮食,72,76.1,0,0,2,147,5.5
2023-04-27,S04,新竹科學園區店,北區,C03,鮮食,74,74.9,0,0,3,161,5.7
2023-04-28,S04,新竹科學園區店,北區,C03,鮮食,70,83.1,0,0,4,170,5.9
2023-04-29,S04,新竹科學園區店,北區,C03,鮮食,128,77.0,0,1,5,441,8.4
2023-04-30,S04,新竹科學園區店,北區,C03,鮮食,178,65.0,1,1,6,444,10.1
2023-05-01,S04,新竹科學園區店,北區,C03,鮮食,92,83.7,0,1,0,182,7.8
2023-05-02,S04,新竹科學園區店,北區,C03,鮮食,77,80.2,0,0,1,255,6.4
2023-05-03,S04,新竹科學園區店,北區,C03,鮮食,69,88.2,0,0,2,202,5.2
2023-05-04,S04,新竹科學園區店,北區,C03,鮮食,54,82.4,0,0,3,123,5.2
2023-05-05,S04,新竹科學園區店,北區,C03,鮮食,73,81.1,0,0,4,214,5.5
2023-05-06,S04,新竹科學園區店,北區,C03,鮮食,122,71.6,0,1,5,219,8.8
2023-05-07,S04,新竹科學園區店,北區,C03,鮮食,123,79.1,0,1,6,269,9.4
2023-05-08,S04,新竹科學園區店,北區,C03,鮮食,60,83.1,0,0,0,184,4.9
2023-05-09,S04,新竹科學園區店,北區,C03,鮮食,112,70.2,1,0,1,390,6.8
2023-05-10,S04,新竹科學園區店,北區,C03,鮮食,68,79.1,0,0,2,138,5.1
2023-05-11,S04,新竹科學園區店,北區,C03,鮮食,79,80.5,0,0,3,168,6.6
2023-05-12,S04,新竹科學園區店,北區,C03,鮮食,91,82.3,0,0,4,337,6.2
2023-05-13,S04,新竹科學園區店,北區,C03,鮮食,173,68.1,1,1,5,448,11.0
2023-05-14,S04,新竹科學園區店,北區,C03,鮮食,132,84.0,0,1,6,326,8.7
2023-05-15,S04,新竹科學園區店,北區,C03,鮮食,58,86.5,0,0,0,160,5.0
2023-05-16,S04,新竹科學園區店,北區,C03,鮮食,67,77.4,0,0,1,191,4.8
2023-05-17,S04,新竹科學園區店,北區,C03,鮮食,73,74.4,0,0,2,205,6.1
2023-05-18,S04,新竹科學園區店,北區,C03,鮮食,76,83.9,0,0,3,224,6.1
2023-05-19,S04,新竹科學園區店,北區,C03,鮮食,80,77.0,0,0,4,215,5.7
2023-05-20,S04,新竹科學園區店,北區,C03,鮮食,153,83.7,0,1,5,530,10.2
2023-05-21,S04,新竹科學園區店,北區,C03,鮮食,148,71.5,1,1,6,439,8.6
2023-05-22,S04,新竹科學園區店,北區,C03,鮮食,75,71.9,0,0,0,171,6.5
2023-05-23,S04,新竹科學園區店,北區,C03,鮮食,73,78.2,0,0,1,175,5.1
2023-05-24,S04,新竹科學園區店,北區,C03,鮮食,113,65.1,1,0,2,185,6.4
2023-05-25,S04,新竹科學園區店,北區,C03,鮮食,92,76.4,0,0,3,334,6.4
2023-05-26,S04,新竹科學園區店,北區,C03,鮮食,98,78.8,0,0,4,194,5.6
2023-05-27,S04,新竹科學園區店,北區,C03,鮮食,117,77.9,0,1,5,409,8.7
2023-05-28,S04,新竹科學園區店,北區,C03,鮮食,135,83.7,0,1,6,431,8.6
2023-05-29,S04,新竹科學園區店,北區,C03,鮮食,74,79.4,0,0,0,184,6.8
2023-05-30,S04,新竹科學園區店,北區,C03,鮮食,100,72.6,0,0,1,364,6.6
2023-05-31,S04,新竹科學園區店,北區,C03,鮮食,77,82.9,0,0,2,263,5.9
2023-06-01,S04,新竹科學園區店,北區,C03,鮮食,65,78.3,0,0,3,230,5.0
2023-06-02,S04,新竹科學園區店,北區,C03,鮮食,87,88.4,0,0,4,183,5.3
2023-06-03,S04,新竹科學園區店,北區,C03,鮮食,127,72.2,0,1,5,315,9.9
2023-06-04,S04,新竹科學園區店,北區,C03,鮮食,128,81.7,0,1,6,343,8.9
2023-06-05,S04,新竹科學園區店,北區,C03,鮮食,61,79.0,0,0,0,145,6.3
2023-06-06,S04,新竹科學園區店,北區,C03,鮮食,98,67.8,1,0,1,214,6.8
2023-06-07,S04,新竹科學園區店,北區,C03,鮮食,77,81.9,0,0,2,185,5.2
2023-06-08,S04,新竹科學園區店,北區,C03,鮮食,109,65.4,1,0,3,206,7.1
2023-06-09,S04,新竹科學園區店,北區,C03,鮮食,106,76.3,0,0,4,327,6.2
2023-06-10,S04,新竹科學園區店,北區,C03,鮮食,131,76.9,0,1,5,481,9.6
2023-06-11,S04,新竹科學園區店,北區,C03,鮮食,153,70.1,1,1,6,290,10.5
2023-06-12,S04,新竹科學園區店,北區,C03,鮮食,73,78.7,0,0,0,155,6.9
2023-06-13,S04,新竹科學園區店,北區,C03,鮮食,82,80.8,0,0,1,224,5.7
2023-06-14,S04,新竹科學園區店,北區,C03,鮮食,85,82.7,0,0,2,163,5.2
2023-06-15,S04,新竹科學園區店,北區,C03,鮮食,63,81.6,0,0,3,137,6.4
2023-06-16,S04,新竹科學園區店,北區,C03,鮮食,88,76.7,0,0,4,253,5.8
2023-06-17,S04,新竹科學園區店,北區,C03,鮮食,131,83.3,0,1,5,325,8.9
2023-06-18,S04,新竹科學園區店,北區,C03,鮮食,141,81.9,0,1,6,447,9.7
2023-06-19,S04,新竹科學園區店,北區,C03,鮮食,95,74.4,1,0,0,337,6.9
2023-06-20,S04,新竹科學園區店,北區,C03,鮮食,59,89.9,0,0,1,193,5.8
2023-06-21,S04,新竹科學園區店,北區,C03,鮮食,67,83.9,0,0,2,151,5.3
2023-06-22,S04,新竹科學園區店,北區,C03,鮮食,79,83.7,0,0,3,184,5.3
2023-06-23,S04,新竹科學園區店,北區,C03,鮮食,98,79.2,0,0,4,254,6.8
2023-06-24,S04,新竹科學園區店,北區,C03,鮮食,143,79.5,0,1,5,494,9.6
2023-06-25,S04,新竹科學園區店,北區,C03,鮮食,112,78.0,0,1,6,275,8.4
2023-06-26,S04,新竹科學園區店,北區,C03,鮮食,81,78.7,0,0,0,303,6.6
2023-06-27,S04,新竹科學園區店,北區,C03,鮮食,105,72.2,1,0,1,333,7.2
2023-06-28,S04,新竹科學園區店,北區,C03,鮮食,123,65.4,1,0,2,251,6.8
2023-06-29,S04,新竹科學園區店,北區,C03,鮮食,84,83.3,0,0,3,250,4.9
2023-06-30,S04,新竹科學園區店,北區,C03,鮮食,89,74.8,0,0,4,228,5.5
2023-07-01,S04,新竹科學園區店,北區,C03,鮮食,122,74.6,0,1,5,420,8.7
2023-07-02,S04,新竹科學園區店,北區,C03,鮮食,120,76.5,0,1,6,325,9.2
2023-07-03,S04,新竹科學園區店,北區,C03,鮮食,65,83.3,0,0,0,199,6.1
2023-07-04,S04,新竹科學園區店,北區,C03,鮮食,89,82.0,0,0,1,186,6.3
2023-07-05,S04,新竹科學園區店,北區,C03,鮮食,105,65.8,1,0,2,196,7.0
2023-07-06,S04,新竹科學園區店,北區,C03,鮮食,92,73.7,0,0,3,207,7.2
2023-07-07,S04,新竹科學園區店,北區,C03,鮮食,107,81.6,0,0,4,194,6.5
2023-07-08,S04,新竹科學園區店,北區,C03,鮮食,131,77.0,0,1,5,294,9.0
2023-07-09,S04,新竹科學園區店,北區,C03,鮮食,111,73.3,0,1,6,193,8.8
2023-07-10,S04,新竹科學園區店,北區,C03,鮮食,111,61.0,1,0,0,267,6.7
2023-07-11,S04,新竹科學園區店,北區,C03,鮮食,60,79.7,0,0,1,113,4.3
2023-07-12,S04,新竹科學園區店,北區,C03,鮮食,86,81.3,0,0,2,313,5.6
2023-07-13,S04,新竹科學園區店,北區,C03,鮮食,80,80.2,0,0,3,188,6.6
2023-07-14,S04,新竹科學園區店,北區,C03,鮮食,88,85.6,0,0,4,256,5.5
2023-07-15,S04,新竹科學園區店,北區,C03,鮮食,127,83.8,0,1,5,275,9.3
2023-07-16,S04,新竹科學園區店,北區,C03,鮮食,118,82.1,0,1,6,405,8.7
2023-07-17,S04,新竹科學園區店,北區,C03,鮮食,73,84.3,0,0,0,221,5.4
2023-07-18,S04,新竹科學園區店,北區,C03,鮮食,49,83.8,0,0,1,159,4.6
2023-07-19,S04,新竹科學園區店,北區,C03,鮮食,75,83.6,0,0,2,232,6.5
2023-07-20,S04,新竹科學園區店,北區,C03,鮮食,92,60.9,1,0,3,322,7.3
2023-07-21,S04,新竹科學園區店,北區,C03,鮮食,85,79.0,0,0,4,215,6.4
2023-07-22,S04,新竹科學園區店,北區,C03,鮮食,118,84.1,0,1,5,412,9.1
2023-07-23,S04,新竹科學園區店,北區,C03,鮮食,105,72.4,0,1,6,294,8.3
2023-07-24,S04,新竹科學園區店,北區,C03,鮮食,58,80.4,0,0,0,181,5.2
2023-07-25,S04,新竹科學園區店,北區,C03,鮮食,75,83.8,0,0,1,134,6.0
2023-07-26,S04,新竹科學園區店,北區,C03,鮮食,80,70.4,1,0,2,207,5.8
2023-07-27,S04,新竹科學園區店,北區,C03,鮮食,73,78.0,0,0,3,185,6.0
2023-07-28,S04,新竹科學園區店,北區,C03,鮮食,96,85.9,0,0,4,357,5.6
2023-07-29,S04,新竹科學園區店,北區,C03,鮮食,119,79.3,0,1,5,219,9.1
2023-07-30,S04,新竹科學園區店,北區,C03,鮮食,125,85.0,0,1,6,350,10.0
2023-07-31,S04,新竹科學園區店,北區,C03,鮮食,60,88.1,0,0,0,103,5.2
2023-08-01,S04,新竹科學園區店,北區,C03,鮮食,79,83.1,0,0,1,268,4.9
2023-08-02,S04,新竹科學園區店,北區,C03,鮮食,76,78.5,0,0,2,230,4.8
2023-08-03,S04,新竹科學園區店,北區,C03,鮮食,78,79.3,0,0,3,182,6.2
2023-08-04,S04,新竹科學園區店,北區,C03,鮮食,82,87.0,0,0,4,170,6.0
2023-08-05,S04,新竹科學園區店,北區,C03,鮮食,136,83.8,0,1,5,397,9.4
2023-08-06,S04,新竹科學園區店,北區,C03,鮮食,113,84.0,0,1,6,205,9.1
2023-08-07,S04,新竹科學園區店,北區,C03,鮮食,83,80.8,0,0,0,215,6.1
2023-08-08,S04,新竹科學園區店,北區,C03,鮮食,61,79.8,0,0,1,127,5.2
2023-08-09,S04,新竹科學園區店,北區,C03,鮮食,88,86.4,0,0,2,233,5.8
2023-08-10,S04,新竹科學園區店,北區,C03,鮮食,81,69.9,1,0,3,187,6.1
2023-08-11,S04,新竹科學園區店,北區,C03,鮮食,98,85.1,0,0,4,248,6.2
2023-08-12,S04,新竹科學園區店,北區,C03,鮮食,151,71.0,0,1,5,377,9.7
2023-08-13,S04,新竹科學園區店,北區,C03,鮮食,119,82.9,0,1,6,301,8.7
2023-08-14,S04,新竹科學園區店,北區,C03,鮮食,74,80.3,0,0,0,215,5.4
2023-08-15,S04,新竹科學園區店,北區,C03,鮮食,92,76.3,0,0,1,325,5.8
2023-08-16,S04,新竹科學園區店,北區,C03,鮮食,99,76.9,0,0,2,260,6.9
2023-08-17,S04,新竹科學園區店,北區,C03,鮮食,62,76.5,0,0,3,229,5.8
2023-08-18,S04,新竹科學園區店,北區,C03,鮮食,91,74.2,0,0,4,183,6.8
2023-08-19,S04,新竹科學園區店,北區,C03,鮮食,121,80.1,0,1,5,374,9.5
2023-08-20,S04,新竹科學園區店,北區,C03,鮮食,132,79.4,0,1,6,226,9.2
2023-08-21,S04,新竹科學園區店,北區,C03,鮮食,77,74.9,0,0,0,155,6.4
2023-08-22,S04,新竹科學園區店,北區,C03,鮮食,72,77.5,0,0,1,257,4.4
2023-08-23,S04,新竹科學園區店,北區,C03,鮮食,75,84.7,0,0,2,221,4.8
2023-08-24,S04,新竹科學園區店,北區,C03,鮮食,79,69.4,1,0,3,217,5.7
2023-08-25,S04,新竹科學園區店,北區,C03,鮮食,90,71.3,0,0,4,330,5.9
2023-08-26,S04,新竹科學園區店,北區,C03,鮮食,116,79.7,0,1,5,228,8.9
2023-08-27,S04,新竹科學園區店,北區,C03,鮮食,167,67.1,1,1,6,585,10.8
2023-08-28,S04,新竹科學園區店,北區,C03,鮮食,61,81.4,0,0,0,229,5.2
2023-08-29,S04,新竹科學園區店,北區,C03,鮮食,51,88.0,0,0,1,191,4.4
2023-08-30,S04,新竹科學園區店,北區,C03,鮮食,80,66.1,1,0,2,186,6.4
2023-08-31,S04,新竹科學園區店,北區,C03,鮮食,68,85.0,0,0,3,251,5.0
2023-09-01,S04,新竹科學園區店,北區,C03,鮮食,76,84.7,0,0,4,206,5.1
2023-09-02,S04,新竹科學園區店,北區,C03,鮮食,121,80.2,0,1,5,382,8.7
2023-09-03,S04,新竹科學園區店,北區,C03,鮮食,134,79.9,0,1,6,314,8.4
2023-09-04,S04,新竹科學園區店,北區,C03,鮮食,44,80.3,0,0,0,109,5.6
2023-09-05,S04,新竹科學園區店,北區,C03,鮮食,108,70.0,1,0,1,358,6.7
2023-09-06,S04,新竹科學園區店,北區,C03,鮮食,93,65.0,1,0,2,193,6.3
2023-09-07,S04,新竹科學園區店,北區,C03,鮮食,74,78.5,0,0,3,166,5.2
2023-09-08,S04,新竹科學園區店,北區,C03,鮮食,82,87.2,0,0,4,233,6.3
2023-09-09,S04,新竹科學園區店,北區,C03,鮮食,106,87.1,0,1,5,310,9.0
2023-09-10,S04,新竹科學園區店,北區,C03,鮮食,123,77.8,0,1,6,303,8.6
2023-09-11,S04,新竹科學園區店,北區,C03,鮮食,66,84.1,0,0,0,147,6.0
2023-09-12,S04,新竹科學園區店,北區,C03,鮮食,66,80.0,0,0,1,128,4.9
2023-09-13,S04,新竹科學園區店,北區,C03,鮮食,100,68.6,1,0,2,229,5.5
2023-09-14,S04,新竹科學園區店,北區,C03,鮮食,91,79.0,0,0,3,149,5.4
2023-09-15,S04,新竹科學園區店,北區,C03,鮮食,87,78.2,0,0,4,305,5.8
2023-09-16,S04,新竹科學園區店,北區,C03,鮮食,120,86.4,0,1,5,253,8.7
2023-09-17,S04,新竹科學園區店,北區,C03,鮮食,158,64.3,1,1,6,519,10.2
2023-09-18,S04,新竹科學園區店,北區,C03,鮮食,68,84.0,0,0,0,234,6.3
2023-09-19,S04,新竹科學園區店,北區,C03,鮮食,121,62.7,1,0,1,234,7.9
2023-09-20,S04,新竹科學園區店,北區,C03,鮮食,98,80.1,0,0,2,209,6.2
2023-09-21,S04,新竹科學園區店,北區,C03,鮮食,80,85.4,0,0,3,274,5.5
2023-09-22,S04,新竹科學園區店,北區,C03,鮮食,91,80.4,0,0,4,322,6.4
2023-09-23,S04,新竹科學園區店,北區,C03,鮮食,103,74.3,0,1,5,186,9.1
2023-09-24,S04,新竹科學園區店,北區,C03,鮮食,169,63.0,1,1,6,531,9.8
2023-09-25,S04,新竹科學園區店,北區,C03,鮮食,77,80.6,0,0,0,141,5.7
2023-09-26,S04,新竹科學園區店,北區,C03,鮮食,77,78.7,0,0,1,216,6.2
2023-09-27,S04,新竹科學園區店,北區,C03,鮮食,75,82.5,0,0,2,188,6.0
2023-09-28,S04,新竹科學園區店,北區,C03,鮮食,86,77.3,0,0,3,292,5.8
2023-09-29,S04,新竹科學園區店,北區,C03,鮮食,83,81.3,0,0,4,170,6.1
2023-09-30,S04,新竹科學園區店,北區,C03,鮮食,125,81.9,0,1,5,361,9.1
2023-10-01,S04,新竹科學園區店,北區,C03,鮮食,196,74.8,1,1,6,424,10.5
2023-10-02,S04,新竹科學園區店,北區,C03,鮮食,58,79.4,0,0,0,109,4.6
2023-10-03,S04,新竹科學園區店,北區,C03,鮮食,59,75.2,0,0,1,187,4.7
2023-10-04,S04,新竹科學園區店,北區,C03,鮮食,59,74.8,0,0,2,158,6.4
2023-10-05,S04,新竹科學園區店,北區,C03,鮮食,52,81.9,0,0,3,113,4.7
2023-10-06,S04,新竹科學園區店,北區,C03,鮮食,78,79.7,0,0,4,288,5.8
2023-10-07,S04,新竹科學園區店,北區,C03,鮮食,124,76.8,0,1,5,327,10.2
2023-10-08,S04,新竹科學園區店,北區,C03,鮮食,115,79.1,0,1,6,347,9.0
2023-10-09,S04,新竹科學園區店,北區,C03,鮮食,88,70.0,1,0,0,201,6.1
2023-10-10,S04,新竹科學園區店,北區,C03,鮮食,91,76.5,0,1,1,242,8.1
2023-10-11,S04,新竹科學園區店,北區,C03,鮮食,70,79.2,0,0,2,175,6.1
2023-10-12,S04,新竹科學園區店,北區,C03,鮮食,77,84.8,0,0,3,203,5.8
2023-10-13,S04,新竹科學園區店,北區,C03,鮮食,74,78.0,0,0,4,209,5.8
2023-10-14,S04,新竹科學園區店,北區,C03,鮮食,118,83.3,0,1,5,340,9.5
2023-10-15,S04,新竹科學園區店,北區,C03,鮮食,126,71.6,0,1,6,265,9.6
2023-10-16,S04,新竹科學園區店,北區,C03,鮮食,98,72.3,1,0,0,288,6.7
2023-10-17,S04,新竹科學園區店,北區,C03,鮮食,77,80.6,0,0,1,276,5.8
2023-10-18,S04,新竹科學園區店,北區,C03,鮮食,76,77.2,0,0,2,167,6.5
2023-10-19,S04,新竹科學園區店,北區,C03,鮮食,65,80.8,0,0,3,145,5.1
2023-10-20,S04,新竹科學園區店,北區,C03,鮮食,76,74.2,0,0,4,258,5.2
2023-10-21,S04,新竹科學園區店,北區,C03,鮮食,103,77.5,0,1,5,314,8.6
2023-10-22,S04,新竹科學園區店,北區,C03,鮮食,122,79.8,0,1,6,256,8.3
2023-10-23,S04,新竹科學園區店,北區,C03,鮮食,78,68.9,1,0,0,188,5.7
2023-10-24,S04,新竹科學園區店,北區,C03,鮮食,54,84.1,0,0,1,200,6.3
2023-10-25,S04,新竹科學園區店,北區,C03,鮮食,68,84.9,0,0,2,136,5.7
2023-10-26,S04,新竹科學園區店,北區,C03,鮮食,63,82.5,0,0,3,149,5.1
2023-10-27,S04,新竹科學園區店,北區,C03,鮮食,74,84.0,0,0,4,266,6.1
2023-10-28,S04,新竹科學園區店,北區,C03,鮮食,140,60.6,1,1,5,355,9.0
2023-10-29,S04,新竹科學園區店,北區,C03,鮮食,123,75.4,0,1,6,381,9.3
2023-10-30,S04,新竹科學園區店,北區,C03,鮮食,64,83.1,0,0,0,156,6.0
2023-10-31,S04,新竹科學園區店,北區,C03,鮮食,56,84.1,0,0,1,127,6.0
2023-11-01,S04,新竹科學園區店,北區,C03,鮮食,70,76.8,0,0,2,233,6.0
2023-11-02,S04,新竹科學園區店,北區,C03,鮮食,92,78.3,0,0,3,281,6.4
2023-11-03,S04,新竹科學園區店,北區,C03,鮮食,102,71.3,1,0,4,365,6.6
2023-11-04,S04,新竹科學園區店,北區,C03,鮮食,131,82.3,0,1,5,236,9.7
2023-11-05,S04,新竹科學園區店,北區,C03,鮮食,111,80.0,0,1,6,210,9.1
2023-11-06,S04,新竹科學園區店,北區,C03,鮮食,77,77.3,0,0,0,233,6.0
2023-11-07,S04,新竹科學園區店,北區,C03,鮮食,61,80.3,0,0,1,148,5.9
2023-11-08,S04,新竹科學園區店,北區,C03,鮮食,60,82.1,0,0,2,162,5.4
2023-11-09,S04,新竹科學園區店,北區,C03,鮮食,73,80.6,0,0,3,257,5.5
2023-11-10,S04,新竹科學園區店,北區,C03,鮮食,83,79.9,0,0,4,274,6.6
2023-11-11,S04,新竹科學園區店,北區,C03,鮮食,105,73.8,0,1,5,204,8.3
2023-11-12,S04,新竹科學園區店,北區,C03,鮮食,129,76.5,0,1,6,237,9.3
2023-11-13,S04,新竹科學園區店,北區,C03,鮮食,54,78.2,0,0,0,104,6.0
2023-11-14,S04,新竹科學園區店,北區,C03,鮮食,58,79.6,0,0,1,143,5.1
2023-11-15,S04,新竹科學園區店,北區,C03,鮮食,71,80.2,0,0,2,187,6.5
2023-11-16,S04,新竹科學園區店,北區,C03,鮮食,70,66.8,1,0,3,139,6.1
2023-11-17,S04,新竹科學園區店,北區,C03,鮮食,88,78.1,0,0,4,308,6.1
2023-11-18,S04,新竹科學園區店,北區,C03,鮮食,108,81.8,0,1,5,363,7.9
2023-11-19,S04,新竹科學園區店,北區,C03,鮮食,120,77.9,0,1,6,385,9.4
2023-11-20,S04,新竹科學園區店,北區,C03,鮮食,70,75.7,0,0,0,212,5.6
2023-11-21,S04,新竹科學園區店,北區,C03,鮮食,108,67.3,1,0,1,337,6.6
2023-11-22,S04,新竹科學園區店,北區,C03,鮮食,58,74.0,0,0,2,104,6.3
2023-11-23,S04,新竹科學園區店,北區,C03,鮮食,81,69.3,0,0,3,287,5.6
2023-11-24,S04,新竹科學園區店,北區,C03,鮮食,92,79.7,0,0,4,192,6.0
2023-11-25,S04,新竹科學園區店,北區,C03,鮮食,103,79.0,0,1,5,315,9.0
2023-11-26,S04,新竹科學園區店,北區,C03,鮮食,118,82.1,0,1,6,230,8.6
2023-11-27,S04,新竹科學園區店,北區,C03,鮮食,86,64.0,1,0,0,247,6.2
2023-11-28,S04,新竹科學園區店,北區,C03,鮮食,81,77.1,0,0,1,288,5.8
2023-11-29,S04,新竹科學園區店,北區,C03,鮮食,84,78.3,0,0,2,164,5.5
2023-11-30,S04,新竹科學園區店,北區,C03,鮮食,52,74.4,0,0,3,140,5.7
2023-12-01,S04,新竹科學園區店,北區,C03,鮮食,63,79.3,0,0,4,188,5.7
2023-12-02,S04,新竹科學園區店,北區,C03,鮮食,108,78.3,0,1,5,344,9.0
2023-12-03,S04,新竹科學園區店,北區,C03,鮮食,115,78.0,0,1,6,290,9.4
2023-12-04,S04,新竹科學園區店,北區,C03,鮮食,45,82.6,0,0,0,176,6.5
2023-12-05,S04,新竹科學園區店,北區,C03,鮮食,52,80.3,0,0,1,144,5.7
2023-12-06,S04,新竹科學園區店,北區,C03,鮮食,64,81.0,0,0,2,245,5.4
2023-12-07,S04,新竹科學園區店,北區,C03,鮮食,118,68.5,1,0,3,265,7.0
2023-12-08,S04,新竹科學園區店,北區,C03,鮮食,74,86.9,0,0,4,135,5.9
2023-12-09,S04,新竹科學園區店,北區,C03,鮮食,93,75.2,0,1,5,335,7.6
2023-12-10,S04,新竹科學園區店,北區,C03,鮮食,116,82.1,0,1,6,334,9.3
2023-12-11,S04,新竹科學園區店,北區,C03,鮮食,49,84.4,0,0,0,192,5.0
2023-12-12,S04,新竹科學園區店,北區,C03,鮮食,71,78.7,0,0,1,189,5.5
2023-12-13,S04,新竹科學園區店,北區,C03,鮮食,70,79.7,0,0,2,213,5.5
2023-12-14,S04,新竹科學園區店,北區,C03,鮮食,52,80.1,0,0,3,99,5.1
2023-12-15,S04,新竹科學園區店,北區,C03,鮮食,79,76.8,0,0,4,187,6.5
2023-12-16,S04,新竹科學園區店,北區,C03,鮮食,113,75.9,0,1,5,287,9.1
2023-12-17,S04,新竹科學園區店,北區,C03,鮮食,108,76.6,0,1,6,253,8.6
2023-12-18,S04,新竹科學園區店,北區,C03,鮮食,92,66.2,1,0,0,217,5.1
2023-12-19,S04,新竹科學園區店,北區,C03,鮮食,83,69.0,1,0,1,199,5.9
2023-12-20,S04,新竹科學園區店,北區,C03,鮮食,59,80.5,0,0,2,114,5.2
2023-12-21,S04,新竹科學園區店,北區,C03,鮮食,52,77.9,0,0,3,165,5.4
2023-12-22,S04,新竹科學園區店,北區,C03,鮮食,76,82.1,0,0,4,268,5.7
2023-12-23,S04,新竹科學園區店,北區,C03,鮮食,135,80.0,0,1,5,324,9.4
2023-12-24,S04,新竹科學園區店,北區,C03,鮮食,125,77.2,0,1,6,371,8.5
2023-12-25,S04,新竹科學園區店,北區,C03,鮮食,102,80.9,0,1,0,354,9.0
2023-12-26,S04,新竹科學園區店,北區,C03,鮮食,77,80.0,0,0,1,164,6.7
2023-12-27,S04,新竹科學園區店,北區,C03,鮮食,70,77.2,0,0,2,130,4.3
2023-12-28,S04,新竹科學園區店,北區,C03,鮮食,63,78.7,0,0,3,203,5.3
2023-12-29,S04,新竹科學園區店,北區,C03,鮮食,87,78.3,0,0,4,291,5.5
2023-12-30,S04,新竹科學園區店,北區,C03,鮮食,109,80.0,0,1,5,281,8.9
2023-12-31,S04,新竹科學園區店,北區,C03,鮮食,104,83.2,0,1,6,290,8.0
2024-01-01,S04,新竹科學園區店,北區,C03,鮮食,99,83.9,0,1,0,301,8.6
2024-01-02,S04,新竹科學園區店,北區,C03,鮮食,73,83.7,0,0,1,167,5.6
2024-01-03,S04,新竹科學園區店,北區,C03,鮮食,96,79.9,0,0,2,233,6.5
2024-01-04,S04,新竹科學園區店,北區,C03,鮮食,84,84.3,0,0,3,220,6.2
2024-01-05,S04,新竹科學園區店,北區,C03,鮮食,85,73.2,0,0,4,245,6.0
2024-01-06,S04,新竹科學園區店,北區,C03,鮮食,93,74.9,0,1,5,267,8.9
2024-01-07,S04,新竹科學園區店,北區,C03,鮮食,95,82.3,0,1,6,328,8.5
2024-01-08,S04,新竹科學園區店,北區,C03,鮮食,65,83.7,0,0,0,219,4.8
2024-01-09,S04,新竹科學園區店,北區,C03,鮮食,67,86.3,0,0,1,245,5.4
2024-01-10,S04,新竹科學園區店,北區,C03,鮮食,48,79.8,0,0,2,179,5.0
2024-01-11,S04,新竹科學園區店,北區,C03,鮮食,60,83.8,0,0,3,192,5.8
2024-01-12,S04,新竹科學園區店,北區,C03,鮮食,76,78.8,0,0,4,244,6.4
2024-01-13,S04,新竹科學園區店,北區,C03,鮮食,117,77.0,0,1,5,352,8.8
2024-01-14,S04,新竹科學園區店,北區,C03,鮮食,111,78.7,0,1,6,311,8.7
2024-01-15,S04,新竹科學園區店,北區,C03,鮮食,74,78.0,0,0,0,132,5.4
2024-01-16,S04,新竹科學園區店,北區,C03,鮮食,84,63.4,1,0,1,186,5.6
2024-01-17,S04,新竹科學園區店,北區,C03,鮮食,74,76.8,0,0,2,238,5.7
2024-01-18,S04,新竹科學園區店,北區,C03,鮮食,85,89.3,0,0,3,168,5.9
2024-01-19,S04,新竹科學園區店,北區,C03,鮮食,71,76.8,0,0,4,138,5.0
2024-01-20,S04,新竹科學園區店,北區,C03,鮮食,136,76.9,0,1,5,454,9.9
2024-01-21,S04,新竹科學園區店,北區,C03,鮮食,120,86.2,0,1,6,279,9.0
2024-01-22,S04,新竹科學園區店,北區,C03,鮮食,69,75.9,0,0,0,232,5.9
2024-01-23,S04,新竹科學園區店,北區,C03,鮮食,68,77.9,0,0,1,142,5.1
2024-01-24,S04,新竹科學園區店,北區,C03,鮮食,69,72.2,0,0,2,235,6.2
2024-01-25,S04,新竹科學園區店,北區,C03,鮮食,87,68.4,1,0,3,162,6.6
2024-01-26,S04,新竹科學園區店,北區,C03,鮮食,83,80.8,0,0,4,269,6.6
2024-01-27,S04,新竹科學園區店,北區,C03,鮮食,123,79.4,0,1,5,411,8.7
2024-01-28,S04,新竹科學園區店,北區,C03,鮮食,114,82.2,0,1,6,270,9.6
2024-01-29,S04,新竹科學園區店,北區,C03,鮮食,66,76.1,0,0,0,137,6.6
2024-01-30,S04,新竹科學園區店,北區,C03,鮮食,57,89.4,0,0,1,205,4.8
2024-01-31,S04,新竹科學園區店,北區,C03,鮮食,82,68.4,1,0,2,176,6.4
2024-02-01,S04,新竹科學園區店,北區,C03,鮮食,65,83.5,0,0,3,185,4.8
2024-02-02,S04,新竹科學園區店,北區,C03,鮮食,92,78.5,0,0,4,229,6.2
2024-02-03,S04,新竹科學園區店,北區,C03,鮮食,112,79.0,0,1,5,334,10.3
2024-02-04,S04,新竹科學園區店,北區,C03,鮮食,110,78.8,0,1,6,323,9.3
2024-02-05,S04,新竹科學園區店,北區,C03,鮮食,77,80.5,0,0,0,272,5.3
2024-02-06,S04,新竹科學園區店,北區,C03,鮮食,77,71.9,0,0,1,187,5.8
2024-02-07,S04,新竹科學園區店,北區,C03,鮮食,122,66.3,1,0,2,220,6.8
2024-02-08,S04,新竹科學園區店,北區,C03,鮮食,75,82.5,0,0,3,251,6.1
2024-02-09,S04,新竹科學園區店,北區,C03,鮮食,71,75.2,0,0,4,247,6.1
2024-02-10,S04,新竹科學園區店,北區,C03,鮮食,124,80.7,0,1,5,250,9.2
2024-02-11,S04,新竹科學園區店,北區,C03,鮮食,126,83.4,0,1,6,344,9.6
2024-02-12,S04,新竹科學園區店,北區,C03,鮮食,78,76.9,0,0,0,274,6.1
2024-02-13,S04,新竹科學園區店,北區,C03,鮮食,75,85.2,0,0,1,258,6.3
2024-02-14,S04,新竹科學園區店,北區,C03,鮮食,87,77.7,0,0,2,161,5.6
2024-02-15,S04,新竹科學園區店,北區,C03,鮮食,58,79.3,0,0,3,210,4.9
2024-02-16,S04,新竹科學園區店,北區,C03,鮮食,83,77.8,0,0,4,232,6.8
2024-02-17,S04,新竹科學園區店,北區,C03,鮮食,142,61.5,1,1,5,518,9.3
2024-02-18,S04,新竹科學園區店,北區,C03,鮮食,167,65.0,1,1,6,569,9.8
2024-02-19,S04,新竹科學園區店,北區,C03,鮮食,74,83.1,0,0,0,165,5.7
2024-02-20,S04,新竹科學園區店,北區,C03,鮮食,93,69.4,1,0,1,189,5.2
2024-02-21,S04,新竹科學園區店,北區,C03,鮮食,67,82.8,0,0,2,190,5.6
2024-02-22,S04,新竹科學園區店,北區,C03,鮮食,80,84.6,0,0,3,234,7.4
2024-02-23,S04,新竹科學園區店,北區,C03,鮮食,90,82.4,0,0,4,244,6.0
2024-02-24,S04,新竹科學園區店,北區,C03,鮮食,124,78.7,0,1,5,194,10.5
2024-02-25,S04,新竹科學園區店,北區,C03,鮮食,101,83.9,0,1,6,265,8.3
2024-02-26,S04,新竹科學園區店,北區,C03,鮮食,75,68.0,0,0,0,212,6.1
2024-02-27,S04,新竹科學園區店,北區,C03,鮮食,80,75.3,0,0,1,147,6.0
2024-02-28,S04,新竹科學園區店,北區,C03,鮮食,108,77.6,0,1,2,346,9.1
2024-02-29,S04,新竹科學園區店,北區,C03,鮮食,66,81.6,0,0,3,179,5.3
2024-03-01,S04,新竹科學園區店,北區,C03,鮮食,120,66.4,1,0,4,417,6.5
2024-03-02,S04,新竹科學園區店,北區,C03,鮮食,106,76.1,0,1,5,315,8.5
2024-03-03,S04,新竹科學園區店,北區,C03,鮮食,116,80.7,0,1,6,323,8.5
2024-03-04,S04,新竹科學園區店,北區,C03,鮮食,75,80.4,0,0,0,178,5.4
2024-03-05,S04,新竹科學園區店,北區,C03,鮮食,86,82.6,0,0,1,267,6.7
2024-03-06,S04,新竹科學園區店,北區,C03,鮮食,66,76.0,0,0,2,209,5.6
2024-03-07,S04,新竹科學園區店,北區,C03,鮮食,90,69.9,1,0,3,187,6.5
2024-03-08,S04,新竹科學園區店,北區,C03,鮮食,87,72.7,0,0,4,155,6.2
2024-03-09,S04,新竹科學園區店,北區,C03,鮮食,108,83.2,0,1,5,198,8.9
2024-03-10,S04,新竹科學園區店,北區,C03,鮮食,123,81.8,0,1,6,290,9.8
2024-03-11,S04,新竹科學園區店,北區,C03,鮮食,76,84.5,0,0,0,213,6.5
2024-03-12,S04,新竹科學園區店,北區,C03,鮮食,72,82.1,0,0,1,269,5.4
2024-03-13,S04,新竹科學園區店,北區,C03,鮮食,74,85.9,0,0,2,151,6.0
2024-03-14,S04,新竹科學園區店,北區,C03,鮮食,88,78.7,0,0,3,241,6.3
2024-03-15,S04,新竹科學園區店,北區,C03,鮮食,88,81.4,0,0,4,272,6.4
2024-03-16,S04,新竹科學園區店,北區,C03,鮮食,110,78.6,0,1,5,262,9.3
2024-03-17,S04,新竹科學園區店,北區,C03,鮮食,113,78.7,0,1,6,219,9.0
2024-03-18,S04,新竹科學園區店,北區,C03,鮮食,87,79.1,0,0,0,293,6.4
2024-03-19,S04,新竹科學園區店,北區,C03,鮮食,88,70.8,1,0,1,272,6.5
2024-03-20,S04,新竹科學園區店,北區,C03,鮮食,85,72.6,0,0,2,232,6.2
2024-03-21,S04,新竹科學園區店,北區,C03,鮮食,79,79.8,0,0,3,147,6.4
2024-03-22,S04,新竹科學園區店,北區,C03,鮮食,81,78.8,0,0,4,185,6.7
2024-03-23,S04,新竹科學園區店,北區,C03,鮮食,107,86.8,0,1,5,242,8.8
2024-03-24,S04,新竹科學園區店,北區,C03,鮮食,134,80.5,0,1,6,406,9.3
2024-03-25,S04,新竹科學園區店,北區,C03,鮮食,68,83.1,0,0,0,249,5.0
2024-03-26,S04,新竹科學園區店,北區,C03,鮮食,65,77.2,0,0,1,243,6.0
2024-03-27,S04,新竹科學園區店,北區,C03,鮮食,104,77.4,0,0,2,317,5.8
2024-03-28,S04,新竹科學園區店,北區,C03,鮮食,77,74.5,0,0,3,130,6.3
2024-03-29,S04,新竹科學園區店,北區,C03,鮮食,78,78.4,0,0,4,199,6.0
2024-03-30,S04,新竹科學園區店,北區,C03,鮮食,126,73.5,0,1,5,271,8.8
2024-03-31,S04,新竹科學園區店,北區,C03,鮮食,126,86.1,0,1,6,317,9.2
2024-04-01,S04,新竹科學園區店,北區,C03,鮮食,68,76.9,0,0,0,179,6.5
2024-04-02,S04,新竹科學園區店,北區,C03,鮮食,78,76.5,0,0,1,186,5.1
2024-04-03,S04,新竹科學園區店,北區,C03,鮮食,89,85.4,0,0,2,204,6.5
2024-04-04,S04,新竹科學園區店,北區,C03,鮮食,112,76.2,0,1,3,295,8.8
2024-04-05,S04,新竹科學園區店,北區,C03,鮮食,111,77.1,0,1,4,289,8.9
2024-04-06,S04,新竹科學園區店,北區,C03,鮮食,173,67.7,1,1,5,525,10.8
2024-04-07,S04,新竹科學園區店,北區,C03,鮮食,114,81.7,0,1,6,389,8.8
2024-04-08,S04,新竹科學園區店,北區,C03,鮮食,97,70.4,1,0,0,213,6.6
2024-04-09,S04,新竹科學園區店,北區,C03,鮮食,80,84.5,0,0,1,176,5.6
2024-04-10,S04,新竹科學園區店,北區,C03,鮮食,77,75.3,0,0,2,186,6.4
2024-04-11,S04,新竹科學園區店,北區,C03,鮮食,60,73.5,0,0,3,216,6.2
2024-04-12,S04,新竹科學園區店,北區,C03,鮮食,106,78.2,0,0,4,194,7.2
2024-04-13,S04,新竹科學園區店,北區,C03,鮮食,114,80.2,0,1,5,288,8.3
2024-04-14,S04,新竹科學園區店,北區,C03,鮮食,152,81.3,0,1,6,529,9.7
2024-04-15,S04,新竹科學園區店,北區,C03,鮮食,72,88.5,0,0,0,214,5.9
2024-04-16,S04,新竹科學園區店,北區,C03,鮮食,101,81.1,0,0,1,323,6.6
2024-04-17,S04,新竹科學園區店,北區,C03,鮮食,78,84.0,0,0,2,275,6.7
2024-04-18,S04,新竹科學園區店,北區,C03,鮮食,104,66.6,1,0,3,324,7.0
2024-04-19,S04,新竹科學園區店,北區,C03,鮮食,78,77.5,0,0,4,221,5.7
2024-04-20,S04,新竹科學園區店,北區,C03,鮮食,130,79.7,0,1,5,261,9.2
2024-04-21,S04,新竹科學園區店,北區,C03,鮮食,138,79.0,0,1,6,400,9.7
2024-04-22,S04,新竹科學園區店,北區,C03,鮮食,63,74.5,0,0,0,231,6.1
2024-04-23,S04,新竹科學園區店,北區,C03,鮮食,92,85.1,0,0,1,309,6.4
2024-04-24,S04,新竹科學園區店,北區,C03,鮮食,63,76.9,0,0,2,183,4.6
2024-04-25,S04,新竹科學園區店,北區,C03,鮮食,78,83.7,0,0,3,199,5.0
2024-04-26,S04,新竹科學園區店,北區,C03,鮮食,123,75.1,1,0,4,299,7.3
2024-04-27,S04,新竹科學園區店,北區,C03,鮮食,151,80.2,0,1,5,362,9.5
2024-04-28,S04,新竹科學園區店,北區,C03,鮮食,125,83.9,0,1,6,286,8.2
2024-04-29,S04,新竹科學園區店,北區,C03,鮮食,87,85.4,0,0,0,273,5.8
2024-04-30,S04,新竹科學園區店,北區,C03,鮮食,82,80.9,0,0,1,246,5.4
2024-05-01,S04,新竹科學園區店,北區,C03,鮮食,119,84.1,0,1,2,217,9.2
2024-05-02,S04,新竹科學園區店,北區,C03,鮮食,100,65.5,1,0,3,228,6.4
2024-05-03,S04,新竹科學園區店,北區,C03,鮮食,103,79.5,0,0,4,286,6.6
2024-05-04,S04,新竹科學園區店,北區,C03,鮮食,119,87.8,0,1,5,387,9.4
2024-05-05,S04,新竹科學園區店,北區,C03,鮮食,140,82.2,0,1,6,356,10.6
2024-05-06,S04,新竹科學園區店,北區,C03,鮮食,72,77.9,0,0,0,163,5.3
2024-05-07,S04,新竹科學園區店,北區,C03,鮮食,76,84.5,0,0,1,246,6.1
2024-05-08,S04,新竹科學園區店,北區,C03,鮮食,72,72.6,0,0,2,228,5.1
2024-05-09,S04,新竹科學園區店,北區,C03,鮮食,82,80.2,0,0,3,188,6.9
2024-05-10,S04,新竹科學園區店,北區,C03,鮮食,123,66.9,1,0,4,413,7.7
2024-05-11,S04,新竹科學園區店,北區,C03,鮮食,114,87.4,0,1,5,233,8.6
2024-05-12,S04,新竹科學園區店,北區,C03,鮮食,146,76.6,0,1,6,325,9.2
2024-05-13,S04,新竹科學園區店,北區,C03,鮮食,90,80.0,0,0,0,218,6.8
2024-05-14,S04,新竹科學園區店,北區,C03,鮮食,85,80.7,0,0,1,198,6.6
2024-05-15,S04,新竹科學園區店,北區,C03,鮮食,91,87.6,0,0,2,244,6.9
2024-05-16,S04,新竹科學園區店,北區,C03,鮮食,101,80.1,0,0,3,289,7.0
2024-05-17,S04,新竹科學園區店,北區,C03,鮮食,100,77.4,0,0,4,180,5.7
2024-05-18,S04,新竹科學園區店,北區,C03,鮮食,160,72.8,0,1,5,526,10.1
2024-05-19,S04,新竹科學園區店,北區,C03,鮮食,122,76.9,0,1,6,381,9.6
2024-05-20,S04,新竹科學園區店,北區,C03,鮮食,70,82.0,0,0,0,233,6.6
2024-05-21,S04,新竹科學園區店,北區,C03,鮮食,105,79.6,0,0,1,380,6.5
2024-05-22,S04,新竹科學園區店,北區,C03,鮮食,63,88.0,0,0,2,214,5.3
2024-05-23,S04,新竹科學園區店,北區,C03,鮮食,84,76.7,0,0,3,178,6.4
2024-05-24,S04,新竹科學園區店,北區,C03,鮮食,113,79.8,0,0,4,328,6.7
2024-05-25,S04,新竹科學園區店,北區,C03,鮮食,154,79.4,0,1,5,442,9.2
2024-05-26,S04,新竹科學園區店,北區,C03,鮮食,119,75.9,0,1,6,387,9.0
2024-05-27,S04,新竹科學園區店,北區,C03,鮮食,95,81.0,0,0,0,302,6.4
2024-05-28,S04,新竹科學園區店,北區,C03,鮮食,131,63.8,1,0,1,270,7.1
2024-05-29,S04,新竹科學園區店,北區,C03,鮮食,89,72.9,1,0,2,333,5.9
2024-05-30,S04,新竹科學園區店,北區,C03,鮮食,85,76.8,0,0,3,180,5.9
2024-05-31,S04,新竹科學園區店,北區,C03,鮮食,100,81.6,0,0,4,268,6.7
2024-06-01,S04,新竹科學園區店,北區,C03,鮮食,126,77.7,0,1,5,315,8.8
2024-06-02,S04,新竹科學園區店,北區,C03,鮮食,122,80.2,0,1,6,396,10.1
2024-06-03,S04,新竹科學園區店,北區,C03,鮮食,62,76.9,0,0,0,185,5.4
2024-06-04,S04,新竹科學園區店,北區,C03,鮮食,99,75.9,0,0,1,341,7.4
2024-06-05,S04,新竹科學園區店,北區,C03,鮮食,93,86.9,0,0,2,288,6.1
2024-06-06,S04,新竹科學園區店,北區,C03,鮮食,87,87.3,0,0,3,214,6.4
2024-06-07,S04,新竹科學園區店,北區,C03,鮮食,78,77.4,0,0,4,196,5.0
2024-06-08,S04,新竹科學園區店,北區,C03,鮮食,129,79.1,0,1,5,264,9.1
2024-06-09,S04,新竹科學園區店,北區,C03,鮮食,135,85.2,0,1,6,275,9.4
2024-06-10,S04,新竹科學園區店,北區,C03,鮮食,68,80.4,0,0,0,193,6.2
2024-06-11,S04,新竹科學園區店,北區,C03,鮮食,77,76.2,0,0,1,205,5.9
2024-06-12,S04,新竹科學園區店,北區,C03,鮮食,92,77.9,0,0,2,199,6.7
2024-06-13,S04,新竹科學園區店,北區,C03,鮮食,86,78.2,0,0,3,189,6.2
2024-06-14,S04,新竹科學園區店,北區,C03,鮮食,86,74.9,0,0,4,311,5.6
2024-06-15,S04,新竹科學園區店,北區,C03,鮮食,151,81.1,0,1,5,514,10.1
2024-06-16,S04,新竹科學園區店,北區,C03,鮮食,169,66.4,1,1,6,364,9.8
2024-06-17,S04,新竹科學園區店,北區,C03,鮮食,76,78.4,0,0,0,146,6.8
2024-06-18,S04,新竹科學園區店,北區,C03,鮮食,99,69.1,1,0,1,192,7.0
2024-06-19,S04,新竹科學園區店,北區,C03,鮮食,79,83.8,0,0,2,229,5.8
2024-06-20,S04,新竹科學園區店,北區,C03,鮮食,121,69.5,1,0,3,419,7.1
2024-06-21,S04,新竹科學園區店,北區,C03,鮮食,92,84.4,0,0,4,328,6.1
2024-06-22,S04,新竹科學園區店,北區,C03,鮮食,129,82.1,0,1,5,418,9.9
2024-06-23,S04,新竹科學園區店,北區,C03,鮮食,136,77.6,0,1,6,444,9.2
2024-06-24,S04,新竹科學園區店,北區,C03,鮮食,83,72.4,0,0,0,284,7.2
2024-06-25,S04,新竹科學園區店,北區,C03,鮮食,78,80.6,0,0,1,295,5.8
2024-06-26,S04,新竹科學園區店,北區,C03,鮮食,88,71.4,0,0,2,204,4.9
2024-06-27,S04,新竹科學園區店,北區,C03,鮮食,102,76.0,0,0,3,235,5.4
2024-06-28,S04,新竹科學園區店,北區,C03,鮮食,93,82.8,0,0,4,185,6.7
2024-06-29,S04,新竹科學園區店,北區,C03,鮮食,112,81.2,0,1,5,319,9.8
2024-06-30,S04,新竹科學園區店,北區,C03,鮮食,156,76.7,0,1,6,311,9.5
2024-07-01,S04,新竹科學園區店,北區,C03,鮮食,89,72.5,0,0,0,329,6.5
2024-07-02,S04,新竹科學園區店,北區,C03,鮮食,78,88.9,0,0,1,226,5.2
2024-07-03,S04,新竹科學園區店,北區,C03,鮮食,90,85.9,0,0,2,283,7.0
2024-07-04,S04,新竹科學園區店,北區,C03,鮮食,77,74.1,0,0,3,192,6.5
2024-07-05,S04,新竹科學園區店,北區,C03,鮮食,83,87.4,0,0,4,167,6.5
2024-07-06,S04,新竹科學園區店,北區,C03,鮮食,172,66.5,1,1,5,419,10.4
2024-07-07,S04,新竹科學園區店,北區,C03,鮮食,141,77.3,0,1,6,248,9.4
2024-07-08,S04,新竹科學園區店,北區,C03,鮮食,91,78.9,0,0,0,304,6.0
2024-07-09,S04,新竹科學園區店,北區,C03,鮮食,70,81.2,0,0,1,196,6.0
2024-07-10,S04,新竹科學園區店,北區,C03,鮮食,106,83.4,0,0,2,288,7.0
2024-07-11,S04,新竹科學園區店,北區,C03,鮮食,100,80.2,0,0,3,254,6.1
2024-07-12,S04,新竹科學園區店,北區,C03,鮮食,87,78.4,0,0,4,167,6.6
2024-07-13,S04,新竹科學園區店,北區,C03,鮮食,122,83.1,0,1,5,410,9.1
2024-07-14,S04,新竹科學園區店,北區,C03,鮮食,167,70.9,1,1,6,277,10.5
2024-07-15,S04,新竹科學園區店,北區,C03,鮮食,48,82.2,0,0,0,176,4.9
2024-07-16,S04,新竹科學園區店,北區,C03,鮮食,107,59.9,1,0,1,201,7.7
2024-07-17,S04,新竹科學園區店,北區,C03,鮮食,82,78.0,0,0,2,235,6.6
2024-07-18,S04,新竹科學園區店,北區,C03,鮮食,100,84.7,0,0,3,210,6.3
2024-07-19,S04,新竹科學園區店,北區,C03,鮮食,100,77.4,0,0,4,343,7.2
2024-07-20,S04,新竹科學園區店,北區,C03,鮮食,154,72.5,0,1,5,421,9.8
2024-07-21,S04,新竹科學園區店,北區,C03,鮮食,158,75.2,0,1,6,375,10.2
2024-07-22,S04,新竹科學園區店,北區,C03,鮮食,86,76.6,0,0,0,168,5.7
2024-07-23,S04,新竹科學園區店,北區,C03,鮮食,67,81.8,0,0,1,155,5.3
2024-07-24,S04,新竹科學園區店,北區,C03,鮮食,66,81.3,0,0,2,231,6.0
2024-07-25,S04,新竹科學園區店,北區,C03,鮮食,75,77.5,0,0,3,137,6.8
2024-07-26,S04,新竹科學園區店,北區,C03,鮮食,89,83.3,0,0,4,234,6.8
2024-07-27,S04,新竹科學園區店,北區,C03,鮮食,185,64.1,1,1,5,649,10.3
2024-07-28,S04,新竹科學園區店,北區,C03,鮮食,144,76.7,0,1,6,261,9.6
2024-07-29,S04,新竹科學園區店,北區,C03,鮮食,92,79.5,0,0,0,270,5.5
2024-07-30,S04,新竹科學園區店,北區,C03,鮮食,79,82.4,0,0,1,198,5.9
2024-07-31,S04,新竹科學園區店,北區,C03,鮮食,79,83.4,0,0,2,252,6.0
2024-08-01,S04,新竹科學園區店,北區,C03,鮮食,123,66.2,1,0,3,261,6.6
2024-08-02,S04,新竹科學園區店,北區,C03,鮮食,86,82.6,0,0,4,216,6.9
2024-08-03,S04,新竹科學園區店,北區,C03,鮮食,146,78.8,0,1,5,428,10.4
2024-08-04,S04,新竹科學園區店,北區,C03,鮮食,174,71.8,1,1,6,474,10.3
2024-08-05,S04,新竹科學園區店,北區,C03,鮮食,86,82.1,0,0,0,206,6.3
2024-08-06,S04,新竹科學園區店,北區,C03,鮮食,89,75.9,0,0,1,181,5.9
2024-08-07,S04,新竹科學園區店,北區,C03,鮮食,75,86.1,0,0,2,199,5.8
2024-08-08,S04,新竹科學園區店,北區,C03,鮮食,84,78.3,0,0,3,261,5.7
2024-08-09,S04,新竹科學園區店,北區,C03,鮮食,95,80.2,0,0,4,186,6.5
2024-08-10,S04,新竹科學園區店,北區,C03,鮮食,137,76.4,0,1,5,273,9.4
2024-08-11,S04,新竹科學園區店,北區,C03,鮮食,151,80.0,0,1,6,474,9.3
2024-08-12,S04,新竹科學園區店,北區,C03,鮮食,86,75.8,0,0,0,154,6.5
2024-08-13,S04,新竹科學園區店,北區,C03,鮮食,73,85.5,0,0,1,268,5.4
2024-08-14,S04,新竹科學園區店,北區,C03,鮮食,112,68.8,1,0,2,344,6.8
2024-08-15,S04,新竹科學園區店,北區,C03,鮮食,91,79.3,0,0,3,212,6.8
2024-08-16,S04,新竹科學園區店,北區,C03,鮮食,75,83.4,0,0,4,264,5.3
2024-08-17,S04,新竹科學園區店,北區,C03,鮮食,156,60.5,1,1,5,381,9.8
2024-08-18,S04,新竹科學園區店,北區,C03,鮮食,137,81.0,0,1,6,355,9.9
2024-08-19,S04,新竹科學園區店,北區,C03,鮮食,68,81.7,0,0,0,159,6.1
2024-08-20,S04,新竹科學園區店,北區,C03,鮮食,79,83.8,0,0,1,213,6.1
2024-08-21,S04,新竹科學園區店,北區,C03,鮮食,109,69.5,1,0,2,291,7.5
2024-08-22,S04,新竹科學園區店,北區,C03,鮮食,83,75.8,0,0,3,290,5.9
2024-08-23,S04,新竹科學園區店,北區,C03,鮮食,96,77.2,0,0,4,168,6.8
2024-08-24,S04,新竹科學園區店,北區,C03,鮮食,120,73.4,0,1,5,433,9.3
2024-08-25,S04,新竹科學園區店,北區,C03,鮮食,177,68.2,1,1,6,628,10.2
2024-08-26,S04,新竹科學園區店,北區,C03,鮮食,96,71.9,1,0,0,329,6.9
2024-08-27,S04,新竹科學園區店,北區,C03,鮮食,69,82.4,0,0,1,133,5.9
2024-08-28,S04,新竹科學園區店,北區,C03,鮮食,92,68.2,1,0,2,278,5.8
2024-08-29,S04,新竹科學園區店,北區,C03,鮮食,128,64.7,1,0,3,267,7.0
2024-08-30,S04,新竹科學園區店,北區,C03,鮮食,74,80.0,0,0,4,150,6.1
2024-08-31,S04,新竹科學園區店,北區,C03,鮮食,153,77.7,0,1,5,359,9.7
2024-09-01,S04,新竹科學園區店,北區,C03,鮮食,136,81.3,0,1,6,384,9.4
2024-09-02,S04,新竹科學園區店,北區,C03,鮮食,86,67.6,1,0,0,172,6.2
2024-09-03,S04,新竹科學園區店,北區,C03,鮮食,74,83.1,0,0,1,252,4.9
2024-09-04,S04,新竹科學園區店,北區,C03,鮮食,97,68.7,1,0,2,197,7.2
2024-09-05,S04,新竹科學園區店,北區,C03,鮮食,84,87.7,0,0,3,300,6.5
2024-09-06,S04,新竹科學園區店,北區,C03,鮮食,120,69.9,1,0,4,325,6.8
2024-09-07,S04,新竹科學園區店,北區,C03,鮮食,130,86.5,0,1,5,304,8.8
2024-09-08,S04,新竹科學園區店,北區,C03,鮮食,119,78.5,0,1,6,342,9.7
2024-09-09,S04,新竹科學園區店,北區,C03,鮮食,77,75.6,0,0,0,228,6.1
2024-09-10,S04,新竹科學園區店,北區,C03,鮮食,81,80.6,0,0,1,226,6.1
2024-09-11,S04,新竹科學園區店,北區,C03,鮮食,69,76.7,0,0,2,211,6.4
2024-09-12,S04,新竹科學園區店,北區,C03,鮮食,74,77.6,0,0,3,261,4.4
2024-09-13,S04,新竹科學園區店,北區,C03,鮮食,99,84.7,0,0,4,176,6.9
2024-09-14,S04,新竹科學園區店,北區,C03,鮮食,117,82.2,0,1,5,418,8.5
2024-09-15,S04,新竹科學園區店,北區,C03,鮮食,123,86.5,0,1,6,393,9.1
2024-09-16,S04,新竹科學園區店,北區,C03,鮮食,79,80.5,0,0,0,284,6.4
2024-09-17,S04,新竹科學園區店,北區,C03,鮮食,60,81.1,0,0,1,194,5.5
2024-09-18,S04,新竹科學園區店,北區,C03,鮮食,79,81.3,0,0,2,254,5.6
2024-09-19,S04,新竹科學園區店,北區,C03,鮮食,98,69.1,1,0,3,258,6.6
2024-09-20,S04,新竹科學園區店,北區,C03,鮮食,90,81.6,0,0,4,246,7.0
2024-09-21,S04,新竹科學園區店,北區,C03,鮮食,122,79.0,0,1,5,231,8.9
2024-09-22,S04,新竹科學園區店,北區,C03,鮮食,119,75.8,0,1,6,419,7.4
2024-09-23,S04,新竹科學園區店,北區,C03,鮮食,81,82.5,0,0,0,229,6.0
2024-09-24,S04,新竹科學園區店,北區,C03,鮮食,80,82.2,0,0,1,247,6.2
2024-09-25,S04,新竹科學園區店,北區,C03,鮮食,96,75.3,0,0,2,308,6.3
2024-09-26,S04,新竹科學園區店,北區,C03,鮮食,79,72.8,0,0,3,205,5.9
2024-09-27,S04,新竹科學園區店,北區,C03,鮮食,77,71.3,0,0,4,280,6.5
2024-09-28,S04,新竹科學園區店,北區,C03,鮮食,125,85.3,0,1,5,427,9.1
2024-09-29,S04,新竹科學園區店,北區,C03,鮮食,129,88.5,0,1,6,307,7.7
2024-09-30,S04,新竹科學園區店,北區,C03,鮮食,58,79.8,0,0,0,186,5.4
2024-10-01,S04,新竹科學園區店,北區,C03,鮮食,72,83.4,0,0,1,160,6.1
2024-10-02,S04,新竹科學園區店,北區,C03,鮮食,91,68.9,1,0,2,163,6.0
2024-10-03,S04,新竹科學園區店,北區,C03,鮮食,83,81.5,0,0,3,197,6.0
2024-10-04,S04,新竹科學園區店,北區,C03,鮮食,77,78.9,0,0,4,266,5.7
2024-10-05,S04,新竹科學園區店,北區,C03,鮮食,133,77.5,0,1,5,223,8.9
2024-10-06,S04,新竹科學園區店,北區,C03,鮮食,125,83.6,0,1,6,264,9.5
2024-10-07,S04,新竹科學園區店,北區,C03,鮮食,93,66.5,1,0,0,258,6.7
2024-10-08,S04,新竹科學園區店,北區,C03,鮮食,60,78.0,0,0,1,162,6.2
2024-10-09,S04,新竹科學園區店,北區,C03,鮮食,63,83.0,0,0,2,192,5.9
2024-10-10,S04,新竹科學園區店,北區,C03,鮮食,92,76.4,0,1,3,284,8.0
2024-10-11,S04,新竹科學園區店,北區,C03,鮮食,81,82.1,0,0,4,262,6.2
2024-10-12,S04,新竹科學園區店,北區,C03,鮮食,173,68.8,1,1,5,274,10.0
2024-10-13,S04,新竹科學園區店,北區,C03,鮮食,139,75.3,0,1,6,495,10.1
2024-10-14,S04,新竹科學園區店,北區,C03,鮮食,56,81.3,0,0,0,211,5.6
2024-10-15,S04,新竹科學園區店,北區,C03,鮮食,61,84.0,0,0,1,200,5.2
2024-10-16,S04,新竹科學園區店,北區,C03,鮮食,65,86.3,0,0,2,130,5.8
2024-10-17,S04,新竹科學園區店,北區,C03,鮮食,76,78.4,0,0,3,207,6.6
2024-10-18,S04,新竹科學園區店,北區,C03,鮮食,86,80.6,0,0,4,212,6.3
2024-10-19,S04,新竹科學園區店,北區,C03,鮮食,125,76.2,0,1,5,231,8.8
2024-10-20,S04,新竹科學園區店,北區,C03,鮮食,118,79.2,0,1,6,362,9.5
2024-10-21,S04,新竹科學園區店,北區,C03,鮮食,58,77.5,0,0,0,120,5.3
2024-10-22,S04,新竹科學園區店,北區,C03,鮮食,75,81.3,0,0,1,278,6.3
2024-10-23,S04,新竹科學園區店,北區,C03,鮮食,90,75.8,0,0,2,229,7.0
2024-10-24,S04,新竹科學園區店,北區,C03,鮮食,66,79.2,0,0,3,198,6.4
2024-10-25,S04,新竹科學園區店,北區,C03,鮮食,69,75.2,0,0,4,168,6.0
2024-10-26,S04,新竹科學園區店,北區,C03,鮮食,115,81.6,0,1,5,410,9.7
2024-10-27,S04,新竹科學園區店,北區,C03,鮮食,117,81.3,0,1,6,230,8.5
2024-10-28,S04,新竹科學園區店,北區,C03,鮮食,66,73.9,0,0,0,246,5.5
2024-10-29,S04,新竹科學園區店,北區,C03,鮮食,83,81.4,0,0,1,262,6.0
2024-10-30,S04,新竹科學園區店,北區,C03,鮮食,76,69.6,1,0,2,142,5.6
2024-10-31,S04,新竹科學園區店,北區,C03,鮮食,106,68.1,1,0,3,231,7.4
2024-11-01,S04,新竹科學園區店,北區,C03,鮮食,59,83.7,0,0,4,114,4.6
2024-11-02,S04,新竹科學園區店,北區,C03,鮮食,109,75.9,0,1,5,371,9.4
2024-11-03,S04,新竹科學園區店,北區,C03,鮮食,113,75.4,0,1,6,196,9.3
2024-11-04,S04,新竹科學園區店,北區,C03,鮮食,90,74.7,1,0,0,202,5.8
2024-11-05,S04,新竹科學園區店,北區,C03,鮮食,53,75.0,0,0,1,147,5.6
2024-11-06,S04,新竹科學園區店,北區,C03,鮮食,51,73.8,0,0,2,187,5.3
2024-11-07,S04,新竹科學園區店,北區,C03,鮮食,80,78.9,0,0,3,172,6.8
2024-11-08,S04,新竹科學園區店,北區,C03,鮮食,98,76.4,0,0,4,317,6.2
2024-11-09,S04,新竹科學園區店,北區,C03,鮮食,127,78.4,0,1,5,343,8.3
2024-11-10,S04,新竹科學園區店,北區,C03,鮮食,144,76.4,0,1,6,359,9.3
2024-11-11,S04,新竹科學園區店,北區,C03,鮮食,78,74.8,1,0,0,282,6.0
2024-11-12,S04,新竹科學園區店,北區,C03,鮮食,64,80.9,0,0,1,221,6.1
2024-11-13,S04,新竹科學園區店,北區,C03,鮮食,68,80.4,0,0,2,141,6.0
2024-11-14,S04,新竹科學園區店,北區,C03,鮮食,68,79.1,0,0,3,130,6.3
2024-11-15,S04,新竹科學園區店,北區,C03,鮮食,98,73.5,1,0,4,226,5.9
2024-11-16,S04,新竹科學園區店,北區,C03,鮮食,128,81.8,0,1,5,255,9.2
2024-11-17,S04,新竹科學園區店,北區,C03,鮮食,109,82.9,0,1,6,388,9.6
2024-11-18,S04,新竹科學園區店,北區,C03,鮮食,59,75.3,0,0,0,109,5.2
2024-11-19,S04,新竹科學園區店,北區,C03,鮮食,75,81.5,0,0,1,139,6.0
2024-11-20,S04,新竹科學園區店,北區,C03,鮮食,64,73.7,0,0,2,245,5.1
2024-11-21,S04,新竹科學園區店,北區,C03,鮮食,89,85.3,0,0,3,240,5.8
2024-11-22,S04,新竹科學園區店,北區,C03,鮮食,77,71.9,0,0,4,240,6.0
2024-11-23,S04,新竹科學園區店,北區,C03,鮮食,125,76.8,0,1,5,338,8.9
2024-11-24,S04,新竹科學園區店,北區,C03,鮮食,141,82.3,0,1,6,348,9.9
2024-11-25,S04,新竹科學園區店,北區,C03,鮮食,65,75.5,0,0,0,135,5.4
2024-11-26,S04,新竹科學園區店,北區,C03,鮮食,79,80.8,0,0,1,266,5.5
2024-11-27,S04,新竹科學園區店,北區,C03,鮮食,64,85.3,0,0,2,241,6.4
2024-11-28,S04,新竹科學園區店,北區,C03,鮮食,60,81.5,0,0,3,206,5.9
2024-11-29,S04,新竹科學園區店,北區,C03,鮮食,71,77.7,0,0,4,226,5.7
2024-11-30,S04,新竹科學園區店,北區,C03,鮮食,140,71.5,0,1,5,350,9.7
2024-12-01,S04,新竹科學園區店,北區,C03,鮮食,124,77.5,0,1,6,405,9.4
2024-12-02,S04,新竹科學園區店,北區,C03,鮮食,63,83.1,0,0,0,188,6.2
2024-12-03,S04,新竹科學園區店,北區,C03,鮮食,54,78.1,0,0,1,137,6.5
2024-12-04,S04,新竹科學園區店,北區,C03,鮮食,71,80.2,0,0,2,148,6.6
2024-12-05,S04,新竹科學園區店,北區,C03,鮮食,75,80.8,0,0,3,140,5.8
2024-12-06,S04,新竹科學園區店,北區,C03,鮮食,85,79.2,0,0,4,309,6.5
2024-12-07,S04,新竹科學園區店,北區,C03,鮮食,117,79.9,0,1,5,271,9.5
2024-12-08,S04,新竹科學園區店,北區,C03,鮮食,143,80.4,0,1,6,352,9.7
2024-12-09,S04,新竹科學園區店,北區,C03,鮮食,81,77.0,0,0,0,152,5.9
2024-12-10,S04,新竹科學園區店,北區,C03,鮮食,75,79.1,0,0,1,162,5.6
2024-12-11,S04,新竹科學園區店,北區,C03,鮮食,80,84.3,0,0,2,144,6.0
2024-12-12,S04,新竹科學園區店,北區,C03,鮮食,70,78.7,0,0,3,232,5.9
2024-12-13,S04,新竹科學園區店,北區,C03,鮮食,99,74.7,0,0,4,310,6.4
2024-12-14,S04,新竹科學園區店,北區,C03,鮮食,129,76.5,0,1,5,284,9.1
2024-12-15,S04,新竹科學園區店,北區,C03,鮮食,112,74.5,0,1,6,192,9.2
2024-12-16,S04,新竹科學園區店,北區,C03,鮮食,74,77.3,0,0,0,270,6.9
2024-12-17,S04,新竹科學園區店,北區,C03,鮮食,80,78.4,0,0,1,285,6.0
2024-12-18,S04,新竹科學園區店,北區,C03,鮮食,77,83.1,0,0,2,285,5.6
2024-12-19,S04,新竹科學園區店,北區,C03,鮮食,100,66.9,1,0,3,286,5.6
2024-12-20,S04,新竹科學園區店,北區,C03,鮮食,93,74.3,0,0,4,299,5.8
2024-12-21,S04,新竹科學園區店,北區,C03,鮮食,122,72.3,0,1,5,397,9.2
2024-12-22,S04,新竹科學園區店,北區,C03,鮮食,130,63.9,1,1,6,351,9.1
2024-12-23,S04,新竹科學園區店,北區,C03,鮮食,75,82.0,0,0,0,150,6.0
2024-12-24,S04,新竹科學園區店,北區,C03,鮮食,90,68.3,1,0,1,256,6.9
2024-12-25,S04,新竹科學園區店,北區,C03,鮮食,102,79.1,0,1,2,220,8.1
2024-12-26,S04,新竹科學園區店,北區,C03,鮮食,81,79.7,0,0,3,258,5.3
2024-12-27,S04,新竹科學園區店,北區,C03,鮮食,75,77.2,0,0,4,196,5.9
2024-12-28,S04,新竹科學園區店,北區,C03,鮮食,133,82.3,0,1,5,462,9.3
2024-12-29,S04,新竹科學園區店,北區,C03,鮮食,162,71.1,1,1,6,388,9.7
2024-12-30,S04,新竹科學園區店,北區,C03,鮮食,78,78.2,0,0,0,195,5.9
2023-01-01,S04,新竹科學園區店,北區,C04,日用品,63,120.6,0,1,6,148,7.8
2023-01-02,S04,新竹科學園區店,北區,C04,日用品,40,99.2,1,0,0,157,5.3
2023-01-03,S04,新竹科學園區店,北區,C04,日用品,33,123.2,0,0,1,76,5.1
2023-01-04,S04,新竹科學園區店,北區,C04,日用品,46,107.2,1,0,2,114,5.0
2023-01-05,S04,新竹科學園區店,北區,C04,日用品,23,121.7,0,0,3,61,3.8
2023-01-06,S04,新竹科學園區店,北區,C04,日用品,63,99.7,1,0,4,139,4.8
2023-01-07,S04,新竹科學園區店,北區,C04,日用品,69,116.9,0,1,5,250,7.8
2023-01-08,S04,新竹科學園區店,北區,C04,日用品,67,121.8,0,1,6,224,7.4
2023-01-09,S04,新竹科學園區店,北區,C04,日用品,31,118.3,0,0,0,78,4.8
2023-01-10,S04,新竹科學園區店,北區,C04,日用品,49,123.4,0,0,1,120,5.4
2023-01-11,S04,新竹科學園區店,北區,C04,日用品,39,123.2,0,0,2,144,5.7
2023-01-12,S04,新竹科學園區店,北區,C04,日用品,45,122.4,0,0,3,104,5.0
2023-01-13,S04,新竹科學園區店,北區,C04,日用品,58,109.1,1,0,4,175,5.5
2023-01-14,S04,新竹科學園區店,北區,C04,日用品,54,114.3,0,1,5,113,7.2
2023-01-15,S04,新竹科學園區店,北區,C04,日用品,71,99.8,1,1,6,175,7.9
2023-01-16,S04,新竹科學園區店,北區,C04,日用品,35,125.5,0,0,0,125,4.5
2023-01-17,S04,新竹科學園區店,北區,C04,日用品,34,119.6,0,0,1,118,4.9
2023-01-18,S04,新竹科學園區店,北區,C04,日用品,34,100.6,1,0,2,107,5.8
2023-01-19,S04,新竹科學園區店,北區,C04,日用品,36,115.2,0,0,3,100,5.0
2023-01-20,S04,新竹科學園區店,北區,C04,日用品,59,100.3,1,0,4,186,4.6
2023-01-21,S04,新竹科學園區店,北區,C04,日用品,57,119.5,0,1,5,122,7.5
2023-01-22,S04,新竹科學園區店,北區,C04,日用品,68,114.9,0,1,6,226,8.1
2023-01-23,S04,新竹科學園區店,北區,C04,日用品,37,115.1,0,0,0,91,5.7
2023-01-24,S04,新竹科學園區店,北區,C04,日用品,33,113.5,0,0,1,108,4.0
2023-01-25,S04,新竹科學園區店,北區,C04,日用品,49,103.6,1,0,2,151,5.2
2023-01-26,S04,新竹科學園區店,北區,C04,日用品,41,119.5,0,0,3,127,5.2
2023-01-27,S04,新竹科學園區店,北區,C04,日用品,41,121.0,0,0,4,115,5.1
2023-01-28,S04,新竹科學園區店,北區,C04,日用品,70,114.0,0,1,5,203,7.1
2023-01-29,S04,新竹科學園區店,北區,C04,日用品,64,118.8,0,1,6,148,7.7
2023-01-30,S04,新竹科學園區店,北區,C04,日用品,35,116.3,0,0,0,133,4.4
2023-01-31,S04,新竹科學園區店,北區,C04,日用品,46,114.5,0,0,1,131,4.8
2023-02-01,S04,新竹科學園區店,北區,C04,日用品,44,114.9,0,0,2,140,5.2
2023-02-02,S04,新竹科學園區店,北區,C04,日用品,35,128.9,0,0,3,83,5.2
2023-02-03,S04,新竹科學園區店,北區,C04,日用品,37,117.4,0,0,4,100,4.6
2023-02-04,S04,新竹科學園區店,北區,C04,日用品,56,133.0,0,1,5,145,8.0
2023-02-05,S04,新竹科學園區店,北區,C04,日用品,56,115.3,0,1,6,166,7.2
2023-02-06,S04,新竹科學園區店,北區,C04,日用品,37,108.0,0,0,0,90,4.8
2023-02-07,S04,新竹科學園區店,北區,C04,日用品,43,121.7,0,0,1,119,4.8
2023-02-08,S04,新竹科學園區店,北區,C04,日用品,36,120.2,0,0,2,101,4.2
2023-02-09,S04,新竹科學園區店,北區,C04,日用品,52,113.0,1,0,3,151,4.8
2023-02-10,S04,新竹科學園區店,北區,C04,日用品,50,115.2,0,0,4,141,4.5
2023-02-11,S04,新竹科學園區店,北區,C04,日用品,67,130.0,0,1,5,233,7.4
2023-02-12,S04,新竹科學園區店,北區,C04,日用品,63,112.3,0,1,6,115,8.0
2023-02-13,S04,新竹科學園區店,北區,C04,日用品,41,109.4,1,0,0,81,5.4
2023-02-14,S04,新竹科學園區店,北區,C04,日用品,30,115.2,0,0,1,98,5.3
2023-02-15,S04,新竹科學園區店,北區,C04,日用品,44,114.8,0,0,2,86,4.9
2023-02-16,S04,新竹科學園區店,北區,C04,日用品,33,120.0,0,0,3,120,5.0
2023-02-17,S04,新竹科學園區店,北區,C04,日用品,55,133.3,0,0,4,110,4.6
2023-02-18,S04,新竹科學園區店,北區,C04,日用品,59,109.9,0,1,5,173,7.5
2023-02-19,S04,新竹科學園區店,北區,C04,日用品,71,114.5,0,1,6,245,6.8
2023-02-20,S04,新竹科學園區店,北區,C04,日用品,31,117.7,0,0,0,91,4.6
2023-02-21,S04,新竹科學園區店,北區,C04,日用品,28,115.6,0,0,1,93,4.4
2023-02-22,S04,新竹科學園區店,北區,C04,日用品,36,116.2,0,0,2,135,4.1
2023-02-23,S04,新竹科學園區店,北區,C04,日用品,29,121.6,0,0,3,78,4.9
2023-02-24,S04,新竹科學園區店,北區,C04,日用品,44,119.7,0,0,4,138,5.4
2023-02-25,S04,新竹科學園區店,北區,C04,日用品,73,117.9,0,1,5,265,8.0
2023-02-26,S04,新竹科學園區店,北區,C04,日用品,65,120.9,0,1,6,154,7.3
2023-02-27,S04,新竹科學園區店,北區,C04,日用品,31,129.0,0,0,0,125,4.3
2023-02-28,S04,新竹科學園區店,北區,C04,日用品,51,116.6,0,1,1,133,7.0
2023-03-01,S04,新竹科學園區店,北區,C04,日用品,35,130.9,0,0,2,112,4.8
2023-03-02,S04,新竹科學園區店,北區,C04,日用品,36,118.5,0,0,3,108,4.8
2023-03-03,S04,新竹科學園區店,北區,C04,日用品,36,115.0,0,0,4,84,5.3
2023-03-04,S04,新竹科學園區店,北區,C04,日用品,81,118.2,0,1,5,235,8.0
2023-03-05,S04,新竹科學園區店,北區,C04,日用品,72,118.2,0,1,6,240,8.1
2023-03-06,S04,新竹科學園區店,北區,C04,日用品,35,107.8,0,0,0,90,5.3
2023-03-07,S04,新竹科學園區店,北區,C04,日用品,49,116.3,0,0,1,121,7.5
2023-03-08,S04,新竹科學園區店,北區,C04,日用品,45,120.0,0,0,2,99,5.6
2023-03-09,S04,新竹科學園區店,北區,C04,日用品,45,117.2,0,0,3,120,5.4
2023-03-10,S04,新竹科學園區店,北區,C04,日用品,57,126.9,0,0,4,202,4.9
2023-03-11,S04,新竹科學園區店,北區,C04,日用品,83,123.8,0,1,5,207,8.4
2023-03-12,S04,新竹科學園區店,北區,C04,日用品,96,117.3,0,1,6,327,8.6
2023-03-13,S04,新竹科學園區店,北區,C04,日用品,42,116.5,0,0,0,157,4.8
2023-03-14,S04,新竹科學園區店,北區,C04,日用品,56,110.6,0,0,1,216,5.2
2023-03-15,S04,新竹科學園區店,北區,C04,日用品,45,121.1,0,0,2,125,4.6
2023-03-16,S04,新竹科學園區店,北區,C04,日用品,30,130.9,0,0,3,94,3.8
2023-03-17,S04,新竹科學園區店,北區,C04,日用品,50,121.4,0,0,4,132,5.2
2023-03-18,S04,新竹科學園區店,北區,C04,日用品,88,116.3,0,1,5,267,8.6
2023-03-19,S04,新竹科學園區店,北區,C04,日用品,68,119.4,0,1,6,202,7.8
2023-03-20,S04,新竹科學園區店,北區,C04,日用品,58,99.5,1,0,0,174,5.6
2023-03-21,S04,新竹科學園區店,北區,C04,日用品,41,122.6,0,0,1,153,4.8
2023-03-22,S04,新竹科學園區店,北區,C04,日用品,44,120.8,0,0,2,88,5.1
2023-03-23,S04,新竹科學園區店,北區,C04,日用品,47,124.9,0,0,3,122,5.3
2023-03-24,S04,新竹科學園區店,北區,C04,日用品,70,109.0,0,0,4,167,5.5
2023-03-25,S04,新竹科學園區店,北區,C04,日用品,69,120.8,0,1,5,140,7.2
2023-03-26,S04,新竹科學園區店,北區,C04,日用品,99,99.7,1,1,6,366,7.6
2023-03-27,S04,新竹科學園區店,北區,C04,日用品,40,118.2,0,0,0,85,5.2
2023-03-28,S04,新竹科學園區店,北區,C04,日用品,48,114.8,0,0,1,106,5.0
2023-03-29,S04,新竹科學園區店,北區,C04,日用品,47,120.2,0,0,2,116,5.7
2023-03-30,S04,新竹科學園區店,北區,C04,日用品,48,118.2,0,0,3,110,5.4
2023-03-31,S04,新竹科學園區店,北區,C04,日用品,53,115.4,0,0,4,187,5.9
2023-04-01,S04,新竹科學園區店,北區,C04,日用品,65,112.7,0,1,5,237,7.9
2023-04-02,S04,新竹科學園區店,北區,C04,日用品,84,106.0,0,1,6,209,8.4
2023-04-03,S04,新竹科學園區店,北區,C04,日用品,44,124.1,0,0,0,108,4.6
2023-04-04,S04,新竹科學園區店,北區,C04,日用品,74,121.9,0,1,1,232,8.0
2023-04-05,S04,新竹科學園區店,北區,C04,日用品,72,130.5,0,1,2,255,8.3
2023-04-06,S04,新竹科學園區店,北區,C04,日用品,46,123.9,0,0,3,95,4.7
2023-04-07,S04,新竹科學園區店,北區,C04,日用品,45,122.5,0,0,4,135,3.9
2023-04-08,S04,新竹科學園區店,北區,C04,日用品,70,112.6,0,1,5,138,8.2
2023-04-09,S04,新竹科學園區店,北區,C04,日用品,80,117.7,0,1,6,249,7.6
2023-04-10,S04,新竹科學園區店,北區,C04,日用品,35,118.7,0,0,0,112,5.4
2023-04-11,S04,新竹科學園區店,北區,C04,日用品,57,122.7,0,0,1,192,4.9
2023-04-12,S04,新竹科學園區店,北區,C04,日用品,61,102.1,0,0,2,162,5.2
2023-04-13,S04,新竹科學園區店,北區,C04,日用品,65,94.7,1,0,3,225,6.1
2023-04-14,S04,新竹科學園區店,北區,C04,日用品,66,115.9,0,0,4,148,6.1
2023-04-15,S04,新竹科學園區店,北區,C04,日用品,69,129.6,0,1,5,221,8.2
2023-04-16,S04,新竹科學園區店,北區,C04,日用品,75,122.0,0,1,6,161,7.7
2023-04-17,S04,新竹科學園區店,北區,C04,日用品,40,119.7,0,0,0,93,5.8
2023-04-18,S04,新竹科學園區店,北區,C04,日用品,54,117.0,0,0,1,199,5.3
2023-04-19,S04,新竹科學園區店,北區,C04,日用品,54,124.3,0,0,2,119,5.3
2023-04-20,S04,新竹科學園區店,北區,C04,日用品,50,115.9,0,0,3,90,5.0
2023-04-21,S04,新竹科學園區店,北區,C04,日用品,61,105.6,1,0,4,211,6.3
2023-04-22,S04,新竹科學園區店,北區,C04,日用品,78,120.6,0,1,5,192,7.5
2023-04-23,S04,新竹科學園區店,北區,C04,日用品,76,115.8,0,1,6,253,8.1
2023-04-24,S04,新竹科學園區店,北區,C04,日用品,49,126.5,0,0,0,121,4.7
2023-04-25,S04,新竹科學園區店,北區,C04,日用品,43,125.1,0,0,1,153,5.9
2023-04-26,S04,新竹科學園區店,北區,C04,日用品,52,122.8,0,0,2,158,5.6
2023-04-27,S04,新竹科學園區店,北區,C04,日用品,54,120.2,0,0,3,104,6.5
2023-04-28,S04,新竹科學園區店,北區,C04,日用品,65,97.9,1,0,4,151,5.0
2023-04-29,S04,新竹科學園區店,北區,C04,日用品,78,114.0,0,1,5,210,7.3
2023-04-30,S04,新竹科學園區店,北區,C04,日用品,77,122.5,0,1,6,176,7.2
2023-05-01,S04,新竹科學園區店,北區,C04,日用品,63,113.4,0,1,0,219,6.9
2023-05-02,S04,新竹科學園區店,北區,C04,日用品,55,117.1,0,0,1,205,6.4
2023-05-03,S04,新竹科學園區店,北區,C04,日用品,61,110.0,0,0,2,171,6.0
2023-05-04,S04,新竹科學園區店,北區,C04,日用品,69,103.2,1,0,3,207,5.8
2023-05-05,S04,新竹科學園區店,北區,C04,日用品,54,127.0,0,0,4,124,5.7
2023-05-06,S04,新竹科學園區店,北區,C04,日用品,87,122.3,0,1,5,243,7.9
2023-05-07,S04,新竹科學園區店,北區,C04,日用品,79,122.5,0,1,6,250,7.2
2023-05-08,S04,新竹科學園區店,北區,C04,日用品,33,116.8,0,0,0,72,4.9
2023-05-09,S04,新竹科學園區店,北區,C04,日用品,46,122.2,0,0,1,153,5.3
2023-05-10,S04,新竹科學園區店,北區,C04,日用品,39,133.8,0,0,2,152,5.4
2023-05-11,S04,新竹科學園區店,北區,C04,日用品,54,105.6,0,0,3,145,5.8
2023-05-12,S04,新竹科學園區店,北區,C04,日用品,51,111.8,0,0,4,101,5.6
2023-05-13,S04,新竹科學園區店,北區,C04,日用品,80,117.8,0,1,5,143,8.4
2023-05-14,S04,新竹科學園區店,北區,C04,日用品,76,108.9,0,1,6,283,8.4
2023-05-15,S04,新竹科學園區店,北區,C04,日用品,60,131.2,0,0,0,197,6.2
2023-05-16,S04,新竹科學園區店,北區,C04,日用品,52,114.0,0,0,1,113,5.3
2023-05-17,S04,新竹科學園區店,北區,C04,日用品,48,114.0,0,0,2,182,5.3
2023-05-18,S04,新竹科學園區店,北區,C04,日用品,76,96.6,1,0,3,167,6.5
2023-05-19,S04,新竹科學園區店,北區,C04,日用品,58,112.9,0,0,4,175,5.9
2023-05-20,S04,新竹科學園區店,北區,C04,日用品,87,109.8,0,1,5,253,8.5
2023-05-21,S04,新竹科學園區店,北區,C04,日用品,86,123.3,0,1,6,294,9.0
2023-05-22,S04,新竹科學園區店,北區,C04,日用品,51,129.9,0,0,0,135,5.3
2023-05-23,S04,新竹科學園區店,北區,C04,日用品,57,114.3,0,0,1,135,5.7
2023-05-24,S04,新竹科學園區店,北區,C04,日用品,51,117.5,0,0,2,144,5.4
2023-05-25,S04,新竹科學園區店,北區,C04,日用品,55,122.1,0,0,3,191,5.7
2023-05-26,S04,新竹科學園區店,北區,C04,日用品,48,115.9,0,0,4,103,4.6
2023-05-27,S04,新竹科學園區店,北區,C04,日用品,81,116.7,0,1,5,187,7.4
2023-05-28,S04,新竹科學園區店,北區,C04,日用品,88,109.1,0,1,6,326,7.6
2023-05-29,S04,新竹科學園區店,北區,C04,日用品,48,100.0,1,0,0,125,5.1
2023-05-30,S04,新竹科學園區店,北區,C04,日用品,36,110.4,0,0,1,109,5.1
2023-05-31,S04,新竹科學園區店,北區,C04,日用品,46,136.3,0,0,2,82,5.8
2023-06-01,S04,新竹科學園區店,北區,C04,日用品,44,118.7,0,0,3,170,5.1
2023-06-02,S04,新竹科學園區店,北區,C04,日用品,60,127.2,0,0,4,200,6.2
2023-06-03,S04,新竹科學園區店,北區,C04,日用品,74,123.5,0,1,5,260,8.8
2023-06-04,S04,新竹科學園區店,北區,C04,日用品,70,119.8,0,1,6,260,8.1
2023-06-05,S04,新竹科學園區店,北區,C04,日用品,45,119.2,0,0,0,113,4.9
2023-06-06,S04,新竹科學園區店,北區,C04,日用品,41,121.7,0,0,1,145,5.6
2023-06-07,S04,新竹科學園區店,北區,C04,日用品,55,125.8,0,0,2,204,5.3
2023-06-08,S04,新竹科學園區店,北區,C04,日用品,65,104.0,1,0,3,164,6.1
2023-06-09,S04,新竹科學園區店,北區,C04,日用品,65,114.9,0,0,4,141,6.6
2023-06-10,S04,新竹科學園區店,北區,C04,日用品,82,128.9,0,1,5,198,8.4
2023-06-11,S04,新竹科學園區店,北區,C04,日用品,93,111.0,1,1,6,291,8.2
2023-06-12,S04,新竹科學園區店,北區,C04,日用品,38,113.0,0,0,0,105,4.9
2023-06-13,S04,新竹科學園區店,北區,C04,日用品,51,110.2,0,0,1,172,5.3
2023-06-14,S04,新竹科學園區店,北區,C04,日用品,49,114.6,0,0,2,167,4.9
2023-06-15,S04,新竹科學園區店,北區,C04,日用品,57,118.7,0,0,3,168,5.7
2023-06-16,S04,新竹科學園區店,北區,C04,日用品,59,114.5,0,0,4,150,6.5
2023-06-17,S04,新竹科學園區店,北區,C04,日用品,112,100.4,1,1,5,271,9.5
2023-06-18,S04,新竹科學園區店,北區,C04,日用品,104,114.8,0,1,6,257,10.2
2023-06-19,S04,新竹科學園區店,北區,C04,日用品,65,112.9,0,0,0,144,5.1
2023-06-20,S04,新竹科學園區店,北區,C04,日用品,51,113.4,0,0,1,169,5.2
2023-06-21,S04,新竹科學園區店,北區,C04,日用品,51,131.5,0,0,2,155,5.0
2023-06-22,S04,新竹科學園區店,北區,C04,日用品,52,122.2,0,0,3,97,5.5
2023-06-23,S04,新竹科學園區店,北區,C04,日用品,62,124.5,0,0,4,219,4.6
2023-06-24,S04,新竹科學園區店,北區,C04,日用品,111,108.3,1,1,5,287,8.8
2023-06-25,S04,新竹科學園區店,北區,C04,日用品,84,122.4,0,1,6,264,8.1
2023-06-26,S04,新竹科學園區店,北區,C04,日用品,71,95.7,1,0,0,140,5.2
2023-06-27,S04,新竹科學園區店,北區,C04,日用品,56,118.8,0,0,1,154,4.9
2023-06-28,S04,新竹科學園區店,北區,C04,日用品,53,106.5,0,0,2,154,6.3
2023-06-29,S04,新竹科學園區店,北區,C04,日用品,46,113.7,0,0,3,141,5.2
2023-06-30,S04,新竹科學園區店,北區,C04,日用品,38,118.6,0,0,4,144,4.6
2023-07-01,S04,新竹科學園區店,北區,C04,日用品,77,108.5,1,1,5,233,7.5
2023-07-02,S04,新竹科學園區店,北區,C04,日用品,92,114.4,0,1,6,281,9.0
2023-07-03,S04,新竹科學園區店,北區,C04,日用品,44,128.1,0,0,0,97,5.5
2023-07-04,S04,新竹科學園區店,北區,C04,日用品,53,117.7,0,0,1,122,5.2
2023-07-05,S04,新竹科學園區店,北區,C04,日用品,53,139.5,0,0,2,101,5.3
2023-07-06,S04,新竹科學園區店,北區,C04,日用品,47,118.2,0,0,3,99,4.6
2023-07-07,S04,新竹科學園區店,北區,C04,日用品,69,106.8,1,0,4,258,6.5
2023-07-08,S04,新竹科學園區店,北區,C04,日用品,105,117.9,0,1,5,235,9.3
2023-07-09,S04,新竹科學園區店,北區,C04,日用品,82,108.4,0,1,6,213,7.7
2023-07-10,S04,新竹科學園區店,北區,C04,日用品,47,118.3,0,0,0,140,4.7
2023-07-11,S04,新竹科學園區店,北區,C04,日用品,47,119.7,0,0,1,104,6.0
2023-07-12,S04,新竹科學園區店,北區,C04,日用品,54,102.4,1,0,2,115,4.6
2023-07-13,S04,新竹科學園區店,北區,C04,日用品,37,128.0,0,0,3,99,4.9
2023-07-14,S04,新竹科學園區店,北區,C04,日用品,58,131.9,0,0,4,208,5.3
2023-07-15,S04,新竹科學園區店,北區,C04,日用品,122,109.7,1,1,5,340,8.5
2023-07-16,S04,新竹科學園區店,北區,C04,日用品,77,114.8,0,1,6,263,8.0
2023-07-17,S04,新竹科學園區店,北區,C04,日用品,43,116.2,0,0,0,123,6.4
2023-07-18,S04,新竹科學園區店,北區,C04,日用品,43,122.2,0,0,1,160,5.8
2023-07-19,S04,新竹科學園區店,北區,C04,日用品,68,98.9,1,0,2,194,5.1
2023-07-20,S04,新竹科學園區店,北區,C04,日用品,63,125.1,0,0,3,156,4.7
2023-07-21,S04,新竹科學園區店,北區,C04,日用品,50,121.4,0,0,4,106,5.1
2023-07-22,S04,新竹科學園區店,北區,C04,日用品,132,98.7,1,1,5,251,9.2
2023-07-23,S04,新竹科學園區店,北區,C04,日用品,97,100.0,1,1,6,182,9.4
2023-07-24,S04,新竹科學園區店,北區,C04,日用品,45,114.3,0,0,0,103,4.3
2023-07-25,S04,新竹科學園區店,北區,C04,日用品,60,122.4,0,0,1,160,6.5
2023-07-26,S04,新竹科學園區店,北區,C04,日用品,59,113.0,0,0,2,125,5.6
2023-07-27,S04,新竹科學園區店,北區,C04,日用品,59,114.7,0,0,3,105,4.9
2023-07-28,S04,新竹科學園區店,北區,C04,日用品,66,102.7,0,0,4,141,5.5
2023-07-29,S04,新竹科學園區店,北區,C04,日用品,81,124.5,0,1,5,223,8.1
2023-07-30,S04,新竹科學園區店,北區,C04,日用品,83,112.7,0,1,6,195,8.3
2023-07-31,S04,新竹科學園區店,北區,C04,日用品,41,107.2,0,0,0,129,5.4
2023-08-01,S04,新竹科學園區店,北區,C04,日用品,45,118.2,0,0,1,111,4.8
2023-08-02,S04,新竹科學園區店,北區,C04,日用品,48,124.6,0,0,2,148,5.3
2023-08-03,S04,新竹科學園區店,北區,C04,日用品,62,96.6,1,0,3,183,5.4
2023-08-04,S04,新竹科學園區店,北區,C04,日用品,55,129.7,0,0,4,121,6.3
2023-08-05,S04,新竹科學園區店,北區,C04,日用品,88,115.9,0,1,5,309,8.3
2023-08-06,S04,新竹科學園區店,北區,C04,日用品,88,123.5,0,1,6,263,8.0
2023-08-07,S04,新竹科學園區店,北區,C04,日用品,48,123.9,0,0,0,117,5.8
2023-08-08,S04,新竹科學園區店,北區,C04,日用品,54,125.8,0,0,1,169,4.7
2023-08-09,S04,新竹科學園區店,北區,C04,日用品,48,112.9,0,0,2,142,5.5
2023-08-10,S04,新竹科學園區店,北區,C04,日用品,68,109.0,0,0,3,242,6.1
2023-08-11,S04,新竹科學園區店,北區,C04,日用品,39,136.2,0,0,4,126,4.8
2023-08-12,S04,新竹科學園區店,北區,C04,日用品,78,115.5,0,1,5,270,8.0
2023-08-13,S04,新竹科學園區店,北區,C04,日用品,82,120.9,0,1,6,221,7.6
2023-08-14,S04,新竹科學園區店,北區,C04,日用品,53,120.9,0,0,0,193,6.2
2023-08-15,S04,新竹科學園區店,北區,C04,日用品,41,126.9,0,0,1,155,4.6
2023-08-16,S04,新竹科學園區店,北區,C04,日用品,55,104.1,1,0,2,222,4.8
2023-08-17,S04,新竹科學園區店,北區,C04,日用品,44,122.2,0,0,3,151,4.6
2023-08-18,S04,新竹科學園區店,北區,C04,日用品,61,115.2,0,0,4,226,6.5
2023-08-19,S04,新竹科學園區店,北區,C04,日用品,58,121.4,0,1,5,114,7.9
2023-08-20,S04,新竹科學園區店,北區,C04,日用品,80,115.6,0,1,6,302,7.5
2023-08-21,S04,新竹科學園區店,北區,C04,日用品,47,105.4,1,0,0,171,5.9
2023-08-22,S04,新竹科學園區店,北區,C04,日用品,55,112.9,1,0,1,172,5.5
2023-08-23,S04,新竹科學園區店,北區,C04,日用品,50,118.4,0,0,2,165,5.1
2023-08-24,S04,新竹科學園區店,北區,C04,日用品,46,119.5,0,0,3,146,4.7
2023-08-25,S04,新竹科學園區店,北區,C04,日用品,53,121.4,0,0,4,185,5.3
2023-08-26,S04,新竹科學園區店,北區,C04,日用品,84,121.4,0,1,5,193,7.5
2023-08-27,S04,新竹科學園區店,北區,C04,日用品,90,130.7,0,1,6,305,8.5
2023-08-28,S04,新竹科學園區店,北區,C04,日用品,30,115.3,0,0,0,116,4.1
2023-08-29,S04,新竹科學園區店,北區,C04,日用品,53,126.2,0,0,1,192,5.4
2023-08-30,S04,新竹科學園區店,北區,C04,日用品,58,118.3,0,0,2,120,5.5
2023-08-31,S04,新竹科學園區店,北區,C04,日用品,67,105.2,1,0,3,233,6.1
2023-09-01,S04,新竹科學園區店,北區,C04,日用品,69,104.0,1,0,4,163,6.4
2023-09-02,S04,新竹科學園區店,北區,C04,日用品,93,115.0,0,1,5,216,8.5
2023-09-03,S04,新竹科學園區店,北區,C04,日用品,73,123.4,0,1,6,180,8.8
2023-09-04,S04,新竹科學園區店,北區,C04,日用品,43,116.0,0,0,0,130,5.0
2023-09-05,S04,新竹科學園區店,北區,C04,日用品,48,118.5,0,0,1,159,4.8
2023-09-06,S04,新竹科學園區店,北區,C04,日用品,52,97.7,1,0,2,148,5.1
2023-09-07,S04,新竹科學園區店,北區,C04,日用品,58,136.2,0,0,3,199,5.7
2023-09-08,S04,新竹科學園區店,北區,C04,日用品,38,124.6,0,0,4,76,4.9
2023-09-09,S04,新竹科學園區店,北區,C04,日用品,107,114.8,0,1,5,325,8.6
2023-09-10,S04,新竹科學園區店,北區,C04,日用品,65,115.6,0,1,6,224,6.8
2023-09-11,S04,新竹科學園區店,北區,C04,日用品,50,123.2,0,0,0,189,4.9
2023-09-12,S04,新竹科學園區店,北區,C04,日用品,57,95.0,1,0,1,112,5.5
2023-09-13,S04,新竹科學園區店,北區,C04,日用品,30,130.6,0,0,2,77,3.9
2023-09-14,S04,新竹科學園區店,北區,C04,日用品,71,96.7,1,0,3,140,5.8
2023-09-15,S04,新竹科學園區店,北區,C04,日用品,60,113.3,0,0,4,222,5.3
2023-09-16,S04,新竹科學園區店,北區,C04,日用品,62,117.5,0,1,5,189,8.4
2023-09-17,S04,新竹科學園區店,北區,C04,日用品,68,114.3,0,1,6,238,6.9
2023-09-18,S04,新竹科學園區店,北區,C04,日用品,58,112.7,0,0,0,217,6.0
2023-09-19,S04,新竹科學園區店,北區,C04,日用品,54,122.0,0,0,1,140,5.3
2023-09-20,S04,新竹科學園區店,北區,C04,日用品,53,130.8,0,0,2,185,4.7
2023-09-21,S04,新竹科學園區店,北區,C04,日用品,38,125.1,0,0,3,111,4.6
2023-09-22,S04,新竹科學園區店,北區,C04,日用品,49,105.8,1,0,4,122,5.1
2023-09-23,S04,新竹科學園區店,北區,C04,日用品,64,115.9,0,1,5,234,7.5
2023-09-24,S04,新竹科學園區店,北區,C04,日用品,75,115.0,0,1,6,192,7.4
2023-09-25,S04,新竹科學園區店,北區,C04,日用品,64,111.9,0,0,0,176,5.3
2023-09-26,S04,新竹科學園區店,北區,C04,日用品,59,118.5,0,0,1,177,5.3
2023-09-27,S04,新竹科學園區店,北區,C04,日用品,40,124.4,0,0,2,154,4.6
2023-09-28,S04,新竹科學園區店,北區,C04,日用品,58,118.5,0,0,3,146,6.0
2023-09-29,S04,新竹科學園區店,北區,C04,日用品,41,113.2,0,0,4,69,5.7
2023-09-30,S04,新竹科學園區店,北區,C04,日用品,83,120.7,0,1,5,219,8.2
2023-10-01,S04,新竹科學園區店,北區,C04,日用品,64,112.1,0,1,6,150,7.7
2023-10-02,S04,新竹科學園區店,北區,C04,日用品,43,124.0,0,0,0,122,5.8
2023-10-03,S04,新竹科學園區店,北區,C04,日用品,31,119.5,0,0,1,102,5.1
2023-10-04,S04,新竹科學園區店,北區,C04,日用品,31,132.0,0,0,2,86,4.4
2023-10-05,S04,新竹科學園區店,北區,C04,日用品,51,127.8,0,0,3,130,5.4
2023-10-06,S04,新竹科學園區店,北區,C04,日用品,60,99.7,1,0,4,193,5.1
2023-10-07,S04,新竹科學園區店,北區,C04,日用品,75,114.8,0,1,5,279,8.4
2023-10-08,S04,新竹科學園區店,北區,C04,日用品,71,118.8,0,1,6,239,7.3
2023-10-09,S04,新竹科學園區店,北區,C04,日用品,38,121.5,0,0,0,97,4.6
2023-10-10,S04,新竹科學園區店,北區,C04,日用品,50,124.9,0,1,1,162,7.4
2023-10-11,S04,新竹科學園區店,北區,C04,日用品,46,114.0,0,0,2,133,4.6
2023-10-12,S04,新竹科學園區店,北區,C04,日用品,47,113.7,0,0,3,103,4.5
2023-10-13,S04,新竹科學園區店,北區,C04,日用品,56,109.8,0,0,4,207,4.6
2023-10-14,S04,新竹科學園區店,北區,C04,日用品,68,109.9,0,1,5,161,8.1
2023-10-15,S04,新竹科學園區店,北區,C04,日用品,71,129.0,0,1,6,259,7.4
2023-10-16,S04,新竹科學園區店,北區,C04,日用品,43,117.5,0,0,0,94,5.5
2023-10-17,S04,新竹科學園區店,北區,C04,日用品,49,119.5,0,0,1,140,5.2
2023-10-18,S04,新竹科學園區店,北區,C04,日用品,46,117.2,0,0,2,173,4.4
2023-10-19,S04,新竹科學園區店,北區,C04,日用品,54,99.0,1,0,3,180,4.5
2023-10-20,S04,新竹科學園區店,北區,C04,日用品,57,126.4,0,0,4,190,6.0
2023-10-21,S04,新竹科學園區店,北區,C04,日用品,69,110.8,1,1,5,161,7.3
2023-10-22,S04,新竹科學園區店,北區,C04,日用品,80,105.6,0,1,6,184,8.1
2023-10-23,S04,新竹科學園區店,北區,C04,日用品,30,120.0,0,0,0,92,4.6
2023-10-24,S04,新竹科學園區店,北區,C04,日用品,50,99.1,1,0,1,122,4.5
2023-10-25,S04,新竹科學園區店,北區,C04,日用品,34,114.5,0,0,2,66,4.2
2023-10-26,S04,新竹科學園區店,北區,C04,日用品,45,117.4,0,0,3,156,4.9
2023-10-27,S04,新竹科學園區店,北區,C04,日用品,47,112.4,0,0,4,97,5.2
2023-10-28,S04,新竹科學園區店,北區,C04,日用品,82,102.2,1,1,5,170,7.5
2023-10-29,S04,新竹科學園區店,北區,C04,日用品,68,123.1,0,1,6,152,8.5
2023-10-30,S04,新竹科學園區店,北區,C04,日用品,43,118.4,0,0,0,136,4.8
2023-10-31,S04,新竹科學園區店,北區,C04,日用品,37,128.6,0,0,1,102,4.6
2023-11-01,S04,新竹科學園區店,北區,C04,日用品,33,117.3,0,0,2,98,5.1
2023-11-02,S04,新竹科學園區店,北區,C04,日用品,54,114.0,0,0,3,156,5.7
2023-11-03,S04,新竹科學園區店,北區,C04,日用品,47,107.7,1,0,4,155,5.4
2023-11-04,S04,新竹科學園區店,北區,C04,日用品,46,123.1,0,1,5,148,7.1
2023-11-05,S04,新竹科學園區店,北區,C04,日用品,67,123.3,0,1,6,222,7.7
2023-11-06,S04,新竹科學園區店,北區,C04,日用品,39,116.0,0,0,0,130,4.9
2023-11-07,S04,新竹科學園區店,北區,C04,日用品,34,119.1,0,0,1,132,4.7
2023-11-08,S04,新竹科學園區店,北區,C04,日用品,39,120.3,0,0,2,113,4.0
2023-11-09,S04,新竹科學園區店,北區,C04,日用品,40,117.3,0,0,3,118,5.7
2023-11-10,S04,新竹科學園區店,北區,C04,日用品,51,111.2,0,0,4,124,5.5
2023-11-11,S04,新竹科學園區店,北區,C04,日用品,73,122.2,0,1,5,152,7.6
2023-11-12,S04,新竹科學園區店,北區,C04,日用品,78,109.4,0,1,6,240,7.5
2023-11-13,S04,新竹科學園區店,北區,C04,日用品,55,104.8,1,0,0,170,6.2
2023-11-14,S04,新竹科學園區店,北區,C04,日用品,54,123.3,0,0,1,176,5.8
2023-11-15,S04,新竹科學園區店,北區,C04,日用品,41,118.6,0,0,2,141,5.0
2023-11-16,S04,新竹科學園區店,北區,C04,日用品,36,128.8,0,0,3,96,5.2
2023-11-17,S04,新竹科學園區店,北區,C04,日用品,41,128.0,0,0,4,136,5.5
2023-11-18,S04,新竹科學園區店,北區,C04,日用品,62,117.6,0,1,5,123,7.5
2023-11-19,S04,新竹科學園區店,北區,C04,日用品,55,127.6,0,1,6,113,7.0
2023-11-20,S04,新竹科學園區店,北區,C04,日用品,47,117.7,0,0,0,119,4.8
2023-11-21,S04,新竹科學園區店,北區,C04,日用品,37,118.9,0,0,1,116,5.1
2023-11-22,S04,新竹科學園區店,北區,C04,日用品,31,119.4,0,0,2,90,4.1
2023-11-23,S04,新竹科學園區店,北區,C04,日用品,34,123.7,0,0,3,112,4.5
2023-11-24,S04,新竹科學園區店,北區,C04,日用品,48,107.2,0,0,4,135,4.9
2023-11-25,S04,新竹科學園區店,北區,C04,日用品,70,115.8,0,1,5,170,7.6
2023-11-26,S04,新竹科學園區店,北區,C04,日用品,70,116.1,0,1,6,256,7.9
2023-11-27,S04,新竹科學園區店,北區,C04,日用品,31,123.5,0,0,0,91,5.6
2023-11-28,S04,新竹科學園區店,北區,C04,日用品,46,115.4,0,0,1,152,5.7
2023-11-29,S04,新竹科學園區店,北區,C04,日用品,42,118.2,0,0,2,111,5.3
2023-11-30,S04,新竹科學園區店,北區,C04,日用品,28,130.2,0,0,3,73,5.7
2023-12-01,S04,新竹科學園區店,北區,C04,日用品,50,127.8,0,0,4,92,5.8
2023-12-02,S04,新竹科學園區店,北區,C04,日用品,69,120.9,0,1,5,258,8.5
2023-12-03,S04,新竹科學園區店,北區,C04,日用品,67,113.8,0,1,6,127,7.1
2023-12-04,S04,新竹科學園區店,北區,C04,日用品,37,115.3,0,0,0,82,4.0
2023-12-05,S04,新竹科學園區店,北區,C04,日用品,40,118.3,0,0,1,122,4.9
2023-12-06,S04,新竹科學園區店,北區,C04,日用品,40,116.3,0,0,2,133,5.2
2023-12-07,S04,新竹科學園區店,北區,C04,日用品,34,116.1,0,0,3,74,4.8
2023-12-08,S04,新竹科學園區店,北區,C04,日用品,36,118.6,0,0,4,77,5.4
2023-12-09,S04,新竹科學園區店,北區,C04,日用品,63,123.9,0,1,5,122,7.9
2023-12-10,S04,新竹科學園區店,北區,C04,日用品,60,122.7,0,1,6,174,7.7
2023-12-11,S04,新竹科學園區店,北區,C04,日用品,28,119.3,0,0,0,84,5.0
2023-12-12,S04,新竹科學園區店,北區,C04,日用品,43,109.1,0,0,1,84,5.1
2023-12-13,S04,新竹科學園區店,北區,C04,日用品,41,115.5,0,0,2,111,4.4
2023-12-14,S04,新竹科學園區店,北區,C04,日用品,27,114.4,0,0,3,75,5.4
2023-12-15,S04,新竹科學園區店,北區,C04,日用品,35,133.5,0,0,4,69,5.5
2023-12-16,S04,新竹科學園區店,北區,C04,日用品,58,118.9,0,1,5,141,7.7
2023-12-17,S04,新竹科學園區店,北區,C04,日用品,54,127.4,0,1,6,158,7.8
2023-12-18,S04,新竹科學園區店,北區,C04,日用品,37,110.5,1,0,0,134,4.5
2023-12-19,S04,新竹科學園區店,北區,C04,日用品,42,120.8,0,0,1,148,4.8
2023-12-20,S04,新竹科學園區店,北區,C04,日用品,59,104.0,1,0,2,185,4.9
2023-12-21,S04,新竹科學園區店,北區,C04,日用品,48,130.0,0,0,3,116,4.9
2023-12-22,S04,新竹科學園區店,北區,C04,日用品,55,120.7,0,0,4,157,4.6
2023-12-23,S04,新竹科學園區店,北區,C04,日用品,60,129.1,0,1,5,128,7.1
2023-12-24,S04,新竹科學園區店,北區,C04,日用品,62,123.5,0,1,6,170,7.4
2023-12-25,S04,新竹科學園區店,北區,C04,日用品,50,120.4,0,1,0,101,8.1
2023-12-26,S04,新竹科學園區店,北區,C04,日用品,30,118.8,0,0,1,96,4.5
2023-12-27,S04,新竹科學園區店,北區,C04,日用品,39,125.9,0,0,2,90,4.2
2023-12-28,S04,新竹科學園區店,北區,C04,日用品,42,123.9,0,0,3,95,4.6
2023-12-29,S04,新竹科學園區店,北區,C04,日用品,44,118.8,0,0,4,128,4.8
2023-12-30,S04,新竹科學園區店,北區,C04,日用品,67,116.9,0,1,5,145,7.1
2023-12-31,S04,新竹科學園區店,北區,C04,日用品,52,135.1,0,1,6,158,7.6
2024-01-01,S04,新竹科學園區店,北區,C04,日用品,44,122.9,0,1,0,110,7.5
2024-01-02,S04,新竹科學園區店,北區,C04,日用品,55,104.0,1,0,1,184,5.7
2024-01-03,S04,新竹科學園區店,北區,C04,日用品,39,115.9,0,0,2,110,5.6
2024-01-04,S04,新竹科學園區店,北區,C04,日用品,45,131.7,0,0,3,141,5.6
2024-01-05,S04,新竹科學園區店,北區,C04,日用品,47,125.5,0,0,4,101,4.5
2024-01-06,S04,新竹科學園區店,北區,C04,日用品,61,115.2,0,1,5,203,7.3
2024-01-07,S04,新竹科學園區店,北區,C04,日用品,65,122.7,0,1,6,171,7.1
2024-01-08,S04,新竹科學園區店,北區,C04,日用品,42,132.8,0,0,0,155,5.1
2024-01-09,S04,新竹科學園區店,北區,C04,日用品,37,128.3,0,0,1,129,3.7
2024-01-10,S04,新竹科學園區店,北區,C04,日用品,34,125.1,0,0,2,130,5.1
2024-01-11,S04,新竹科學園區店,北區,C04,日用品,32,112.8,0,0,3,68,4.9
2024-01-12,S04,新竹科學園區店,北區,C04,日用品,54,117.0,0,0,4,108,4.8
2024-01-13,S04,新竹科學園區店,北區,C04,日用品,74,117.4,0,1,5,279,7.6
2024-01-14,S04,新竹科學園區店,北區,C04,日用品,65,98.5,1,1,6,198,7.2
2024-01-15,S04,新竹科學園區店,北區,C04,日用品,45,122.2,0,0,0,115,5.6
2024-01-16,S04,新竹科學園區店,北區,C04,日用品,45,99.2,1,0,1,180,5.3
2024-01-17,S04,新竹科學園區店,北區,C04,日用品,50,117.5,0,0,2,158,5.2
2024-01-18,S04,新竹科學園區店,北區,C04,日用品,40,116.7,0,0,3,117,5.6
2024-01-19,S04,新竹科學園區店,北區,C04,日用品,42,120.4,0,0,4,111,4.6
2024-01-20,S04,新竹科學園區店,北區,C04,日用品,56,116.6,0,1,5,116,7.6
2024-01-21,S04,新竹科學園區店,北區,C04,日用品,53,118.3,0,1,6,146,7.2
2024-01-22,S04,新竹科學園區店,北區,C04,日用品,34,120.3,0,0,0,145,4.9
2024-01-23,S04,新竹科學園區店,北區,C04,日用品,46,119.4,0,0,1,179,5.1
2024-01-24,S04,新竹科學園區店,北區,C04,日用品,39,117.0,0,0,2,100,5.4
2024-01-25,S04,新竹科學園區店,北區,C04,日用品,42,112.6,0,0,3,105,5.0
2024-01-26,S04,新竹科學園區店,北區,C04,日用品,38,118.8,0,0,4,100,5.6
2024-01-27,S04,新竹科學園區店,北區,C04,日用品,88,119.2,0,1,5,241,7.9
2024-01-28,S04,新竹科學園區店,北區,C04,日用品,65,112.4,0,1,6,202,8.1
2024-01-29,S04,新竹科學園區店,北區,C04,日用品,30,138.1,0,0,0,82,4.8
2024-01-30,S04,新竹科學園區店,北區,C04,日用品,28,131.5,0,0,1,120,4.4
2024-01-31,S04,新竹科學園區店,北區,C04,日用品,36,117.2,0,0,2,122,4.5
2024-02-01,S04,新竹科學園區店,北區,C04,日用品,46,112.2,0,0,3,89,5.2
2024-02-02,S04,新竹科學園區店,北區,C04,日用品,46,131.4,0,0,4,169,5.5
2024-02-03,S04,新竹科學園區店,北區,C04,日用品,73,119.3,0,1,5,153,7.8
2024-02-04,S04,新竹科學園區店,北區,C04,日用品,63,118.4,0,1,6,122,7.9
2024-02-05,S04,新竹科學園區店,北區,C04,日用品,41,118.4,0,0,0,131,4.8
2024-02-06,S04,新竹科學園區店,北區,C04,日用品,30,116.9,0,0,1,104,4.5
2024-02-07,S04,新竹科學園區店,北區,C04,日用品,48,117.3,0,0,2,165,5.4
2024-02-08,S04,新竹科學園區店,北區,C04,日用品,44,119.2,0,0,3,113,5.3
2024-02-09,S04,新竹科學園區店,北區,C04,日用品,60,111.4,0,0,4,173,5.4
2024-02-10,S04,新竹科學園區店,北區,C04,日用品,65,117.7,0,1,5,193,7.8
2024-02-11,S04,新竹科學園區店,北區,C04,日用品,61,134.7,0,1,6,163,8.4
2024-02-12,S04,新竹科學園區店,北區,C04,日用品,47,94.8,1,0,0,159,5.1
2024-02-13,S04,新竹科學園區店,北區,C04,日用品,34,127.1,0,0,1,114,4.6
2024-02-14,S04,新竹科學園區店,北區,C04,日用品,37,110.7,0,0,2,113,4.9
2024-02-15,S04,新竹科學園區店,北區,C04,日用品,35,120.6,0,0,3,122,4.8
2024-02-16,S04,新竹科學園區店,北區,C04,日用品,45,117.8,0,0,4,93,5.8
2024-02-17,S04,新竹科學園區店,北區,C04,日用品,73,119.7,0,1,5,166,7.7
2024-02-18,S04,新竹科學園區店,北區,C04,日用品,71,114.8,0,1,6,135,7.4
2024-02-19,S04,新竹科學園區店,北區,C04,日用品,45,113.8,0,0,0,98,5.1
2024-02-20,S04,新竹科學園區店,北區,C04,日用品,59,116.4,0,0,1,159,4.8
2024-02-21,S04,新竹科學園區店,北區,C04,日用品,40,116.4,0,0,2,100,4.6
2024-02-22,S04,新竹科學園區店,北區,C04,日用品,46,119.2,0,0,3,137,5.4
2024-02-23,S04,新竹科學園區店,北區,C04,日用品,58,119.1,0,0,4,99,4.4
2024-02-24,S04,新竹科學園區店,北區,C04,日用品,65,118.5,0,1,5,226,7.6
2024-02-25,S04,新竹科學園區店,北區,C04,日用品,77,116.6,0,1,6,207,8.5
2024-02-26,S04,新竹科學園區店,北區,C04,日用品,33,114.6,0,0,0,65,6.1
2024-02-27,S04,新竹科學園區店,北區,C04,日用品,43,112.2,1,0,1,171,4.7
2024-02-28,S04,新竹科學園區店,北區,C04,日用品,41,123.1,0,1,2,120,7.8
2024-02-29,S04,新竹科學園區店,北區,C04,日用品,43,112.8,0,0,3,107,4.3
2024-03-01,S04,新竹科學園區店,北區,C04,日用品,56,121.1,0,0,4,174,5.3
2024-03-02,S04,新竹科學園區店,北區,C04,日用品,71,117.9,0,1,5,146,7.6
2024-03-03,S04,新竹科學園區店,北區,C04,日用品,78,121.9,0,1,6,177,7.9
2024-03-04,S04,新竹科學園區店,北區,C04,日用品,62,100.3,1,0,0,124,4.6
2024-03-05,S04,新竹科學園區店,北區,C04,日用品,44,111.6,0,0,1,164,4.4
2024-03-06,S04,新竹科學園區店,北區,C04,日用品,46,121.7,0,0,2,157,5.4
2024-03-07,S04,新竹科學園區店,北區,C04,日用品,49,122.9,0,0,3,119,5.1
2024-03-08,S04,新竹科學園區店,北區,C04,日用品,48,133.6,0,0,4,150,4.7
2024-03-09,S04,新竹科學園區店,北區,C04,日用品,71,123.8,0,1,5,192,8.5
2024-03-10,S04,新竹科學園區店,北區,C04,日用品,94,112.8,0,1,6,213,8.3
2024-03-11,S04,新竹科學園區店,北區,C04,日用品,52,124.2,0,0,0,186,4.2
2024-03-12,S04,新竹科學園區店,北區,C04,日用品,45,101.4,1,0,1,174,4.4
2024-03-13,S04,新竹科學園區店,北區,C04,日用品,26,117.5,0,0,2,94,4.6
2024-03-14,S04,新竹科學園區店,北區,C04,日用品,52,117.9,0,0,3,173,5.0
2024-03-15,S04,新竹科學園區店,北區,C04,日用品,78,97.6,1,0,4,286,5.9
2024-03-16,S04,新竹科學園區店,北區,C04,日用品,92,118.9,0,1,5,250,7.2
2024-03-17,S04,新竹科學園區店,北區,C04,日用品,66,121.5,0,1,6,195,7.5
2024-03-18,S04,新竹科學園區店,北區,C04,日用品,34,123.1,0,0,0,106,5.2
2024-03-19,S04,新竹科學園區店,北區,C04,日用品,32,128.6,0,0,1,87,4.9
2024-03-20,S04,新竹科學園區店,北區,C04,日用品,38,119.8,0,0,2,122,4.3
2024-03-21,S04,新竹科學園區店,北區,C04,日用品,40,95.1,1,0,3,133,4.6
2024-03-22,S04,新竹科學園區店,北區,C04,日用品,40,110.8,1,0,4,127,4.4
2024-03-23,S04,新竹科學園區店,北區,C04,日用品,84,119.3,0,1,5,288,8.1
2024-03-24,S04,新竹科學園區店,北區,C04,日用品,64,116.1,0,1,6,226,7.7
2024-03-25,S04,新竹科學園區店,北區,C04,日用品,45,117.2,0,0,0,143,5.4
2024-03-26,S04,新竹科學園區店,北區,C04,日用品,37,132.0,0,0,1,144,5.3
2024-03-27,S04,新竹科學園區店,北區,C04,日用品,38,126.5,0,0,2,108,5.5
2024-03-28,S04,新竹科學園區店,北區,C04,日用品,48,102.6,1,0,3,175,5.9
2024-03-29,S04,新竹科學園區店,北區,C04,日用品,66,116.0,0,0,4,179,5.6
2024-03-30,S04,新竹科學園區店,北區,C04,日用品,63,127.2,0,1,5,215,7.5
2024-03-31,S04,新竹科學園區店,北區,C04,日用品,115,110.9,1,1,6,247,8.9
2024-04-01,S04,新竹科學園區店,北區,C04,日用品,51,116.7,0,0,0,175,5.0
2024-04-02,S04,新竹科學園區店,北區,C04,日用品,41,118.6,0,0,1,125,4.8
2024-04-03,S04,新竹科學園區店,北區,C04,日用品,49,118.8,0,0,2,166,5.3
2024-04-04,S04,新竹科學園區店,北區,C04,日用品,75,115.4,0,1,3,254,7.2
2024-04-05,S04,新竹科學園區店,北區,C04,日用品,68,115.8,0,1,4,156,8.0
2024-04-06,S04,新竹科學園區店,北區,C04,日用品,115,103.6,1,1,5,190,9.0
2024-04-07,S04,新竹科學園區店,北區,C04,日用品,72,119.0,0,1,6,165,7.6
2024-04-08,S04,新竹科學園區店,北區,C04,日用品,33,117.7,0,0,0,109,5.3
2024-04-09,S04,新竹科學園區店,北區,C04,日用品,51,103.0,1,0,1,102,5.5
2024-04-10,S04,新竹科學園區店,北區,C04,日用品,51,116.3,0,0,2,106,5.5
2024-04-11,S04,新竹科學園區店,北區,C04,日用品,68,117.8,0,0,3,213,6.3
2024-04-12,S04,新竹科學園區店,北區,C04,日用品,54,124.2,0,0,4,144,5.4
2024-04-13,S04,新竹科學園區店,北區,C04,日用品,67,109.7,0,1,5,198,7.6
2024-04-14,S04,新竹科學園區店,北區,C04,日用品,90,121.4,0,1,6,299,8.1
2024-04-15,S04,新竹科學園區店,北區,C04,日用品,46,111.7,0,0,0,148,5.0
2024-04-16,S04,新竹科學園區店,北區,C04,日用品,54,115.3,0,0,1,201,6.0
2024-04-17,S04,新竹科學園區店,北區,C04,日用品,48,129.2,0,0,2,111,5.2
2024-04-18,S04,新竹科學園區店,北區,C04,日用品,68,107.5,1,0,3,127,6.0
2024-04-19,S04,新竹科學園區店,北區,C04,日用品,50,116.4,0,0,4,165,4.7
2024-04-20,S04,新竹科學園區店,北區,C04,日用品,82,120.1,0,1,5,198,7.9
2024-04-21,S04,新竹科學園區店,北區,C04,日用品,84,121.4,0,1,6,247,8.2
2024-04-22,S04,新竹科學園區店,北區,C04,日用品,70,100.2,1,0,0,141,5.9
2024-04-23,S04,新竹科學園區店,北區,C04,日用品,52,118.4,0,0,1,140,4.7
2024-04-24,S04,新竹科學園區店,北區,C04,日用品,64,102.5,1,0,2,190,5.7
2024-04-25,S04,新竹科學園區店,北區,C04,日用品,54,118.5,0,0,3,212,4.7
2024-04-26,S04,新竹科學園區店,北區,C04,日用品,54,119.6,0,0,4,183,5.1
2024-04-27,S04,新竹科學園區店,北區,C04,日用品,82,131.2,0,1,5,160,7.0
2024-04-28,S04,新竹科學園區店,北區,C04,日用品,73,118.7,0,1,6,198,7.4
2024-04-29,S04,新竹科學園區店,北區,C04,日用品,44,113.1,0,0,0,164,4.9
2024-04-30,S04,新竹科學園區店,北區,C04,日用品,52,122.4,0,0,1,183,5.3
2024-05-01,S04,新竹科學園區店,北區,C04,日用品,75,124.6,0,1,2,178,7.6
2024-05-02,S04,新竹科學園區店,北區,C04,日用品,59,112.9,0,0,3,172,6.0
2024-05-03,S04,新竹科學園區店,北區,C04,日用品,92,110.0,1,0,4,292,6.0
2024-05-04,S04,新竹科學園區店,北區,C04,日用品,125,98.7,1,1,5,354,9.8
2024-05-05,S04,新竹科學園區店,北區,C04,日用品,91,113.0,0,1,6,315,8.6
2024-05-06,S04,新竹科學園區店,北區,C04,日用品,38,114.1,0,0,0,93,4.5
2024-05-07,S04,新竹科學園區店,北區,C04,日用品,41,118.4,0,0,1,98,4.6
2024-05-08,S04,新竹科學園區店,北區,C04,日用品,39,118.0,0,0,2,120,5.2
2024-05-09,S04,新竹科學園區店,北區,C04,日用品,45,117.1,0,0,3,132,5.2
2024-05-10,S04,新竹科學園區店,北區,C04,日用品,63,126.6,0,0,4,188,6.0
2024-05-11,S04,新竹科學園區店,北區,C04,日用品,103,94.2,1,1,5,247,8.0
2024-05-12,S04,新竹科學園區店,北區,C04,日用品,74,121.2,0,1,6,184,8.4
2024-05-13,S04,新竹科學園區店,北區,C04,日用品,49,125.4,0,0,0,150,5.8
2024-05-14,S04,新竹科學園區店,北區,C04,日用品,45,115.8,0,0,1,169,4.6
2024-05-15,S04,新竹科學園區店,北區,C04,日用品,62,113.4,0,0,2,155,6.2
2024-05-16,S04,新竹科學園區店,北區,C04,日用品,44,123.9,0,0,3,95,4.1
2024-05-17,S04,新竹科學園區店,北區,C04,日用品,59,117.9,0,0,4,213,4.9
2024-05-18,S04,新竹科學園區店,北區,C04,日用品,83,125.0,0,1,5,233,8.5
2024-05-19,S04,新竹科學園區店,北區,C04,日用品,80,128.3,0,1,6,293,7.8
2024-05-20,S04,新竹科學園區店,北區,C04,日用品,44,112.4,0,0,0,112,4.9
2024-05-21,S04,新竹科學園區店,北區,C04,日用品,49,114.1,0,0,1,106,5.1
2024-05-22,S04,新竹科學園區店,北區,C04,日用品,60,123.2,0,0,2,113,5.4
2024-05-23,S04,新竹科學園區店,北區,C04,日用品,43,116.2,0,0,3,150,4.9
2024-05-24,S04,新竹科學園區店,北區,C04,日用品,70,119.4,0,0,4,166,5.8
2024-05-25,S04,新竹科學園區店,北區,C04,日用品,82,127.1,0,1,5,290,8.1
2024-05-26,S04,新竹科學園區店,北區,C04,日用品,85,118.8,0,1,6,315,8.2
2024-05-27,S04,新竹科學園區店,北區,C04,日用品,50,120.4,0,0,0,167,4.9
2024-05-28,S04,新竹科學園區店,北區,C04,日用品,64,99.1,1,0,1,182,4.6
2024-05-29,S04,新竹科學園區店,北區,C04,日用品,53,122.5,0,0,2,112,5.4
2024-05-30,S04,新竹科學園區店,北區,C04,日用品,48,128.6,0,0,3,137,5.2
2024-05-31,S04,新竹科學園區店,北區,C04,日用品,73,112.8,0,0,4,161,5.0
2024-06-01,S04,新竹科學園區店,北區,C04,日用品,84,116.3,0,1,5,250,8.7
2024-06-02,S04,新竹科學園區店,北區,C04,日用品,90,121.7,0,1,6,326,7.4
2024-06-03,S04,新竹科學園區店,北區,C04,日用品,56,123.1,0,0,0,129,5.6
2024-06-04,S04,新竹科學園區店,北區,C04,日用品,51,121.7,0,0,1,136,5.2
2024-06-05,S04,新竹科學園區店,北區,C04,日用品,59,123.0,0,0,2,150,4.9
2024-06-06,S04,新竹科學園區店,北區,C04,日用品,44,117.7,0,0,3,114,4.6
2024-06-07,S04,新竹科學園區店,北區,C04,日用品,55,128.8,0,0,4,124,5.2
2024-06-08,S04,新竹科學園區店,北區,C04,日用品,90,123.9,0,1,5,182,8.2
2024-06-09,S04,新竹科學園區店,北區,C04,日用品,86,119.8,0,1,6,163,7.9
2024-06-10,S04,新竹科學園區店,北區,C04,日用品,80,97.1,1,0,0,153,6.3
2024-06-11,S04,新竹科學園區店,北區,C04,日用品,69,125.8,0,0,1,130,7.0
2024-06-12,S04,新竹科學園區店,北區,C04,日用品,43,108.4,0,0,2,89,4.9
2024-06-13,S04,新竹科學園區店,北區,C04,日用品,55,126.0,0,0,3,210,5.8
2024-06-14,S04,新竹科學園區店,北區,C04,日用品,54,129.5,0,0,4,191,5.2
2024-06-15,S04,新竹科學園區店,北區,C04,日用品,89,124.7,0,1,5,235,8.6
2024-06-16,S04,新竹科學園區店,北區,C04,日用品,109,109.5,1,1,6,194,7.7
2024-06-17,S04,新竹科學園區店,北區,C04,日用品,51,125.8,0,0,0,120,5.5
2024-06-18,S04,新竹科學園區店,北區,C04,日用品,49,126.5,0,0,1,124,4.8
2024-06-19,S04,新竹科學園區店,北區,C04,日用品,64,119.7,0,0,2,167,5.2
2024-06-20,S04,新竹科學園區店,北區,C04,日用品,48,123.6,0,0,3,107,3.8
2024-06-21,S04,新竹科學園區店,北區,C04,日用品,73,120.8,0,0,4,215,6.3
2024-06-22,S04,新竹科學園區店,北區,C04,日用品,91,107.8,0,1,5,214,7.3
2024-06-23,S04,新竹科學園區店,北區,C04,日用品,89,120.2,0,1,6,212,7.0
2024-06-24,S04,新竹科學園區店,北區,C04,日用品,39,126.4,0,0,0,94,4.9
2024-06-25,S04,新竹科學園區店,北區,C04,日用品,88,110.0,0,0,1,214,5.3
2024-06-26,S04,新竹科學園區店,北區,C04,日用品,57,132.7,0,0,2,124,4.7
2024-06-27,S04,新竹科學園區店,北區,C04,日用品,63,102.5,1,0,3,163,6.1
2024-06-28,S04,新竹科學園區店,北區,C04,日用品,66,114.1,0,0,4,219,5.8
2024-06-29,S04,新竹科學園區店,北區,C04,日用品,89,125.9,0,1,5,205,8.0
2024-06-30,S04,新竹科學園區店,北區,C04,日用品,112,94.8,1,1,6,329,8.1
2024-07-01,S04,新竹科學園區店,北區,C04,日用品,55,126.9,0,0,0,171,4.9
2024-07-02,S04,新竹科學園區店,北區,C04,日用品,52,123.1,0,0,1,172,6.1
2024-07-03,S04,新竹科學園區店,北區,C04,日用品,59,113.1,0,0,2,219,4.8
2024-07-04,S04,新竹科學園區店,北區,C04,日用品,61,113.8,0,0,3,202,5.7
2024-07-05,S04,新竹科學園區店,北區,C04,日用品,66,126.0,0,0,4,220,5.4
2024-07-06,S04,新竹科學園區店,北區,C04,日用品,81,137.2,0,1,5,190,8.2
2024-07-07,S04,新竹科學園區店,北區,C04,日用品,82,129.1,0,1,6,302,7.7
2024-07-08,S04,新竹科學園區店,北區,C04,日用品,50,117.4,0,0,0,116,4.8
2024-07-09,S04,新竹科學園區店,北區,C04,日用品,78,104.7,1,0,1,232,6.4
2024-07-10,S04,新竹科學園區店,北區,C04,日用品,65,120.7,0,0,2,169,4.5
2024-07-11,S04,新竹科學園區店,北區,C04,日用品,60,108.2,0,0,3,199,5.7
2024-07-12,S04,新竹科學園區店,北區,C04,日用品,52,121.4,0,0,4,163,5.7
2024-07-13,S04,新竹科學園區店,北區,C04,日用品,84,113.9,0,1,5,313,8.0
2024-07-14,S04,新竹科學園區店,北區,C04,日用品,80,113.2,0,1,6,245,7.7
2024-07-15,S04,新竹科學園區店,北區,C04,日用品,55,127.7,0,0,0,187,5.9
2024-07-16,S04,新竹科學園區店,北區,C04,日用品,50,122.4,0,0,1,126,5.2
2024-07-17,S04,新竹科學園區店,北區,C04,日用品,44,105.3,0,0,2,164,4.7
2024-07-18,S04,新竹科學園區店,北區,C04,日用品,62,110.6,0,0,3,140,5.5
2024-07-19,S04,新竹科學園區店,北區,C04,日用品,60,108.4,0,0,4,138,5.5
2024-07-20,S04,新竹科學園區店,北區,C04,日用品,98,118.6,0,1,5,187,8.1
2024-07-21,S04,新竹科學園區店,北區,C04,日用品,96,117.0,0,1,6,245,8.1
2024-07-22,S04,新竹科學園區店,北區,C04,日用品,68,110.4,0,0,0,143,6.1
2024-07-23,S04,新竹科學園區店,北區,C04,日用品,67,92.8,1,0,1,128,4.8
2024-07-24,S04,新竹科學園區店,北區,C04,日用品,68,116.1,0,0,2,183,5.1
2024-07-25,S04,新竹科學園區店,北區,C04,日用品,38,127.5,0,0,3,139,5.0
2024-07-26,S04,新竹科學園區店,北區,C04,日用品,65,119.8,0,0,4,230,5.7
2024-07-27,S04,新竹科學園區店,北區,C04,日用品,77,121.6,0,1,5,240,7.7
2024-07-28,S04,新竹科學園區店,北區,C04,日用品,83,119.1,0,1,6,220,8.6
2024-07-29,S04,新竹科學園區店,北區,C04,日用品,44,111.9,0,0,0,153,5.2
2024-07-30,S04,新竹科學園區店,北區,C04,日用品,54,123.5,0,0,1,161,5.3
2024-07-31,S04,新竹科學園區店,北區,C04,日用品,45,118.9,0,0,2,136,5.6
2024-08-01,S04,新竹科學園區店,北區,C04,日用品,76,133.9,0,0,3,277,6.0
2024-08-02,S04,新竹科學園區店,北區,C04,日用品,55,130.7,0,0,4,212,5.3
2024-08-03,S04,新竹科學園區店,北區,C04,日用品,107,105.1,1,1,5,263,9.4
2024-08-04,S04,新竹科學園區店,北區,C04,日用品,93,126.2,0,1,6,258,8.5
2024-08-05,S04,新竹科學園區店,北區,C04,日用品,51,127.8,0,0,0,120,4.7
2024-08-06,S04,新竹科學園區店,北區,C04,日用品,57,118.9,0,0,1,115,5.3
2024-08-07,S04,新竹科學園區店,北區,C04,日用品,72,109.7,1,0,2,220,5.5
2024-08-08,S04,新竹科學園區店,北區,C04,日用品,46,126.6,0,0,3,118,5.9
2024-08-09,S04,新竹科學園區店,北區,C04,日用品,52,121.7,0,0,4,107,5.2
2024-08-10,S04,新竹科學園區店,北區,C04,日用品,92,123.2,0,1,5,271,8.7
2024-08-11,S04,新竹科學園區店,北區,C04,日用品,93,118.9,0,1,6,330,8.3
2024-08-12,S04,新竹科學園區店,北區,C04,日用品,40,112.4,0,0,0,97,5.8
2024-08-13,S04,新竹科學園區店,北區,C04,日用品,84,99.8,1,0,1,234,5.4
2024-08-14,S04,新竹科學園區店,北區,C04,日用品,56,115.8,0,0,2,122,4.4
2024-08-15,S04,新竹科學園區店,北區,C04,日用品,44,116.8,0,0,3,171,4.6
2024-08-16,S04,新竹科學園區店,北區,C04,日用品,58,134.7,0,0,4,117,5.4
2024-08-17,S04,新竹科學園區店,北區,C04,日用品,89,116.3,0,1,5,226,8.7
2024-08-18,S04,新竹科學園區店,北區,C04,日用品,76,125.2,0,1,6,246,8.3
2024-08-19,S04,新竹科學園區店,北區,C04,日用品,61,107.5,1,0,0,185,5.6
2024-08-20,S04,新竹科學園區店,北區,C04,日用品,46,124.2,0,0,1,125,5.0
2024-08-21,S04,新竹科學園區店,北區,C04,日用品,48,120.1,0,0,2,122,5.4
2024-08-22,S04,新竹科學園區店,北區,C04,日用品,45,117.1,0,0,3,96,5.4
2024-08-23,S04,新竹科學園區店,北區,C04,日用品,49,111.6,0,0,4,134,5.8
2024-08-24,S04,新竹科學園區店,北區,C04,日用品,66,120.3,0,1,5,198,7.4
2024-08-25,S04,新竹科學園區店,北區,C04,日用品,73,128.5,0,1,6,274,7.8
2024-08-26,S04,新竹科學園區店,北區,C04,日用品,52,96.6,1,0,0,123,5.7
2024-08-27,S04,新竹科學園區店,北區,C04,日用品,59,122.2,0,0,1,187,4.8
2024-08-28,S04,新竹科學園區店,北區,C04,日用品,41,118.4,0,0,2,123,4.6
2024-08-29,S04,新竹科學園區店,北區,C04,日用品,60,112.9,0,0,3,111,5.2
2024-08-30,S04,新竹科學園區店,北區,C04,日用品,63,128.0,0,0,4,130,5.9
2024-08-31,S04,新竹科學園區店,北區,C04,日用品,106,100.5,1,1,5,370,8.9
2024-09-01,S04,新竹科學園區店,北區,C04,日用品,86,121.2,0,1,6,287,7.4
2024-09-02,S04,新竹科學園區店,北區,C04,日用品,46,123.8,0,0,0,94,5.2
2024-09-03,S04,新竹科學園區店,北區,C04,日用品,53,127.8,0,0,1,134,5.5
2024-09-04,S04,新竹科學園區店,北區,C04,日用品,45,116.3,0,0,2,174,4.8
2024-09-05,S04,新竹科學園區店,北區,C04,日用品,54,119.9,0,0,3,135,4.9
2024-09-06,S04,新竹科學園區店,北區,C04,日用品,30,114.8,0,0,4,98,4.3
2024-09-07,S04,新竹科學園區店,北區,C04,日用品,87,115.7,0,1,5,166,8.7
2024-09-08,S04,新竹科學園區店,北區,C04,日用品,74,132.0,0,1,6,138,7.2
2024-09-09,S04,新竹科學園區店,北區,C04,日用品,50,121.2,0,0,0,146,6.0
2024-09-10,S04,新竹科學園區店,北區,C04,日用品,40,126.8,0,0,1,135,6.0
2024-09-11,S04,新竹科學園區店,北區,C04,日用品,38,118.0,0,0,2,135,5.1
2024-09-12,S04,新竹科學園區店,北區,C04,日用品,55,107.7,1,0,3,128,5.6
2024-09-13,S04,新竹科學園區店,北區,C04,日用品,64,107.0,0,0,4,190,6.1
2024-09-14,S04,新竹科學園區店,北區,C04,日用品,71,127.6,0,1,5,176,8.4
2024-09-15,S04,新竹科學園區店,北區,C04,日用品,64,116.5,0,1,6,156,7.8
2024-09-16,S04,新竹科學園區店,北區,C04,日用品,69,108.6,1,0,0,196,5.7
2024-09-17,S04,新竹科學園區店,北區,C04,日用品,40,134.6,0,0,1,129,5.2
2024-09-18,S04,新竹科學園區店,北區,C04,日用品,50,115.5,0,0,2,141,5.5
2024-09-19,S04,新竹科學園區店,北區,C04,日用品,49,122.0,0,0,3,142,6.4
2024-09-20,S04,新竹科學園區店,北區,C04,日用品,58,110.0,0,0,4,223,5.3
2024-09-21,S04,新竹科學園區店,北區,C04,日用品,74,116.5,0,1,5,190,7.6
2024-09-22,S04,新竹科學園區店,北區,C04,日用品,82,119.8,0,1,6,296,8.4
2024-09-23,S04,新竹科學園區店,北區,C04,日用品,38,116.5,0,0,0,83,5.2
2024-09-24,S04,新竹科學園區店,北區,C04,日用品,61,116.2,0,0,1,152,5.0
2024-09-25,S04,新竹科學園區店,北區,C04,日用品,35,127.9,0,0,2,140,5.2
2024-09-26,S04,新竹科學園區店,北區,C04,日用品,41,114.8,0,0,3,114,4.1
2024-09-27,S04,新竹科學園區店,北區,C04,日用品,71,100.9,1,0,4,253,6.1
2024-09-28,S04,新竹科學園區店,北區,C04,日用品,70,127.6,0,1,5,205,7.7
2024-09-29,S04,新竹科學園區店,北區,C04,日用品,81,123.3,0,1,6,273,8.2
2024-09-30,S04,新竹科學園區店,北區,C04,日用品,45,115.1,0,0,0,154,4.2
2024-10-01,S04,新竹科學園區店,北區,C04,日用品,46,111.2,0,0,1,119,4.2
2024-10-02,S04,新竹科學園區店,北區,C04,日用品,52,118.6,0,0,2,112,5.3
2024-10-03,S04,新竹科學園區店,北區,C04,日用品,56,121.8,0,0,3,139,5.9
2024-10-04,S04,新竹科學園區店,北區,C04,日用品,43,109.9,0,0,4,116,4.9
2024-10-05,S04,新竹科學園區店,北區,C04,日用品,61,117.8,0,1,5,128,8.2
2024-10-06,S04,新竹科學園區店,北區,C04,日用品,77,113.9,0,1,6,271,7.8
2024-10-07,S04,新竹科學園區店,北區,C04,日用品,44,106.3,0,0,0,91,5.3
2024-10-08,S04,新竹科學園區店,北區,C04,日用品,37,122.4,0,0,1,147,5.2
2024-10-09,S04,新竹科學園區店,北區,C04,日用品,43,120.2,0,0,2,89,5.1
2024-10-10,S04,新竹科學園區店,北區,C04,日用品,57,114.1,0,1,3,163,6.6
2024-10-11,S04,新竹科學園區店,北區,C04,日用品,48,116.5,0,0,4,156,4.4
2024-10-12,S04,新竹科學園區店,北區,C04,日用品,69,120.1,0,1,5,251,8.0
2024-10-13,S04,新竹科學園區店,北區,C04,日用品,66,122.0,0,1,6,220,7.9
2024-10-14,S04,新竹科學園區店,北區,C04,日用品,39,119.1,0,0,0,111,4.5
2024-10-15,S04,新竹科學園區店,北區,C04,日用品,43,114.3,0,0,1,131,4.7
2024-10-16,S04,新竹科學園區店,北區,C04,日用品,35,119.0,0,0,2,84,4.2
2024-10-17,S04,新竹科學園區店,北區,C04,日用品,42,119.9,0,0,3,78,5.6
2024-10-18,S04,新竹科學園區店,北區,C04,日用品,40,126.0,0,0,4,141,5.2
2024-10-19,S04,新竹科學園區店,北區,C04,日用品,81,114.0,0,1,5,290,8.7
2024-10-20,S04,新竹科學園區店,北區,C04,日用品,65,125.2,0,1,6,163,7.4
2024-10-21,S04,新竹科學園區店,北區,C04,日用品,48,118.7,0,0,0,142,4.8
2024-10-22,S04,新竹科學園區店,北區,C04,日用品,37,110.2,0,0,1,100,5.0
2024-10-23,S04,新竹科學園區店,北區,C04,日用品,55,116.5,0,0,2,141,5.4
2024-10-24,S04,新竹科學園區店,北區,C04,日用品,43,121.3,0,0,3,166,5.5
2024-10-25,S04,新竹科學園區店,北區,C04,日用品,41,115.0,0,0,4,106,4.6
2024-10-26,S04,新竹科學園區店,北區,C04,日用品,87,130.3,0,1,5,238,8.6
2024-10-27,S04,新竹科學園區店,北區,C04,日用品,87,118.4,0,1,6,150,7.7
2024-10-28,S04,新竹科學園區店,北區,C04,日用品,37,127.3,0,0,0,125,5.1
2024-10-29,S04,新竹科學園區店,北區,C04,日用品,49,118.1,0,0,1,142,5.6
2024-10-30,S04,新竹科學園區店,北區,C04,日用品,42,97.4,1,0,2,96,5.3
2024-10-31,S04,新竹科學園區店,北區,C04,日用品,55,95.2,1,0,3,127,6.1
2024-11-01,S04,新竹科學園區店,北區,C04,日用品,55,120.8,0,0,4,159,5.5
2024-11-02,S04,新竹科學園區店,北區,C04,日用品,54,125.3,0,1,5,99,7.1
2024-11-03,S04,新竹科學園區店,北區,C04,日用品,54,119.2,0,1,6,197,7.4
2024-11-04,S04,新竹科學園區店,北區,C04,日用品,40,119.6,0,0,0,147,5.0
2024-11-05,S04,新竹科學園區店,北區,C04,日用品,62,103.0,1,0,1,189,6.7
2024-11-06,S04,新竹科學園區店,北區,C04,日用品,52,112.7,1,0,2,138,5.5
2024-11-07,S04,新竹科學園區店,北區,C04,日用品,36,121.6,0,0,3,109,5.1
2024-11-08,S04,新竹科學園區店,北區,C04,日用品,47,125.3,0,0,4,145,5.4
2024-11-09,S04,新竹科學園區店,北區,C04,日用品,65,117.3,0,1,5,210,6.8
2024-11-10,S04,新竹科學園區店,北區,C04,日用品,80,103.3,1,1,6,285,7.7
2024-11-11,S04,新竹科學園區店,北區,C04,日用品,29,108.9,1,0,0,75,5.6
2024-11-12,S04,新竹科學園區店,北區,C04,日用品,45,120.0,0,0,1,157,5.6
2024-11-13,S04,新竹科學園區店,北區,C04,日用品,57,115.8,0,0,2,147,6.2
2024-11-14,S04,新竹科學園區店,北區,C04,日用品,44,107.0,0,0,3,109,4.7
2024-11-15,S04,新竹科學園區店,北區,C04,日用品,62,111.1,1,0,4,194,5.5
2024-11-16,S04,新竹科學園區店,北區,C04,日用品,63,109.7,0,1,5,174,7.0
2024-11-17,S04,新竹科學園區店,北區,C04,日用品,54,108.7,0,1,6,190,7.6
2024-11-18,S04,新竹科學園區店,北區,C04,日用品,40,120.2,0,0,0,137,4.9
2024-11-19,S04,新竹科學園區店,北區,C04,日用品,40,127.5,0,0,1,153,5.1
2024-11-20,S04,新竹科學園區店,北區,C04,日用品,40,122.2,0,0,2,143,4.7
2024-11-21,S04,新竹科學園區店,北區,C04,日用品,30,131.7,0,0,3,86,4.4
2024-11-22,S04,新竹科學園區店,北區,C04,日用品,60,122.7,0,0,4,141,5.9
2024-11-23,S04,新竹科學園區店,北區,C04,日用品,64,135.1,0,1,5,120,7.8
2024-11-24,S04,新竹科學園區店,北區,C04,日用品,71,127.5,0,1,6,133,8.0
2024-11-25,S04,新竹科學園區店,北區,C04,日用品,37,116.0,0,0,0,131,5.1
2024-11-26,S04,新竹科學園區店,北區,C04,日用品,41,110.1,0,0,1,132,5.2
2024-11-27,S04,新竹科學園區店,北區,C04,日用品,34,120.1,0,0,2,109,4.8
2024-11-28,S04,新竹科學園區店,北區,C04,日用品,39,132.5,0,0,3,98,6.3
2024-11-29,S04,新竹科學園區店,北區,C04,日用品,48,127.6,0,0,4,153,5.2
2024-11-30,S04,新竹科學園區店,北區,C04,日用品,80,102.7,1,1,5,191,7.4
2024-12-01,S04,新竹科學園區店,北區,C04,日用品,71,115.6,0,1,6,212,7.8
2024-12-02,S04,新竹科學園區店,北區,C04,日用品,52,117.6,0,0,0,152,4.8
2024-12-03,S04,新竹科學園區店,北區,C04,日用品,42,126.1,0,0,1,90,5.1
2024-12-04,S04,新竹科學園區店,北區,C04,日用品,51,98.7,1,0,2,135,4.8
2024-12-05,S04,新竹科學園區店,北區,C04,日用品,37,120.0,0,0,3,92,4.9
2024-12-06,S04,新竹科學園區店,北區,C04,日用品,39,118.6,0,0,4,114,5.4
2024-12-07,S04,新竹科學園區店,北區,C04,日用品,69,127.1,0,1,5,137,8.5
2024-12-08,S04,新竹科學園區店,北區,C04,日用品,76,128.7,0,1,6,234,7.8
2024-12-09,S04,新竹科學園區店,北區,C04,日用品,27,123.6,0,0,0,104,4.7
2024-12-10,S04,新竹科學園區店,北區,C04,日用品,50,122.5,0,0,1,182,4.9
2024-12-11,S04,新竹科學園區店,北區,C04,日用品,29,122.8,0,0,2,75,4.5
2024-12-12,S04,新竹科學園區店,北區,C04,日用品,50,114.6,0,0,3,126,4.2
2024-12-13,S04,新竹科學園區店,北區,C04,日用品,63,123.5,0,0,4,182,5.2
2024-12-14,S04,新竹科學園區店,北區,C04,日用品,93,102.7,1,1,5,268,8.6
2024-12-15,S04,新竹科學園區店,北區,C04,日用品,71,125.0,0,1,6,175,8.0
2024-12-16,S04,新竹科學園區店,北區,C04,日用品,44,120.5,0,0,0,181,4.1
2024-12-17,S04,新竹科學園區店,北區,C04,日用品,43,128.2,0,0,1,144,5.8
2024-12-18,S04,新竹科學園區店,北區,C04,日用品,46,118.8,0,0,2,121,5.3
2024-12-19,S04,新竹科學園區店,北區,C04,日用品,26,122.6,0,0,3,101,4.5
2024-12-20,S04,新竹科學園區店,北區,C04,日用品,39,130.0,0,0,4,132,4.8
2024-12-21,S04,新竹科學園區店,北區,C04,日用品,72,117.6,0,1,5,183,7.8
2024-12-22,S04,新竹科學園區店,北區,C04,日用品,80,111.0,0,1,6,262,8.2
2024-12-23,S04,新竹科學園區店,北區,C04,日用品,42,105.4,1,0,0,112,4.3
2024-12-24,S04,新竹科學園區店,北區,C04,日用品,35,122.6,0,0,1,134,4.9
2024-12-25,S04,新竹科學園區店,北區,C04,日用品,50,120.4,0,1,2,99,6.6
2024-12-26,S04,新竹科學園區店,北區,C04,日用品,50,128.6,0,0,3,183,5.5
2024-12-27,S04,新竹科學園區店,北區,C04,日用品,35,115.1,0,0,4,85,5.5
2024-12-28,S04,新竹科學園區店,北區,C04,日用品,63,110.3,0,1,5,147,7.7
2024-12-29,S04,新竹科學園區店,北區,C04,日用品,51,119.3,0,1,6,174,6.9
2024-12-30,S04,新竹科學園區店,北區,C04,日用品,39,122.0,0,0,0,89,5.7
